"Start";"Duration";"Pitch"
0.0;0.9989583333333333;64
1.5;0.9989583333333334;69
3.0;0.9989583333333334;71
4.0;0.06354166666666661;72
4.064583333333333;0.18333333333333357;71
4.25;0.2489583333333334;69
4.5;0.4989583333333334;71
5.0;0.4989583333333334;72
6.0;0.9989583333333334;74
7.5;0.9989583333333325;76
9.0;0.4989583333333325;74
9.5;0.06354166666666572;74
9.564583333333333;0.43333333333333357;72
10.0;0.4989583333333325;71
10.5;0.4989583333333325;69
