"Start";"Duration";"Pitch"
0.0;0.24895833333333334;58
0.25;0.4989583333333333;63
0.75;0.24895833333333328;63
1.0;0.4989583333333334;63
1.5;0.2489583333333334;63
1.75;0.4989583333333334;67
2.25;0.2489583333333334;65
2.5;0.7489583333333334;63
3.25;0.060416666666666785;67
3.3114583333333334;0.06041666666666634;65
3.3739583333333334;0.06041666666666634;63
3.4375;0.5614583333333334;65
4.0;0.4989583333333334;68
4.5;0.2489583333333334;67
4.75;0.4989583333333334;65
