"Start";"Duration";"Pitch"
0.0;0.49895833333333334;76
0.5;0.4989583333333333;78
1.0;0.4989583333333334;76
1.5;0.4989583333333334;74
2.0;0.9989583333333334;76
3.0;0.4989583333333334;73
3.5;0.4989583333333334;74
4.0;0.4989583333333334;73
4.5;0.4989583333333334;74
5.0;0.2489583333333334;73
5.25;0.2489583333333334;74
5.5;0.4989583333333334;76
