"Start";"Duration";"Pitch"
0.0;0.49895833333333334;73
0.5;0.24895833333333328;69
0.75;0.24895833333333328;69
1.0;0.2489583333333334;66
1.25;0.2489583333333334;68
1.5;0.7489583333333334;69
2.25;0.4989583333333334;71
2.75;0.2489583333333334;74
3.0;0.4989583333333334;74
3.5;0.2489583333333334;73
3.75;0.2489583333333334;73
4.0;0.2489583333333334;77
4.25;0.2489583333333334;78
4.5;0.7489583333333334;80
5.25;0.7489583333333334;74
