"Start";"Duration";"Pitch"
0.0;0.9989583333333333;72
1.0;0.12395833333333339;71
1.125;0.12395833333333339;72
1.25;0.12395833333333339;74
1.375;0.12395833333333339;76
1.5;0.9989583333333334;77
2.5;0.4989583333333334;76
3.0;0.9989583333333334;74
4.0;0.7489583333333334;81
4.75;0.4989583333333334;79
5.25;0.2489583333333334;78
5.5;0.16562500000000036;79
5.666666666666667;0.16562499999999947;77
5.833333333333333;0.16562500000000036;74
6.0;0.9989583333333334;72
