"Start";"Duration";"Pitch"
0.0;0.49895833333333334;76
0.5;0.7489583333333334;81
1.25;0.2489583333333334;83
1.5;0.7489583333333334;84
2.25;0.2489583333333334;86
2.5;1.2489583333333334;88
3.875;0.12395833333333339;86
4.0;0.2489583333333334;84
4.375;0.12395833333333339;83
4.5;0.2489583333333334;81
4.875;0.12395833333333339;77
5.0;0.2489583333333334;76
5.375;0.12395833333333339;74
5.5;0.2489583333333334;72
5.875;0.12395833333333339;71
6.0;0.2489583333333334;69
