"Start";"Duration";"Pitch"
0.0;0.24895833333333334;78
0.25;0.24895833333333334;76
0.5;0.24895833333333328;75
0.75;0.24895833333333328;73
1.0;0.9989583333333334;71
2.0;0.4989583333333334;72
2.5;0.4989583333333334;73
3.0;0.4989583333333334;74
3.5;0.4989583333333334;75
4.0;0.4989583333333334;76
4.5;0.4989583333333334;78
5.0;0.4989583333333334;79
5.5;0.9989583333333334;80
6.5;0.9989583333333334;78
7.5;0.4989583333333334;76
