"Start";"Duration";"Pitch"
0.0;0.49895833333333334;84
0.5;0.12395833333333328;85
0.625;0.12395833333333328;84
0.75;0.24895833333333328;84
1.0;0.2489583333333334;82
1.25;0.2489583333333334;84
1.5;0.2489583333333334;85
1.75;0.3739583333333334;84
2.125;0.12395833333333339;87
2.25;0.4989583333333334;82
