"Start";"Duration";"Pitch"
0.0;0.12395833333333334;72
0.125;0.12395833333333334;72
0.25;0.12395833333333334;70
0.375;0.12395833333333334;69
0.5;0.24895833333333328;74
1.0;0.12395833333333339;70
1.125;0.12395833333333339;70
1.25;0.12395833333333339;69
1.375;0.12395833333333339;67
1.5;0.2489583333333334;72
