"Start";"Duration";"Pitch"
0.0;0.49895833333333334;64
0.5;0.24895833333333328;65
1.5;0.3739583333333334;67
1.875;0.12395833333333339;62
2.0;0.2489583333333334;64
3.0;0.4989583333333334;64
3.5;0.2489583333333334;62
4.5;0.3739583333333334;62
4.875;0.12395833333333339;57
5.0;0.7489583333333334;60
5.75;0.2489583333333334;59
