"Start";"Duration";"Pitch"
0.0;0.49895833333333334;67
0.5;0.9989583333333334;72
1.5;0.4989583333333334;74
2.0;0.4989583333333334;75
2.5;0.7489583333333334;74
3.25;0.2489583333333334;72
3.5;0.4989583333333334;74
4.0;0.4989583333333334;67
4.5;0.06354166666666661;67
4.564583333333333;0.9333333333333336;75
5.5;0.4989583333333334;74
6.0;0.4989583333333334;72
6.5;0.2489583333333334;71
6.75;0.2489583333333334;72
7.0;0.2489583333333334;74
7.25;0.2489583333333334;71
7.5;0.4989583333333334;67
