"Start";"Duration";"Pitch"
0.0;0.49895833333333334;74
0.5;0.24895833333333328;74
0.75;0.24895833333333328;74
1.0;0.4989583333333334;74
1.5;0.4364583333333334;70
1.9375;0.06145833333333339;72
2.0;0.4364583333333334;74
2.4375;0.06145833333333339;75
2.5;0.2489583333333334;77
2.75;0.2489583333333334;77
3.0;0.1645833333333333;76
3.165625;0.1645833333333333;77
3.33125;0.1645833333333333;79
3.5;0.4989583333333334;77
