"Start";"Duration";"Pitch"
0.0;0.49895833333333334;56
0.5;0.4989583333333333;58
1.0;0.7489583333333334;56
1.75;0.2489583333333334;58
2.0;0.4989583333333334;56
2.5;0.4989583333333334;56
3.0;0.9989583333333334;56
4.0;0.4989583333333334;61
4.5;0.4989583333333334;61
5.0;0.7489583333333334;61
5.75;0.2489583333333334;61
6.0;0.4989583333333334;61
6.5;0.4989583333333334;60
7.0;0.7489583333333334;61
