"Start";"Duration";"Pitch"
0.0;0.49895833333333334;74
0.5;0.06145833333333328;77
0.5625;0.06145833333333328;76
0.625;0.06145833333333328;74
0.6875;0.06145833333333328;76
0.75;0.24895833333333328;78
1.0;0.2489583333333334;79
1.25;0.2489583333333334;81
1.5;0.2489583333333334;82
1.75;0.2489583333333334;74
2.0;0.06354166666666661;76
2.064583333333333;0.18333333333333357;74
2.25;0.2489583333333334;73
2.5;0.2489583333333334;73
2.75;0.2489583333333334;73
3.0;0.9989583333333334;73
