"Start";"Duration";"Pitch"
0.0;0.49895833333333334;67
0.5;0.4989583333333333;65
1.0;0.7489583333333334;63
1.75;0.1864583333333334;63
1.9375;0.06145833333333339;68
2.0;0.2489583333333334;67
2.25;0.1864583333333334;67
2.4375;0.06145833333333339;73
2.5;0.2489583333333334;72
2.75;0.1864583333333334;72
2.9375;0.06145833333333339;74
3.0;0.3739583333333334;75
3.375;0.12395833333333339;72
3.5;0.2489583333333334;71
