"Start";"Duration";"Pitch"
0.0;0.49895833333333334;62
0.5;0.4989583333333333;61
1.0;0.4989583333333334;59
1.5;0.4989583333333334;57
2.0;0.4989583333333334;61
2.5;0.4989583333333334;62
3.0;0.4989583333333334;66
3.5;0.4989583333333334;69
4.0;0.4989583333333334;73
4.5;0.4989583333333334;74
5.0;0.4989583333333334;76
5.5;0.4989583333333334;78
6.0;0.4989583333333334;79
6.5;0.7489583333333334;81
