"Start";"Duration";"Pitch"
0.0;0.06145833333333333;63
0.0625;0.43645833333333334;54
0.5;0.06145833333333328;75
0.5625;0.9364583333333334;75
1.5;0.06145833333333339;72
1.5625;0.3739583333333334;72
1.9375;0.06145833333333339;71
2.0;0.06145833333333339;72
2.0625;0.2489583333333334;71
2.5625;0.2489583333333334;72
3.0625;0.039583333333333304;62
3.103125;0.039583333333333304;67
3.1447916666666664;0.03958333333333375;71
3.1875;0.12395833333333339;74
