"Start";"Duration";"Pitch"
0.0;0.24895833333333334;60
0.25;0.24895833333333334;59
0.5;0.24895833333333328;57
0.75;0.4989583333333334;55
1.25;0.12395833333333339;57
1.375;0.12395833333333339;59
1.5;0.12395833333333339;60
1.625;0.12395833333333339;62
1.75;0.12395833333333339;64
1.875;0.12395833333333339;60
2.0;0.12395833333333339;67
2.125;0.12395833333333339;67
2.25;0.2489583333333334;67
2.5;0.2489583333333334;65
2.75;0.2489583333333334;62
