"Start";"Duration";"Pitch"
0.0;0.7489583333333333;72
0.75;0.24895833333333328;73
1.0;0.2489583333333334;68
1.75;0.2489583333333334;70
2.0;0.3739583333333334;71
2.375;0.12395833333333339;70
2.5;0.2489583333333334;68
2.75;0.2489583333333334;66
3.0;0.4989583333333334;65
