"Start";"Duration";"Pitch"
0.0;0.12395833333333334;69
0.125;0.12395833333333334;70
0.25;0.4989583333333333;72
1.125;0.12395833333333339;72
1.25;0.4989583333333334;72
1.75;0.2489583333333334;74
2.25;0.2489583333333334;72
3.25;0.2489583333333334;70
3.75;0.2489583333333334;69
4.75;0.2489583333333334;67
5.25;0.2489583333333334;65
