"Start";"Duration";"Pitch"
0.0;0.49895833333333334;55
0.5;1.2489583333333334;60
1.75;0.039583333333333304;62
1.790625;0.039583333333333304;60
1.8322916666666667;0.039583333333333304;59
1.875;0.12395833333333339;60
2.0;0.2489583333333334;63
2.25;0.2489583333333334;62
2.5;0.9989583333333334;62
3.5;0.4989583333333334;60
4.0;0.4989583333333334;60
4.5;0.9989583333333334;65
