"Start";"Duration";"Pitch"
0.0;0.9989583333333333;47
1.0;0.9989583333333334;51
2.0;0.9989583333333334;56
3.0;0.9989583333333334;52
4.0;0.9989583333333334;49
5.0;0.9989583333333334;58
6.0;0.4989583333333334;59
6.5;0.2489583333333334;58
6.75;0.2489583333333334;56
7.0;0.4989583333333334;54
7.5;0.4989583333333334;52
8.0;0.2489583333333325;51
