"Start";"Duration";"Pitch"
0.5;0.24895833333333328;64
0.75;0.24895833333333328;69
1.0;0.2489583333333334;71
1.25;0.2489583333333334;72
1.5;0.2489583333333334;71
1.75;0.2489583333333334;69
2.0;0.2489583333333334;68
2.25;0.2489583333333334;65
2.5;0.2489583333333334;64
2.75;0.2489583333333334;62
3.0;0.2489583333333334;60
3.25;0.2489583333333334;59
3.5;0.2489583333333334;57
3.75;1.7489583333333334;64
5.5;0.2489583333333334;66
5.75;0.2489583333333334;68
6.0;0.4989583333333334;69
