"Start";"Duration";"Pitch"
0.5;0.4989583333333333;60
1.0;0.4989583333333334;61
1.5;0.4989583333333334;60
2.0;0.4989583333333334;59
2.5;0.4989583333333334;64
3.0;0.4989583333333334;65
3.5;0.4989583333333334;58
4.0;0.4989583333333334;57
4.5;0.4989583333333334;56
5.0;0.9989583333333334;55
6.0;0.2489583333333334;53
6.25;0.12395833333333339;53
6.375;0.12395833333333339;55
6.5;0.2489583333333334;56
6.75;0.12395833333333339;56
6.875;0.12395833333333339;58
7.0;0.12395833333333339;60
