"Start";"Duration";"Pitch"
0.0;0.49895833333333334;67
0.5;0.9989583333333334;80
1.5;0.4989583333333334;68
2.0;0.9989583333333334;82
3.0;0.4989583333333334;70
3.5;0.7489583333333334;72
4.25;0.2489583333333334;70
4.5;0.2489583333333334;68
4.75;0.2489583333333334;67
5.0;0.2489583333333334;65
5.25;0.12395833333333339;68
5.375;0.12395833333333339;67
5.5;0.2489583333333334;65
