"Start";"Duration";"Pitch"
0.0;1.9989583333333334;52
2.0;0.9989583333333334;54
3.0;0.9989583333333334;57
4.0;0.9989583333333334;56
5.0;0.9989583333333334;54
6.0;0.4989583333333334;52
6.5;0.2489583333333334;51
6.75;0.2489583333333334;49
7.0;0.4989583333333334;51
7.5;0.4989583333333334;47
8.0;0.4989583333333325;52
8.5;0.4989583333333325;54
9.0;0.4989583333333325;56
9.5;0.4989583333333325;58
10.0;0.2489583333333325;59
10.25;0.2489583333333325;54
10.5;0.9989583333333325;59
