"Start";"Duration";"Pitch"
0.0;0.7489583333333333;55
0.75;0.24895833333333328;52
1.0;0.9989583333333334;56
