"Start";"Duration";"Pitch"
1.0;0.4989583333333334;77
1.5;0.4989583333333334;76
2.0;0.4989583333333334;77
3.0;0.4989583333333334;84
3.5;0.4989583333333334;84
4.0;0.4989583333333334;84
5.0;0.4989583333333334;77
5.5;0.4989583333333334;76
6.0;0.4989583333333334;77
7.0;0.4989583333333334;84
7.5;0.4989583333333334;84
8.0;0.4989583333333325;84
9.0;0.4989583333333325;75
9.5;0.4989583333333325;75
10.0;0.4989583333333325;75
10.5;0.4989583333333325;80
