"Start";"Duration";"Pitch"
0.0;2.9989583333333334;71
3.0;0.4989583333333334;73
3.5;0.4989583333333334;75
4.0;0.9989583333333334;76
5.0;0.4989583333333334;78
5.5;0.4989583333333334;80
6.0;0.4989583333333334;83
6.5;0.4989583333333334;81
7.0;0.9989583333333334;81
8.0;0.9989583333333325;81
9.0;0.9989583333333325;80
10.0;3.9989583333333325;79
