"Start";"Duration";"Pitch"
0.0;2.9989583333333334;69
3.0;0.7489583333333334;74
3.75;0.7489583333333334;76
4.5;1.2489583333333334;77
5.75;0.12395833333333339;76
5.875;0.12395833333333339;74
6.0;0.12395833333333339;74
6.125;0.06145833333333339;76
6.1875;0.06145833333333339;74
6.25;0.12395833333333339;73
6.375;0.12395833333333339;74
6.5;0.12395833333333339;77
6.625;0.12395833333333339;76
6.75;0.7489583333333334;74
7.5;0.4989583333333334;73
