"Start";"Duration";"Pitch"
0.0;0.12395833333333334;65
0.125;0.12395833333333334;67
0.25;0.12395833333333334;68
0.375;0.12395833333333334;67
0.5;0.24895833333333328;65
0.75;0.24895833333333328;63
1.0;0.2489583333333334;61
1.25;0.2489583333333334;60
1.5;0.2489583333333334;62
1.75;0.2489583333333334;64
2.0;0.4989583333333334;65
