"Start";"Duration";"Pitch"
0.0;0.24895833333333334;87
0.25;0.24895833333333334;88
0.75;0.24895833333333328;84
1.0;0.2489583333333334;85
1.5;0.2489583333333334;80
1.75;0.2489583333333334;81
2.25;0.2489583333333334;75
2.5;0.2489583333333334;76
3.0;0.2489583333333334;63
3.25;0.2489583333333334;64
3.75;0.2489583333333334;60
4.0;0.2489583333333334;61
4.5;0.2489583333333334;56
4.75;0.2489583333333334;57
