"Start";"Duration";"Pitch"
0.0;0.12395833333333334;59
0.125;0.12395833333333334;60
0.25;0.24895833333333334;62
0.5;0.12395833333333328;64
0.625;0.12395833333333328;66
0.75;0.24895833333333328;67
1.0;0.12395833333333339;69
1.125;0.12395833333333339;71
1.25;0.2489583333333334;72
1.5;0.2489583333333334;73
1.75;0.4989583333333334;74
2.25;0.12395833333333339;76
2.375;0.12395833333333339;73
2.5;0.2489583333333334;74
