"Start";"Duration";"Pitch"
0.0;0.49895833333333334;60
0.5;0.4989583333333333;69
1.5;0.7489583333333334;69
2.25;0.2489583333333334;69
2.5;1.7489583333333334;69
4.25;0.2489583333333334;69
4.5;0.4989583333333334;72
5.0;0.24791666666666679;70
5.25;0.2489583333333334;69
5.5;0.4989583333333334;72
6.0;0.24791666666666679;70
6.25;0.2489583333333334;69
6.5;1.7489583333333325;67
