"Start";"Duration";"Pitch"
0.0;0.37395833333333334;58
0.375;0.12395833333333334;62
0.5;0.24895833333333328;65
0.75;0.12395833333333328;63
0.875;0.12395833333333328;62
1.0;0.12395833333333339;60
1.125;0.12395833333333339;58
1.25;0.2489583333333334;82
1.5;0.2489583333333334;82
1.75;0.2489583333333334;81
2.0;0.2489583333333334;79
2.25;0.2489583333333334;79
2.5;0.2489583333333334;77
