"Start";"Duration";"Pitch"
0.0;0.7489583333333333;72
0.75;0.24895833333333328;68
1.0;0.3739583333333334;68
1.375;0.12395833333333339;68
1.5;0.4989583333333334;73
2.0;0.9989583333333334;70
3.0;0.7489583333333334;75
3.75;0.2489583333333334;73
4.0;0.2489583333333334;75
4.25;0.2489583333333334;77
4.5;0.3739583333333334;75
4.875;0.12395833333333339;74
5.0;0.3114583333333334;73
5.3125;0.06145833333333339;72
5.375;0.06145833333333339;73
5.4375;0.06145833333333339;75
