"Start";"Duration";"Pitch"
0.0;0.49895833333333334;70
0.5;0.4989583333333333;70
1.0;0.9989583333333334;67
2.0;0.4989583333333334;65
2.5;0.4989583333333334;65
3.0;0.9989583333333334;70
4.0;0.4989583333333334;70
4.5;0.4989583333333334;70
5.0;0.9989583333333334;67
6.0;0.2489583333333334;65
6.25;0.4989583333333334;70
6.75;0.2489583333333334;70
7.0;0.4989583333333334;63
