"Start";"Duration";"Pitch"
0.0;0.49895833333333334;81
0.5;0.24895833333333328;79
0.75;0.24895833333333328;78
1.0;0.2489583333333334;76
1.25;0.2489583333333334;78
1.5;0.2489583333333334;74
1.75;0.2489583333333334;71
2.0;0.2489583333333334;76
2.25;0.2489583333333334;73
2.5;0.2489583333333334;74
