"Start";"Duration";"Pitch"
0.0;0.49895833333333334;62
0.5;0.4989583333333333;69
1.0;0.2489583333333334;67
1.25;0.1864583333333334;65
1.4375;0.06145833333333339;64
1.5;0.2489583333333334;62
1.75;0.2489583333333334;74
2.0;0.2489583333333334;74
2.25;0.2489583333333334;74
2.5;0.2489583333333334;74
2.75;0.2489583333333334;74
3.0;0.4989583333333334;74
3.5;0.2489583333333334;73
