"Start";"Duration";"Pitch"
0.0;0.37395833333333334;58
0.375;0.12395833333333334;63
0.5;0.9989583333333334;63
1.5;0.3739583333333334;67
1.875;0.12395833333333339;63
2.0;0.4989583333333334;63
2.5;0.7489583333333334;62
3.25;0.2489583333333334;63
3.5;0.7489583333333334;65
4.25;0.2489583333333334;67
4.5;0.2489583333333334;68
4.75;0.2489583333333334;70
5.0;0.4989583333333334;68
5.5;0.4989583333333334;67
