"Start";"Duration";"Pitch"
0.0;0.24895833333333334;64
0.5;0.24895833333333328;59
1.0;0.2489583333333334;64
1.25;0.2489583333333334;66
1.5;0.2489583333333334;68
2.0;0.2489583333333334;68
2.5;0.2489583333333334;68
2.75;0.2489583333333334;71
3.0;0.2489583333333334;69
3.5;0.2489583333333334;68
4.0;0.2489583333333334;66
4.5;0.2489583333333334;64
5.0;0.2489583333333334;66
5.5;0.9989583333333334;68
6.5;0.4989583333333334;64
