"Start";"Duration";"Pitch"
0.0;0.8739583333333333;79
0.875;0.12395833333333328;78
1.0;0.12395833333333339;76
1.125;0.12395833333333339;74
1.25;0.12395833333333339;75
1.375;0.12395833333333339;76
1.5;0.12395833333333339;71
1.625;0.12395833333333339;74
1.75;0.12395833333333339;72
1.875;0.12395833333333339;71
2.0;0.12395833333333339;69
2.125;0.4989583333333334;67
3.0;0.4989583333333334;67
3.5;0.4989583333333334;71
4.0;0.3739583333333334;67
