"Start";"Duration";"Pitch"
0.0;0.24895833333333334;68
0.25;0.24895833333333334;70
0.5;0.9989583333333334;72
1.5;0.4989583333333334;74
2.0;1.9989583333333334;75
4.0;0.4989583333333334;77
4.5;0.4989583333333334;74
5.0;0.4989583333333334;75
6.0;0.2489583333333334;73
6.25;0.2489583333333334;75
6.5;0.9989583333333334;77
7.5;0.4989583333333334;79
8.0;1.9989583333333325;80
10.0;0.4989583333333325;82
10.5;0.4989583333333325;79
11.0;0.4989583333333325;80
