"Start";"Duration";"Pitch"
0.0;0.9989583333333333;45
1.0;0.9989583333333334;52
2.0;1.4989583333333334;54
3.5;0.4989583333333334;49
4.0;0.4989583333333334;52
4.5;0.4989583333333334;50
5.0;0.4989583333333334;49
5.5;0.2489583333333334;50
5.75;0.2489583333333334;47
6.0;0.9989583333333334;45
7.0;0.4989583333333334;44
7.5;0.4989583333333334;40
8.0;0.4989583333333325;45
8.5;0.4989583333333325;42
9.0;0.4989583333333325;37
9.5;0.4989583333333325;39
10.0;1.9989583333333325;40
