"Start";"Duration";"Pitch"
0.0;0.49895833333333334;70
0.5;0.4989583333333333;70
1.0;0.9989583333333334;70
2.0;0.06354166666666661;70
2.064583333333333;0.43333333333333357;75
2.5;0.4989583333333334;70
3.0;0.9989583333333334;70
4.0;0.06354166666666661;70
4.064583333333333;0.43333333333333357;75
4.5;0.4989583333333334;70
5.0;0.4989583333333334;70
5.5;0.4989583333333334;68
6.0;0.9989583333333334;66
7.0;0.9989583333333334;66
