"Start";"Duration";"Pitch"
0.0;0.49895833333333334;68
0.5;0.24895833333333328;69
0.75;0.4989583333333334;71
1.25;0.2489583333333334;73
1.5;0.4989583333333334;76
2.0;0.2489583333333334;74
2.25;0.4989583333333334;71
2.75;0.2489583333333334;69
3.0;0.4989583333333334;81
3.5;0.2489583333333334;80
3.75;0.4989583333333334;78
4.25;0.2489583333333334;76
4.5;0.4989583333333334;78
5.0;0.4989583333333334;76
5.5;0.2489583333333334;73
5.75;0.2489583333333334;71
