"Start";"Duration";"Pitch"
0.0;0.18645833333333334;67
0.1875;0.06145833333333334;66
0.25;0.7489583333333333;69
1.0;0.1864583333333334;67
1.1875;0.06145833333333339;66
1.25;0.4989583333333334;69
1.75;0.1864583333333334;69
1.9375;0.06145833333333339;75
2.0;0.2489583333333334;75
2.25;0.1864583333333334;74
2.4375;0.06145833333333339;67
2.5;0.2489583333333334;67
2.75;0.1864583333333334;66
2.9375;0.06145833333333339;69
3.0;0.12395833333333339;69
3.125;0.6239583333333334;71
