"Start";"Duration";"Pitch"
0.0;0.24895833333333334;66
0.25;0.4989583333333333;75
0.75;0.24895833333333328;73
1.0;0.2489583333333334;71
1.25;0.4989583333333334;75
1.75;0.2489583333333334;71
2.0;0.2489583333333334;70
2.25;0.4989583333333334;78
2.75;0.4989583333333334;78
3.25;0.12395833333333339;80
3.375;0.12395833333333339;78
3.5;0.12395833333333339;76
3.625;0.12395833333333339;75
3.75;0.12395833333333339;76
3.875;0.12395833333333339;73
