"Start";"Duration";"Pitch"
0.0;0.24895833333333334;82
0.25;0.4989583333333333;82
0.75;0.24895833333333328;80
1.0;0.4989583333333334;77
1.5;0.2489583333333334;74
1.75;0.4989583333333334;75
3.0;0.2489583333333334;70
3.25;0.4989583333333334;70
3.75;0.2489583333333334;68
4.0;0.4989583333333334;65
4.5;0.2489583333333334;62
4.75;0.4989583333333334;63
