"Start";"Duration";"Pitch"
0.0;0.37395833333333334;70
0.375;0.12395833333333334;68
0.5;0.24895833333333328;67
1.0;0.3739583333333334;75
1.375;0.12395833333333339;74
1.5;0.2489583333333334;72
2.0;0.3739583333333334;72
2.375;0.12395833333333339;70
2.5;0.2489583333333334;68
3.0;0.3739583333333334;68
3.375;0.12395833333333339;67
3.5;0.2489583333333334;65
