"Start";"Duration";"Pitch"
0.0;0.49895833333333334;85
0.5;0.9989583333333334;84
1.5;0.9989583333333334;81
2.5;1.4989583333333334;80
4.0;0.4989583333333334;85
4.5;0.4989583333333334;84
5.0;0.4989583333333334;85
5.5;0.4989583333333334;87
6.0;0.4989583333333334;88
6.5;0.4989583333333334;87
