"Start";"Duration";"Pitch"
0.0;0.12395833333333334;64
0.125;0.12395833333333334;66
0.25;0.4989583333333333;68
0.75;0.24895833333333328;71
1.0;0.2489583333333334;69
1.25;0.2489583333333334;68
1.5;0.2489583333333334;66
1.75;0.2489583333333334;66
2.0;0.2489583333333334;68
2.25;0.2489583333333334;69
2.5;0.2489583333333334;73
2.75;0.2489583333333334;71
3.0;0.2489583333333334;66
3.25;0.9989583333333334;68
