"Start";"Duration";"Pitch"
0.0;0.9989583333333333;60
1.0;0.4989583333333334;72
1.5;0.4989583333333334;72
2.0;0.4989583333333334;72
3.125;0.12395833333333339;60
3.25;0.12395833333333339;62
3.375;0.12395833333333339;64
3.5;0.12395833333333339;65
3.625;0.12395833333333339;67
3.75;0.12395833333333339;69
3.875;0.12395833333333339;71
4.0;0.4989583333333334;72
4.5;0.4989583333333334;74
5.0;0.4989583333333334;76
5.5;0.4989583333333334;77
6.0;0.4989583333333334;76
6.5;0.4989583333333334;74
