"Start";"Duration";"Pitch"
0.0;0.24895833333333334;76
0.25;0.24895833333333334;75
0.5;0.24895833333333328;76
0.75;0.24895833333333328;79
1.0;0.2489583333333334;76
1.25;0.3739583333333334;76
1.625;0.06145833333333339;78
1.6875;0.06145833333333339;76
1.75;0.9989583333333334;75
2.75;0.4989583333333334;74
3.25;0.7489583333333334;74
