"Start";"Duration";"Pitch"
0.5;0.4989583333333333;66
1.0;0.4989583333333334;73
2.25;0.12395833333333339;66
2.375;0.12395833333333339;68
2.5;0.2489583333333334;70
2.75;0.2489583333333334;71
3.0;0.4989583333333334;73
3.25;0.12395833333333339;61
3.375;0.12395833333333339;62
3.5;0.2489583333333334;64
3.75;0.2489583333333334;66
4.0;0.4989583333333334;67
