"Start";"Duration";"Pitch"
0.0;0.24895833333333334;72
0.25;0.18645833333333334;75
0.4375;0.06145833333333334;73
0.5;0.24895833333333328;65
0.75;0.24895833333333328;64
1.0;0.2489583333333334;65
1.25;0.1864583333333334;72
1.4375;0.06145833333333339;67
1.5;0.2489583333333334;70
1.75;0.12395833333333339;68
2.0;0.4364583333333334;72
2.4375;0.06145833333333339;77
2.5;0.2489583333333334;77
2.75;0.12395833333333339;76
2.875;0.12395833333333339;77
3.0;0.12395833333333339;79
