"Start";"Duration";"Pitch"
0.0;0.37395833333333334;74
0.375;0.12395833333333334;77
0.5;0.4989583333333333;77
1.0;0.2489583333333334;74
1.5;0.3739583333333334;70
1.875;0.12395833333333339;74
2.0;0.4989583333333334;74
2.5;0.2489583333333334;70
3.0;0.3739583333333334;67
3.375;0.12395833333333339;70
3.5;0.4989583333333334;70
4.0;0.2489583333333334;67
4.5;0.3739583333333334;67
4.875;0.12395833333333339;69
5.0;0.4989583333333334;69
5.5;0.2489583333333334;70
