"Start";"Duration";"Pitch"
0.0;0.49895833333333334;55
0.5;0.9989583333333334;60
1.5;0.4989583333333334;59
2.0;0.4989583333333334;60
2.5;0.9989583333333334;57
3.5;0.4989583333333334;55
4.0;0.4989583333333334;60
4.5;0.4989583333333334;62
5.0;0.2489583333333334;64
5.25;0.2489583333333334;62
5.5;0.4989583333333334;64
6.0;0.4989583333333334;60
6.5;0.9989583333333334;62
7.5;0.4989583333333334;62
