"Start";"Duration";"Pitch"
0.0;0.9989583333333333;75
1.0;0.33229166666666665;76
1.3333333333333333;0.33229166666666665;77
1.6666666666666667;0.33229166666666665;78
2.0;0.4989583333333334;78
2.5;0.9989583333333334;76
3.5;0.4989583333333334;75
4.0;0.9989583333333334;72
5.0;0.33229166666666643;73
5.333333333333333;0.3322916666666673;75
5.666666666666667;0.33229166666666643;76
6.0;0.9989583333333334;70
7.0;0.9989583333333334;71
