"Start";"Duration";"Pitch"
0.0;0.7489583333333333;84
0.75;0.7489583333333334;82
1.5;0.7489583333333334;81
2.25;0.4989583333333334;80
2.75;0.2489583333333334;79
3.0;0.7489583333333334;77
3.75;0.7489583333333334;87
4.5;0.7489583333333334;86
5.25;0.2489583333333334;86
5.5;0.2489583333333334;87
5.75;0.2489583333333334;89
6.0;0.7489583333333334;86
6.75;0.2489583333333334;86
7.0;0.2489583333333334;87
7.25;0.2489583333333334;89
7.5;0.7489583333333325;91
