"Start";"Duration";"Pitch"
0.0;2.9989583333333334;74
3.0;0.9989583333333334;76
4.0;1.4989583333333334;78
5.5;0.2489583333333334;79
5.75;0.2489583333333334;81
6.0;0.4989583333333334;79
6.5;0.4989583333333334;79
7.0;0.4989583333333334;78
7.5;0.4989583333333334;78
8.0;0.9989583333333325;76
9.0;1.9989583333333325;74
