"Start";"Duration";"Pitch"
0.0;0.7489583333333333;66
0.75;0.12395833333333328;66
0.875;0.12395833333333328;70
1.0;0.33229166666666665;73
1.3333333333333333;0.33229166666666665;70
1.6666666666666667;0.33229166666666665;74
2.0;0.7489583333333334;73
2.75;0.2489583333333334;70
3.0;0.4989583333333334;66
3.5;0.4989583333333334;78
4.0;0.7489583333333334;74
4.75;0.2489583333333334;73
5.0;0.4989583333333334;73
