"Start";"Duration";"Pitch"
0.0;0.49895833333333334;72
0.5;0.9989583333333334;79
1.5;0.4989583333333334;78
2.0;0.4989583333333334;79
2.5;1.4989583333333334;75
4.0;0.4989583333333334;74
