"Start";"Duration";"Pitch"
0.0;0.49895833333333334;77
0.5;0.4989583333333333;72
1.5;0.7489583333333334;69
2.25;0.2489583333333334;67
2.5;0.9989583333333334;65
3.5;0.4989583333333334;60
4.5;0.4989583333333334;80
5.0;0.4989583333333334;79
5.5;0.9989583333333334;77
6.5;0.4989583333333334;73
7.5;0.7489583333333325;68
8.25;0.2489583333333325;67
8.5;0.9989583333333325;65
9.5;0.4989583333333325;59
10.5;0.4989583333333325;76
11.0;0.4989583333333325;74
