"Start";"Duration";"Pitch"
0.0;0.37395833333333334;55
0.375;0.12395833333333334;62
0.5;0.24895833333333328;62
1.0;0.3739583333333334;55
1.375;0.12395833333333339;62
1.5;0.2489583333333334;62
2.0;0.2489583333333334;55
2.25;0.2489583333333334;62
2.5;0.2489583333333334;60
2.75;0.2489583333333334;63
3.0;0.7489583333333334;62
