"Start";"Duration";"Pitch"
0.25;0.24895833333333334;69
0.5;0.24895833333333328;70
0.75;0.24895833333333328;74
1.0;0.2489583333333334;72
1.25;0.12395833333333339;70
1.375;0.12395833333333339;69
1.5;0.2489583333333334;67
1.75;0.2489583333333334;60
2.0;0.2489583333333334;65
2.25;0.2489583333333334;67
2.5;0.2489583333333334;69
2.75;0.12395833333333339;70
2.875;0.12395833333333339;69
3.0;0.9989583333333334;67
