"Start";"Duration";"Pitch"
0.0;0.49895833333333334;79
0.5;0.4989583333333333;75
1.0;0.4989583333333334;76
1.5;0.7489583333333334;69
2.25;0.2489583333333334;71
2.5;0.2489583333333334;72
2.75;0.2489583333333334;76
3.0;0.4989583333333334;74
3.5;0.4989583333333334;70
4.0;0.4989583333333334;71
4.5;0.7489583333333334;64
5.25;0.2489583333333334;66
5.5;0.2489583333333334;67
5.75;0.2489583333333334;71
