"Start";"Duration";"Pitch"
0.0;0.06041666666666667;62
0.06145833333333333;0.06041666666666667;60
0.12395833333333334;0.060416666666666674;58
0.1875;1.3114583333333334;60
1.5;0.9989583333333334;63
2.5;0.4989583333333334;60
3.0;0.7489583333333334;59
3.75;0.2489583333333334;62
4.0;0.4989583333333334;67
4.5;0.4989583333333334;67
6.0;0.7489583333333334;60
6.75;0.2489583333333334;63
7.0;0.4989583333333334;68
7.5;0.4989583333333334;68
