"Start";"Duration";"Pitch"
0.25;0.24895833333333334;67
0.5;0.24895833333333328;67
0.75;0.24895833333333328;67
1.0;0.9989583333333334;63
2.25;0.2489583333333334;65
2.5;0.2489583333333334;65
2.75;0.2489583333333334;65
3.0;1.9989583333333334;62
