"Start";"Duration";"Pitch"
0.0;0.7489583333333333;74
0.75;0.24895833333333328;73
1.0;0.2489583333333334;79
1.25;0.2489583333333334;76
1.5;0.2489583333333334;74
1.75;0.2489583333333334;77
2.0;0.7489583333333334;74
2.75;0.2489583333333334;73
3.0;0.4989583333333334;72
3.75;0.2489583333333334;65
4.0;0.7489583333333334;70
4.75;0.2489583333333334;69
5.0;0.7489583333333334;69
5.75;0.2489583333333334;67
6.0;0.7489583333333334;70
6.75;0.2489583333333334;69
