"Start";"Duration";"Pitch"
0.0;2.9989583333333334;65
3.0;0.4989583333333334;70
3.5;1.9989583333333334;69
5.5;0.4989583333333334;67
6.0;0.4989583333333334;65
6.5;2.4989583333333325;64
9.0;0.4989583333333325;72
9.5;1.9989583333333325;70
11.5;0.4989583333333325;69
12.0;0.4989583333333325;67
12.5;0.9989583333333325;66
13.5;0.4989583333333325;69
14.0;2.9989583333333343;78
17.0;1.4989583333333343;77
