"Start";"Duration";"Pitch"
0.0;0.37395833333333334;77
0.375;0.12395833333333334;74
0.5;0.12395833333333328;71
0.625;0.12395833333333328;72
0.75;0.12395833333333328;74
0.875;0.12395833333333328;71
1.0;0.12395833333333339;67
1.125;0.12395833333333339;68
1.25;0.12395833333333339;65
1.375;0.12395833333333339;62
1.5;0.2489583333333334;60
