"Start";"Duration";"Pitch"
0.0;0.24895833333333334;68
0.25;0.4989583333333333;75
0.75;0.24895833333333328;73
1.0;0.4989583333333334;70
1.5;0.2489583333333334;71
1.75;0.4989583333333334;78
2.25;0.2489583333333334;76
2.5;0.4989583333333334;74
3.0;0.2489583333333334;75
3.25;0.2489583333333334;82
3.5;0.2489583333333334;80
3.75;0.2489583333333334;78
4.0;0.2489583333333334;77
4.25;0.2489583333333334;76
4.5;0.2489583333333334;75
