"Start";"Duration";"Pitch"
0.25;0.3739583333333333;81
0.625;0.12395833333333328;79
0.75;0.4989583333333334;79
1.25;0.4989583333333334;77
1.75;0.3739583333333334;76
2.125;0.12395833333333339;74
2.25;0.4989583333333334;74
2.75;0.4989583333333334;73
3.25;0.3739583333333334;74
3.625;0.12395833333333339;76
3.75;0.4989583333333334;70
4.25;0.4989583333333334;70
4.75;0.2489583333333334;72
5.0;0.2489583333333334;70
5.25;0.7489583333333334;69
