"Start";"Duration";"Pitch"
0.0;0.49895833333333334;81
0.5;0.9989583333333334;84
1.5;0.4989583333333334;81
2.0;0.9989583333333334;77
3.0;0.2489583333333334;76
3.25;0.2489583333333334;77
3.5;0.9989583333333334;79
4.5;0.4989583333333334;77
5.0;0.4989583333333334;79
5.5;0.4989583333333334;81
6.0;0.4989583333333334;79
6.5;0.4989583333333334;77
7.0;0.4989583333333334;79
7.5;0.4989583333333334;81
8.0;0.4989583333333325;82
8.5;0.4989583333333325;81
9.0;0.4989583333333325;82
9.5;1.9989583333333325;84
