"Start";"Duration";"Pitch"
0.0;0.24895833333333334;46
0.25;0.24895833333333334;48
0.5;0.4989583333333333;50
1.0;0.4989583333333334;50
1.5;0.2489583333333334;50
1.75;0.2489583333333334;51
2.0;0.9989583333333334;53
3.0;0.4989583333333334;53
3.5;0.4989583333333334;55
4.0;0.4989583333333334;57
4.5;1.4989583333333334;58
