"Start";"Duration";"Pitch"
0.0;0.7489583333333333;81
0.75;0.24895833333333328;80
1.0;0.2489583333333334;81
1.25;0.2489583333333334;78
1.5;0.2489583333333334;76
1.75;0.2489583333333334;74
2.0;0.2489583333333334;69
2.25;0.2489583333333334;74
2.5;0.2489583333333334;78
2.75;0.2489583333333334;81
3.0;1.9989583333333334;86
5.0;0.4989583333333334;85
5.5;0.4989583333333334;83
6.0;0.4989583333333334;81
