"Start";"Duration";"Pitch"
0.0;1.4989583333333334;81
1.5;0.2489583333333334;79
1.75;0.2489583333333334;81
2.0;0.4989583333333334;79
2.5;0.4989583333333334;77
3.0;0.2489583333333334;76
3.25;0.2489583333333334;77
3.5;0.4989583333333334;76
4.0;0.4989583333333334;74
4.5;0.9989583333333334;72
5.5;0.4989583333333334;76
6.0;1.4989583333333334;77
7.5;1.4989583333333325;79
9.0;1.4989583333333325;81
10.5;1.4989583333333325;79
