"Start";"Duration";"Pitch"
0.0;0.49895833333333334;69
0.5;0.12395833333333328;76
0.625;0.3739583333333333;75
1.0;0.4989583333333334;71
1.5;0.12395833333333339;76
1.625;0.3739583333333334;73
2.0;0.4989583333333334;69
2.5;0.12395833333333339;74
2.625;0.3739583333333334;71
3.0;0.12395833333333339;66
3.125;0.3739583333333334;69
3.5;0.12395833333333339;68
3.625;0.3739583333333334;71
4.0;0.4989583333333334;64
