"Start";"Duration";"Pitch"
0.0;1.9989583333333334;76
2.0;0.9989583333333334;73
3.0;0.9989583333333334;69
4.0;1.9989583333333334;76
6.0;0.9989583333333334;74
6.5;0.2489583333333334;83
6.75;0.2489583333333334;81
7.0;0.9989583333333334;71
7.0;0.2489583333333334;80
7.25;0.2489583333333334;78
7.5;0.2489583333333334;76
7.75;0.2489583333333334;80
8.0;1.9989583333333325;76
8.0;0.4989583333333325;81
10.0;0.9989583333333325;73
11.0;0.9989583333333325;69
