"Start";"Duration";"Pitch"
0.0;0.7489583333333333;85
0.75;0.7489583333333334;87
1.5;0.7489583333333334;85
2.25;0.7489583333333334;83
3.0;0.7489583333333334;82
3.75;0.7489583333333334;80
4.5;0.7489583333333334;82
5.25;0.4989583333333334;80
5.75;0.2489583333333334;78
