"Start";"Duration";"Pitch"
0.0;1.2489583333333334;76
1.375;0.12395833333333339;78
1.5;0.2489583333333334;79
1.875;0.12395833333333339;76
2.0;0.2489583333333334;78
2.375;0.12395833333333339;76
2.5;0.2489583333333334;74
2.875;0.12395833333333339;78
3.0;0.2489583333333334;76
3.375;0.12395833333333339;78
3.5;0.2489583333333334;79
3.875;0.12395833333333339;76
4.0;0.2489583333333334;78
4.375;0.12395833333333339;76
4.5;0.2489583333333334;74
4.875;0.12395833333333339;78
