"Start";"Duration";"Pitch"
0.0;0.24895833333333334;74
0.25;0.4989583333333333;74
0.75;0.24895833333333328;72
1.0;0.4989583333333334;70
1.5;0.2489583333333334;72
1.75;0.4989583333333334;74
2.25;0.2489583333333334;70
2.5;0.4989583333333334;70
3.0;0.2489583333333334;69
3.25;0.4989583333333334;69
3.75;0.2489583333333334;71
4.0;0.06354166666666661;74
4.064583333333333;0.43333333333333357;72
4.5;0.2489583333333334;71
4.75;0.4989583333333334;72
