"Start";"Duration";"Pitch"
0.0;0.24895833333333334;86
0.25;0.24895833333333334;84
0.5;0.24895833333333328;83
0.75;0.24895833333333328;84
1.0;0.2489583333333334;83
1.25;0.2489583333333334;81
1.5;0.2489583333333334;83
1.75;0.2489583333333334;81
2.0;0.2489583333333334;79
2.25;0.2489583333333334;81
2.5;0.2489583333333334;79
2.75;0.2489583333333334;77
3.0;0.2489583333333334;76
3.25;0.4989583333333334;74
3.75;0.2489583333333334;76
4.0;0.4989583333333334;77
