"Start";"Duration";"Pitch"
0.0;0.49895833333333334;67
0.5;0.4989583333333333;68
1.0;0.4989583333333334;65
1.5;0.4989583333333334;67
2.0;0.4989583333333334;63
2.5;0.2489583333333334;62
2.75;0.2489583333333334;63
3.0;0.2489583333333334;68
3.25;0.2489583333333334;67
3.5;0.2489583333333334;65
