"Start";"Duration";"Pitch"
0.0;0.7489583333333333;75
0.75;0.24895833333333328;72
1.0;0.7489583333333334;70
1.75;0.2489583333333334;67
2.0;0.2489583333333334;65
2.5;0.2489583333333334;65
3.0;0.9989583333333334;65
