"Start";"Duration";"Pitch"
0.0;1.4989583333333334;64
1.5;0.12395833333333339;62
1.625;0.3739583333333334;60
2.0;1.9989583333333334;55
4.0;1.4989583333333334;62
5.5;0.4989583333333334;64
6.0;1.9989583333333334;60
8.0;1.4989583333333325;67
9.5;0.4989583333333325;66
10.0;1.9989583333333325;62
12.0;1.9989583333333325;55
14.0;1.4989583333333325;62
15.5;0.4989583333333325;64
16.0;0.4989583333333343;60
