"Start";"Duration";"Pitch"
0.0;0.49895833333333334;72
0.5;0.4989583333333333;76
1.0;0.5822916666666667;79
1.5833333333333333;0.08229166666666665;77
1.6666666666666667;0.08229166666666665;76
1.75;0.08229166666666665;74
1.8333333333333333;0.08229166666666665;72
1.9166666666666667;0.08229166666666665;71
2.0;0.12395833333333339;71
2.125;0.3739583333333334;69
