"Start";"Duration";"Pitch"
1.5;0.4989583333333334;71
2.0;0.4989583333333334;76
2.5;0.4989583333333334;71
3.0;0.4989583333333334;72
3.5;0.4989583333333334;73
4.5;0.4989583333333334;73
5.0;0.4989583333333334;78
5.5;0.4989583333333334;75
6.0;0.4989583333333334;73
6.5;0.4989583333333334;71
7.5;0.4989583333333334;71
8.0;0.4989583333333325;80
8.5;0.4989583333333325;76
9.0;0.4989583333333325;75
9.5;0.4989583333333325;73
