"Start";"Duration";"Pitch"
0.0;0.7489583333333333;77
0.75;0.24895833333333328;77
1.0;0.2489583333333334;76
1.25;0.2489583333333334;84
1.5;0.2489583333333334;82
1.75;0.2489583333333334;79
2.0;0.2489583333333334;81
2.25;0.2489583333333334;77
2.5;0.2489583333333334;76
2.75;0.2489583333333334;77
3.0;0.2489583333333334;78
3.25;0.2489583333333334;79
3.5;0.2489583333333334;76
3.75;0.2489583333333334;72
