"Start";"Duration";"Pitch"
0.0;0.24895833333333334;73
0.25;0.4989583333333333;73
0.75;0.24895833333333328;73
1.0;0.4989583333333334;73
1.5;0.2489583333333334;73
1.75;0.4989583333333334;73
2.25;0.2489583333333334;73
2.5;0.4989583333333334;73
3.0;0.2489583333333334;75
3.25;0.7489583333333334;76
4.0;0.4989583333333334;73
4.5;0.2489583333333334;75
4.75;0.7489583333333334;76
5.5;0.4989583333333334;73
6.0;0.2489583333333334;75
6.25;0.7489583333333334;76
