"Start";"Duration";"Pitch"
0.0;0.24895833333333334;83
0.25;0.24895833333333334;84
0.5;0.24895833333333328;84
0.75;0.24895833333333328;83
1.0;0.2489583333333334;84
1.25;0.2489583333333334;84
1.5;0.2489583333333334;85
1.75;0.2489583333333334;82
2.0;0.2489583333333334;82
2.25;0.2489583333333334;80
2.5;0.2489583333333334;73
2.75;0.2489583333333334;73
