"Start";"Duration";"Pitch"
0.0;0.49895833333333334;72
0.5;0.24895833333333328;74
0.75;0.24895833333333328;71
1.0;0.4989583333333334;72
1.5;0.4989583333333334;67
2.0;0.4989583333333334;69
2.5;0.4989583333333334;67
3.0;0.4989583333333334;69
3.5;0.2489583333333334;67
3.75;0.2489583333333334;65
4.0;0.3739583333333334;64
4.375;0.12395833333333339;64
4.5;0.3739583333333334;67
4.875;0.12395833333333339;67
5.0;0.9989583333333334;74
6.0;0.4989583333333334;72
