"Start";"Duration";"Pitch"
0.0;0.9989583333333333;63
1.0;0.9989583333333334;63
2.0;0.33229166666666643;63
2.3333333333333335;0.33229166666666643;61
2.6666666666666665;0.3322916666666669;63
3.0;0.9989583333333334;64
4.0;0.4989583333333334;66
4.5;0.4989583333333334;64
5.0;0.9989583333333334;63
