"Start";"Duration";"Pitch"
0.0;0.9989583333333333;66
1.0;0.4989583333333334;69
1.5;0.9989583333333334;57
2.5;0.4989583333333334;62
3.0;0.4989583333333334;64
3.5;0.4989583333333334;66
4.0;0.4989583333333334;64
4.5;0.9989583333333334;62
5.5;0.4989583333333334;57
6.0;0.4989583333333334;81
6.5;0.4989583333333334;83
7.0;0.4989583333333334;85
7.5;0.9989583333333325;86
8.5;0.4989583333333325;90
9.0;0.9989583333333325;88
10.0;0.4989583333333325;81
10.5;1.4989583333333325;86
