"Start";"Duration";"Pitch"
0.0;0.49895833333333334;65
0.5;0.7489583333333334;64
1.25;0.9989583333333334;60
2.25;0.2489583333333334;65
2.5;0.7489583333333334;68
3.25;0.2489583333333334;64
3.5;0.7489583333333334;68
4.25;0.2489583333333334;65
4.5;0.7489583333333334;64
5.25;0.9989583333333334;60
6.25;0.2489583333333334;62
6.5;1.4989583333333334;64
