"Start";"Duration";"Pitch"
0.0;0.49895833333333334;79
0.5;0.9989583333333334;78
1.5;0.4989583333333334;79
2.0;0.9989583333333334;77
3.0;0.4989583333333334;76
3.5;0.9989583333333334;74
4.5;0.4989583333333334;72
5.0;0.9989583333333334;71
6.0;0.4989583333333334;72
6.5;0.9989583333333334;74
7.5;0.4989583333333334;76
8.0;0.9989583333333325;77
9.0;0.4989583333333325;81
9.5;0.9989583333333325;79
10.5;0.4989583333333325;77
