"Start";"Duration";"Pitch"
0.0;0.9989583333333333;69
1.0;0.4989583333333334;71
1.5;0.4989583333333334;73
2.0;1.4989583333333334;74
3.5;0.4989583333333334;74
4.0;0.4989583333333334;74
4.5;0.4989583333333334;73
5.0;0.4989583333333334;71
5.5;0.4989583333333334;69
6.0;1.4989583333333334;74
7.5;0.4989583333333334;74
8.0;0.4989583333333325;74
8.5;0.4989583333333325;73
9.0;0.4989583333333325;76
9.5;0.4989583333333325;74
10.0;0.4989583333333325;73
