"Start";"Duration";"Pitch"
0.0;0.37395833333333334;76
0.375;0.12395833333333334;75
0.5;0.4989583333333333;76
1.0;0.3739583333333334;75
1.375;0.12395833333333339;73
1.5;0.4989583333333334;75
2.0;0.3739583333333334;73
2.375;0.12395833333333339;72
2.5;0.4989583333333334;73
3.0;0.3739583333333334;75
3.375;0.12395833333333339;73
3.5;0.4989583333333334;75
4.0;0.2489583333333334;76
