"Start";"Duration";"Pitch"
0.0;0.9989583333333333;62
1.0;0.2489583333333334;63
1.25;0.2489583333333334;65
1.5;0.4989583333333334;67
2.0;0.4989583333333334;69
2.5;0.4989583333333334;70
3.0;0.9989583333333334;70
4.0;0.2489583333333334;72
4.25;0.2489583333333334;74
4.5;0.4989583333333334;75
5.0;0.4989583333333334;75
5.5;0.4989583333333334;75
