"Start";"Duration";"Pitch"
0.0;0.49895833333333334;59
0.5;0.7489583333333334;64
1.25;0.2489583333333334;71
1.5;0.4989583333333334;69
2.0;0.7489583333333334;72
2.75;0.2489583333333334;63
3.0;0.4989583333333334;59
3.5;0.7489583333333334;71
4.25;0.2489583333333334;76
4.5;0.4989583333333334;75
5.0;0.7489583333333334;78
