"Start";"Duration";"Pitch"
0.0;0.49895833333333334;67
0.5;0.9989583333333334;69
1.5;0.4989583333333334;71
2.0;0.9989583333333334;72
3.0;0.4989583333333334;74
3.5;0.4989583333333334;76
4.0;0.4989583333333334;76
4.5;0.4989583333333334;78
5.0;0.9989583333333334;79
6.0;0.4989583333333334;80
6.5;0.9989583333333334;81
7.5;0.4989583333333334;83
8.0;0.9989583333333325;84
9.0;0.4989583333333325;85
9.5;0.4989583333333325;86
10.0;0.4989583333333325;86
10.5;0.4989583333333325;86
11.0;0.4989583333333325;79
