"Start";"Duration";"Pitch"
0.0;0.49895833333333334;74
0.5;0.4989583333333333;74
1.0;0.4989583333333334;73
1.5;0.4989583333333334;69
2.0;0.4989583333333334;76
2.5;0.4989583333333334;76
3.0;0.4989583333333334;75
3.5;0.4989583333333334;71
4.0;0.4989583333333334;76
4.5;0.4989583333333334;78
5.0;0.4989583333333334;79
5.5;0.4989583333333334;80
6.0;0.4989583333333334;81
6.5;0.4989583333333334;80
7.0;0.4989583333333334;81
7.5;0.4989583333333334;79
8.0;0.4989583333333325;78
