"Start";"Duration";"Pitch"
0.0;0.24895833333333334;64
0.375;0.12395833333333334;76
0.5;0.7489583333333334;88
1.25;0.4989583333333334;73
1.875;0.12395833333333339;74
2.0;0.4989583333333334;71
2.5;0.2489583333333334;64
2.875;0.12395833333333339;76
3.0;0.7489583333333334;88
3.75;0.4989583333333334;73
4.375;0.12395833333333339;74
4.5;0.2489583333333334;75
4.875;0.12395833333333339;75
5.0;0.4989583333333334;74
5.5;0.4989583333333334;68
6.0;0.4989583333333334;69
