"Start";"Duration";"Pitch"
0.0;0.24895833333333334;69
0.25;0.12395833333333334;68
0.375;0.12395833333333334;69
0.5;0.24895833333333328;73
0.75;0.12395833333333328;72
0.875;0.12395833333333328;73
1.0;0.2489583333333334;62
1.25;0.12395833333333339;61
1.375;0.12395833333333339;62
1.5;0.2489583333333334;78
1.75;0.12395833333333339;77
1.875;0.12395833333333339;78
2.0;0.2489583333333334;56
2.25;0.12395833333333339;55
2.375;0.12395833333333339;56
2.5;0.9989583333333334;83
