"Start";"Duration";"Pitch"
0.0;0.7489583333333333;81
0.75;0.4989583333333334;77
1.25;0.2489583333333334;84
1.5;0.7489583333333334;81
2.25;0.4989583333333334;77
2.75;0.2489583333333334;72
3.0;0.4989583333333334;77
3.5;0.2489583333333334;81
3.75;0.4989583333333334;84
4.25;0.2489583333333334;81
4.5;1.2489583333333334;82
5.75;0.2489583333333334;79
6.0;0.7489583333333334;82
6.75;0.4989583333333334;79
7.25;0.2489583333333334;84
7.5;0.7489583333333325;81
8.25;0.7489583333333325;77
