"Start";"Duration";"Pitch"
0.0;0.49895833333333334;77
0.75;0.24895833333333328;76
1.0;0.4989583333333334;76
1.5;0.4989583333333334;74
2.0;0.4989583333333334;86
2.75;0.2489583333333334;84
3.0;0.4989583333333334;84
3.5;0.4989583333333334;82
4.0;0.4989583333333334;82
4.5;0.4989583333333334;81
5.0;0.4989583333333334;79
5.5;0.4989583333333334;78
6.0;0.4989583333333334;79
6.5;0.4989583333333334;81
7.0;0.4989583333333334;82
7.5;0.4989583333333334;79
