"Start";"Duration";"Pitch"
0.0;0.9989583333333333;61
1.0;0.2489583333333334;57
1.25;0.2489583333333334;59
1.5;0.9989583333333334;61
2.5;0.2489583333333334;57
2.75;0.2489583333333334;61
3.0;0.4989583333333334;66
3.5;0.4989583333333334;64
4.0;0.4989583333333334;62
4.5;0.4989583333333334;61
5.0;0.4989583333333334;59
5.5;0.4989583333333334;61
6.0;0.9989583333333334;62
7.0;0.2489583333333334;59
7.25;0.2489583333333334;61
7.5;0.9989583333333325;62
8.5;0.2489583333333325;59
8.75;0.2489583333333325;61
