"Start";"Duration";"Pitch"
0.375;0.3739583333333333;74
0.75;0.3739583333333334;74
1.125;0.3739583333333334;74
1.5;0.24791666666666656;73
1.7489583333333334;0.24791666666666656;74
2.0;0.24791666666666679;76
2.25;0.3739583333333334;74
2.625;0.3739583333333334;73
3.0;0.12395833333333339;71
3.125;0.12395833333333339;73
3.25;0.4989583333333334;74
