"Start";"Duration";"Pitch"
0.0;1.4989583333333334;68
1.5;0.4989583333333334;71
2.0;0.2489583333333334;73
2.25;1.4989583333333334;68
3.75;0.4989583333333334;71
4.25;0.2489583333333334;68
4.5;0.4989583333333334;73
5.0;0.2489583333333334;75
5.25;0.7489583333333334;77
6.0;0.4989583333333334;73
6.5;0.2489583333333334;77
6.75;0.2489583333333334;79
7.0;0.2489583333333334;77
7.25;0.2489583333333334;73
7.5;0.7489583333333325;73
