"Start";"Duration";"Pitch"
0.0;0.37395833333333334;71
0.375;0.12395833333333334;72
0.5;0.4989583333333333;74
1.0;0.4989583333333334;69
1.5;0.06354166666666661;69
1.5645833333333332;0.9333333333333336;72
2.5;0.2489583333333334;71
2.75;0.2489583333333334;72
3.0;0.2489583333333334;74
3.25;0.2489583333333334;76
3.5;0.4989583333333334;77
4.0;0.3739583333333334;79
4.375;0.12395833333333339;74
4.5;1.4989583333333334;76
