"Start";"Duration";"Pitch"
0.0;0.24895833333333334;76
0.25;0.24895833333333334;71
0.5;0.4989583333333333;72
1.0;0.4989583333333334;69
1.5;0.2489583333333334;71
1.75;0.2489583333333334;68
2.0;0.9989583333333334;64
3.0;0.2489583333333334;66
3.25;0.2489583333333334;68
3.5;0.4989583333333334;69
4.0;0.4989583333333334;71
4.5;0.2489583333333334;72
4.75;0.2489583333333334;77
5.0;0.9989583333333334;76
