"Start";"Duration";"Pitch"
0.0;0.24895833333333334;71
0.25;0.24895833333333334;79
0.5;0.24895833333333328;78
0.75;0.24895833333333328;76
1.0;0.2489583333333334;75
1.25;0.2489583333333334;71
1.5;0.7489583333333334;69
2.25;0.2489583333333334;71
2.5;0.2489583333333334;69
2.75;0.2489583333333334;67
3.0;0.2489583333333334;66
3.25;0.12395833333333339;67
3.375;0.12395833333333339;66
3.5;0.4989583333333334;64
