"Start";"Duration";"Pitch"
0.0;0.12395833333333334;72
0.125;0.12395833333333334;74
0.25;0.12395833333333334;76
0.375;0.12395833333333334;77
0.5;0.24895833333333328;79
0.75;0.24895833333333328;79
1.0;0.2489583333333334;79
1.25;0.2489583333333334;84
1.5;0.2489583333333334;79
1.75;0.2489583333333334;77
2.0;0.2489583333333334;76
2.25;0.2489583333333334;74
2.5;0.2489583333333334;72
2.75;0.2489583333333334;74
3.0;0.2489583333333334;76
3.25;0.2489583333333334;77
3.5;0.4989583333333334;79
