"Start";"Duration";"Pitch"
0.0;1.9989583333333334;69
2.0;0.9989583333333334;67
3.0;1.4989583333333334;72
4.5;0.4989583333333334;74
5.0;0.4989583333333334;72
5.5;0.4989583333333334;74
6.0;1.9989583333333334;69
8.0;0.9989583333333325;67
9.0;5.9989583333333325;64
