"Start";"Duration";"Pitch"
0.0;0.12395833333333334;73
0.125;0.24895833333333334;73
0.375;0.24895833333333328;73
0.625;0.12395833333333328;73
0.75;0.12395833333333328;72
0.875;0.12395833333333328;75
1.0;0.12395833333333339;70
1.125;0.2489583333333334;70
1.375;0.12395833333333339;70
1.5;0.2489583333333334;68
1.75;0.2489583333333334;70
2.0;0.4989583333333334;73
