"Start";"Duration";"Pitch"
0.0;0.49895833333333334;67
0.5;0.16562500000000002;65
0.6666666666666666;0.16562500000000002;63
0.8333333333333334;0.1656249999999999;62
1.0;0.4989583333333334;63
1.5;0.4989583333333334;70
2.0;0.9989583333333334;67
3.0;0.4989583333333334;62
3.5;0.4989583333333334;65
