"Start";"Duration";"Pitch"
0.0;0.49895833333333334;75
0.5;0.3739583333333333;76
0.875;0.12395833333333328;75
1.0;0.4989583333333334;73
1.5;0.4989583333333334;75
2.0;0.6239583333333334;71
2.625;0.12395833333333339;75
2.75;0.12395833333333339;83
2.875;0.12395833333333339;80
3.0;0.7489583333333334;78
3.75;0.2489583333333334;76
