"Start";"Duration";"Pitch"
0.0;0.24895833333333334;69
0.25;0.4989583333333333;67
0.75;0.24895833333333328;55
1.0;0.4989583333333334;67
1.5;0.2489583333333334;69
1.75;0.4989583333333334;67
2.25;0.2489583333333334;55
2.5;0.4989583333333334;67
3.0;0.2489583333333334;76
3.25;0.4989583333333334;76
3.75;0.2489583333333334;74
4.0;0.4989583333333334;72
4.5;0.2489583333333334;69
4.75;0.7489583333333334;67
