"Start";"Duration";"Pitch"
0.25;0.24895833333333334;68
0.5;0.24895833333333328;69
0.75;0.24895833333333328;70
1.0;0.7489583333333334;71
1.75;0.2489583333333334;73
2.0;0.2489583333333334;75
2.25;0.2489583333333334;76
2.5;0.2489583333333334;78
2.75;0.2489583333333334;80
3.0;0.2489583333333334;83
3.25;0.2489583333333334;82
3.5;0.7489583333333334;81
4.25;0.2489583333333334;80
4.5;0.7489583333333334;80
5.25;0.2489583333333334;78
5.5;0.2489583333333334;75
5.75;0.2489583333333334;71
