"Start";"Duration";"Pitch"
0.75;0.24895833333333328;69
1.0;0.12395833333333339;71
1.125;0.12395833333333339;72
1.25;0.12395833333333339;73
1.375;0.12395833333333339;76
1.5;0.4989583333333334;74
