"Start";"Duration";"Pitch"
0.0;0.9989583333333333;74
1.0;0.2489583333333334;72
1.25;0.2489583333333334;70
1.5;0.039583333333333304;69
1.540625;0.039583333333333304;70
1.5822916666666667;0.039583333333333304;72
1.625;0.12395833333333339;70
1.75;0.2489583333333334;69
2.75;0.2489583333333334;70
3.0;0.1656249999999999;70
3.1666666666666665;0.1656249999999999;69
3.3333333333333335;0.1656249999999999;67
3.5;0.9989583333333334;66
