"Start";"Duration";"Pitch"
0.0;0.49895833333333334;59
0.5;0.7489583333333334;68
1.25;0.2489583333333334;69
1.5;0.2489583333333334;71
1.75;0.2489583333333334;75
2.0;0.2489583333333334;76
2.25;0.2489583333333334;73
2.5;0.9989583333333334;71
3.5;0.7489583333333334;66
4.25;0.2489583333333334;68
4.5;0.9989583333333334;64
5.5;0.2489583333333334;66
5.75;0.2489583333333334;68
6.0;0.2489583333333334;69
6.25;0.2489583333333334;71
6.5;0.9989583333333334;73
