"Start";"Duration";"Pitch"
0.0;0.24895833333333334;82
0.25;0.24895833333333334;84
0.5;0.24895833333333328;85
0.75;0.24895833333333328;81
1.0;0.2489583333333334;82
1.25;0.2489583333333334;78
1.5;0.4989583333333334;77
2.0;0.4989583333333334;77
2.5;0.4989583333333334;77
3.0;0.4989583333333334;77
3.5;0.2489583333333334;78
3.75;0.2489583333333334;77
4.0;0.2489583333333334;75
4.25;0.2489583333333334;72
4.5;0.9989583333333334;73
5.5;0.4989583333333334;70
