"Start";"Duration";"Pitch"
0.0;0.24895833333333334;70
0.25;0.9989583333333334;79
1.25;0.2489583333333334;77
1.5;0.2489583333333334;79
1.75;0.7489583333333334;77
2.5;0.4989583333333334;75
3.0;0.2489583333333334;70
3.25;0.4989583333333334;79
3.75;0.06145833333333339;74
3.8125;0.06145833333333339;72
3.875;0.06145833333333339;70
3.9375;0.06145833333333339;72
4.0;0.4989583333333334;84
4.5;0.2489583333333334;79
4.75;0.7489583333333334;82
5.5;0.4989583333333334;80
