"Start";"Duration";"Pitch"
0.0;0.9989583333333333;76
1.0;0.4989583333333334;77
1.5;0.4989583333333334;77
2.0;0.9989583333333334;77
3.0;1.4989583333333334;78
4.5;0.3739583333333334;76
4.875;0.12395833333333339;74
5.0;0.4989583333333334;73
5.5;0.4989583333333334;72
6.0;0.4989583333333334;73
