"Start";"Duration";"Pitch"
0.0;1.4989583333333334;76
1.5;1.2489583333333334;78
2.75;0.2489583333333334;76
3.0;1.4989583333333334;81
4.5;1.2489583333333334;79
5.75;0.2489583333333334;78
6.0;1.4989583333333334;76
7.5;1.4989583333333325;78
9.0;1.4989583333333325;73
