"Start";"Duration";"Pitch"
0.0;0.49895833333333334;61
0.5;0.4989583333333333;66
1.0;0.4989583333333334;68
1.5;0.2489583333333334;66
1.75;0.2489583333333334;68
2.0;0.4989583333333334;70
2.5;0.4989583333333334;71
3.0;0.4989583333333334;73
3.5;0.4989583333333334;68
4.0;0.4989583333333334;70
4.5;0.4989583333333334;71
5.0;0.4989583333333334;68
5.5;0.4989583333333334;70
6.0;0.4989583333333334;66
6.5;0.4989583333333334;63
7.0;1.4989583333333325;61
8.5;0.4989583333333325;63
9.0;1.9989583333333325;61
