"Start";"Duration";"Pitch"
0.375;0.12395833333333334;73
0.5;0.24895833333333328;73
0.75;0.24895833333333328;75
1.375;0.12395833333333339;75
1.5;0.2489583333333334;75
1.75;0.2489583333333334;77
2.125;0.12395833333333339;73
2.25;0.12395833333333339;75
2.375;0.12395833333333339;77
2.5;0.2489583333333334;79
2.75;0.2489583333333334;77
3.0;0.2489583333333334;77
3.25;0.2489583333333334;75
3.5;0.4989583333333334;73
