"Start";"Duration";"Pitch"
0.25;0.24895833333333334;71
0.5;0.24895833333333328;71
0.75;0.24895833333333328;71
1.0;0.12395833333333339;70
1.125;0.12395833333333339;71
1.25;0.2489583333333334;73
1.5;0.2489583333333334;71
1.75;0.2489583333333334;70
2.0;0.12395833333333339;68
2.125;0.12395833333333339;70
2.25;1.4989583333333334;71
3.75;0.2489583333333334;73
