"Start";"Duration";"Pitch"
0.0;0.0625;71
0.06354166666666666;1.434375;79
1.5;0.2489583333333334;78
1.75;0.2489583333333334;76
2.0;1.4989583333333334;75
3.5;0.3739583333333334;76
3.875;0.12395833333333339;72
4.0;0.7489583333333334;71
4.75;0.2489583333333334;66
5.0;0.2489583333333334;72
5.25;0.2489583333333334;71
5.5;0.2489583333333334;69
5.75;0.2489583333333334;67
6.0;0.4989583333333334;66
6.5;0.4989583333333334;67
7.0;0.2489583333333334;66
