"Start";"Duration";"Pitch"
0.0;0.7489583333333333;77
0.75;0.24895833333333328;75
1.0;0.3739583333333334;73
1.375;0.12395833333333339;65
1.5;0.9989583333333334;68
2.5;0.2489583333333334;73
2.75;0.2489583333333334;77
3.0;0.8739583333333334;82
3.875;0.12395833333333339;80
4.0;0.12395833333333339;76
4.125;0.12395833333333339;77
4.25;0.12395833333333339;72
4.375;0.12395833333333339;73
4.5;1.4989583333333334;69
