"Start";"Duration";"Pitch"
0.0;0.49895833333333334;41
0.5;0.9989583333333334;38
1.5;0.2489583333333334;41
1.75;0.2489583333333334;43
2.0;0.2489583333333334;36
2.25;0.2489583333333334;38
2.5;0.9989583333333334;41
3.5;0.2489583333333334;38
3.75;0.2489583333333334;36
4.0;0.2489583333333334;36
4.25;0.2489583333333334;38
4.5;0.4989583333333334;38
5.0;0.4989583333333334;36
5.5;0.4989583333333334;41
6.0;1.9989583333333334;38
