"Start";"Duration";"Pitch"
0.125;0.12395833333333334;68
0.25;0.12395833333333334;69
0.375;0.12395833333333334;68
0.5;0.12395833333333328;67
0.625;0.12395833333333328;68
0.75;0.12395833333333328;73
0.875;0.12395833333333328;76
1.0;0.12395833333333339;75
1.125;0.12395833333333339;73
1.25;0.12395833333333339;75
1.375;0.12395833333333339;73
1.5;0.12395833333333339;72
1.625;0.12395833333333339;73
1.75;0.12395833333333339;76
1.875;0.12395833333333339;80
