"Start";"Duration";"Pitch"
0.0;0.24895833333333334;66
0.25;0.12395833333333334;69
0.4375;0.06145833333333334;83
0.5;0.12395833333333328;81
0.6875;0.06145833333333328;67
0.75;0.12395833333333328;69
0.9375;0.06145833333333328;83
1.0;0.12395833333333339;81
1.1875;0.06145833333333339;66
1.25;0.12395833333333339;69
1.4375;0.06145833333333339;83
1.5;0.12395833333333339;81
1.6875;0.06145833333333339;66
1.75;0.12395833333333339;69
1.9375;0.06145833333333339;88
2.0;0.12395833333333339;86
