"Start";"Duration";"Pitch"
0.0;0.9989583333333333;80
1.0;0.4989583333333334;77
1.5;0.7489583333333334;75
2.25;0.4989583333333334;73
2.75;0.2489583333333334;65
3.0;0.7489583333333334;82
3.75;0.4989583333333334;80
4.25;0.2489583333333334;77
4.5;0.7489583333333334;75
5.25;0.4989583333333334;73
5.75;0.2489583333333334;71
6.0;0.4989583333333334;69
