"Start";"Duration";"Pitch"
0.25;0.24895833333333334;73
0.5;0.4989583333333333;71
1.0;0.4989583333333334;69
1.5;0.3739583333333334;68
1.875;0.12395833333333339;64
2.0;0.4989583333333334;61
2.5;0.4989583333333334;62
3.0;0.3739583333333334;64
3.375;0.12395833333333339;66
3.5;0.4989583333333334;68
4.0;0.06354166666666661;71
4.064583333333333;0.43333333333333357;69
4.5;0.3739583333333334;68
4.875;0.12395833333333339;64
5.0;0.4989583333333334;61
5.5;0.4989583333333334;62
6.0;0.3739583333333334;64
