"Start";"Duration";"Pitch"
0.0;0.18645833333333334;70
0.1875;0.06145833333333334;71
0.25;0.12395833333333334;70
0.375;0.12395833333333334;68
0.5;0.12395833333333328;65
0.625;0.12395833333333328;61
0.75;0.24895833333333328;61
1.0;0.2489583333333334;61
1.25;0.3114583333333334;61
1.5625;0.06145833333333339;66
1.625;0.06145833333333339;70
1.6875;0.06145833333333339;75
1.75;0.2489583333333334;73
