"Start";"Duration";"Pitch"
0.0;0.24895833333333334;69
0.25;0.12395833333333334;71
0.375;0.3739583333333333;69
0.75;0.12395833333333328;71
0.875;0.3739583333333334;69
1.25;0.2489583333333334;71
1.5;0.2489583333333334;72
1.75;0.2489583333333334;73
2.0;0.3739583333333334;74
2.375;0.12395833333333339;76
2.5;0.7489583333333334;78
3.25;0.2489583333333334;79
3.5;0.2489583333333334;81
3.75;0.2489583333333334;76
