"Start";"Duration";"Pitch"
1.0;0.12395833333333339;68
1.125;1.8739583333333334;69
3.0;0.9989583333333334;68
4.0;0.12395833333333339;68
4.125;2.3739583333333334;66
7.0;1.3322916666666664;60
8.333333333333334;0.33229166666666643;61
8.666666666666666;1.3322916666666664;61
