"Start";"Duration";"Pitch"
0.0;0.49895833333333334;68
0.5;1.4989583333333334;76
2.0;1.4989583333333334;75
3.75;0.2489583333333334;68
4.0;0.06354166666666661;71
4.064583333333333;0.18333333333333357;69
4.375;0.12395833333333339;68
4.5;0.4989583333333334;75
5.25;0.2489583333333334;68
5.5;0.06354166666666661;71
5.564583333333333;0.18333333333333357;69
5.875;0.12395833333333339;68
6.0;0.4989583333333334;73
