"Start";"Duration";"Pitch"
0.0;0.9989583333333333;68
1.0;0.2489583333333334;70
1.25;0.2489583333333334;68
1.5;0.2489583333333334;73
1.75;0.2489583333333334;75
2.0;0.9989583333333334;77
3.0;0.9989583333333334;80
4.0;0.4989583333333334;78
4.5;0.4989583333333334;77
5.0;0.4989583333333334;75
5.5;0.3739583333333334;77
5.875;0.12395833333333339;73
6.0;0.9989583333333334;68
