"Start";"Duration";"Pitch"
0.375;0.12395833333333334;79
0.5;0.3739583333333333;78
0.875;0.12395833333333328;79
1.0;1.3739583333333334;80
2.375;0.12395833333333339;79
2.5;0.3739583333333334;77
2.875;0.12395833333333339;75
3.0;1.3739583333333334;77
4.375;0.12395833333333339;75
4.5;0.3739583333333334;74
4.875;0.12395833333333339;75
5.0;1.3739583333333334;77
6.375;0.12395833333333339;75
6.5;0.3739583333333334;74
6.875;0.12395833333333339;72
7.0;0.9989583333333334;70
