"Start";"Duration";"Pitch"
0.5;0.4989583333333333;73
1.0;0.4989583333333334;77
1.5;0.4989583333333334;78
2.5;0.4989583333333334;80
3.5;0.4989583333333334;85
4.5;0.4989583333333334;80
5.5;0.4989583333333334;82
6.5;0.4989583333333334;80
7.5;0.4989583333333334;78
8.5;0.4989583333333325;77
9.333333333333334;0.33229166666666643;77
9.666666666666666;0.33229166666666643;80
