"Start";"Duration";"Pitch"
0.0;1.4989583333333334;72
1.5;0.9989583333333334;70
2.5;0.4989583333333334;68
3.0;1.4989583333333334;66
4.5;0.9989583333333334;65
5.5;0.4989583333333334;63
6.0;1.4989583333333334;60
7.5;0.4989583333333334;62
8.0;0.4989583333333325;64
8.5;0.4989583333333325;66
9.0;1.4989583333333325;68
10.5;0.9989583333333325;66
11.5;0.4989583333333325;68
