"Start";"Duration";"Pitch"
0.0;2.0;70
2.0;2.0;69
4.0;2.0;67
6.0;2.0;69
8.0;2.0;74
10.0;1.0;67
11.0;1.0;69
12.0;2.0;74
14.0;1.0;67
15.0;1.0;69
16.0;2.0;75
18.0;2.0;75
20.0;0.33229166666666643;75
20.332291666666666;0.33229166666666643;74
20.664583333333333;0.33541666666666714;72
21.0;1.5;75
22.5;0.5;74
23.0;0.5;71
23.5;0.5;72
24.0;2.0;74
