"Start";"Duration";"Pitch"
0.0;0.49895833333333334;66
0.5;0.4989583333333333;73
1.0;1.4989583333333334;71
2.5;0.2489583333333334;69
2.75;0.2489583333333334;68
3.0;0.4989583333333334;66
3.5;0.2489583333333334;64
3.75;0.2489583333333334;62
4.0;0.4989583333333334;61
4.5;0.2489583333333334;62
4.75;0.2489583333333334;64
5.0;0.4989583333333334;66
5.5;0.4989583333333334;69
6.0;1.9989583333333334;68
