"Start";"Duration";"Pitch"
0.0;0.6239583333333333;83
0.625;0.06145833333333328;82
0.6875;0.06145833333333328;83
0.75;0.6239583333333334;80
1.375;0.06145833333333339;79
1.4375;0.06145833333333339;80
1.5;0.6239583333333334;77
2.125;0.06145833333333339;76
2.1875;0.06145833333333339;77
2.25;0.6239583333333334;74
