"Start";"Duration";"Pitch"
0.0;0.7489583333333333;73
0.75;0.18645833333333328;71
0.9375;0.06145833333333328;69
1.0;0.7489583333333334;76
1.75;0.12395833333333339;74
1.875;0.12395833333333339;73
2.0;0.6864583333333334;78
2.6875;0.06145833333333339;78
2.75;0.1864583333333334;80
2.9375;0.06145833333333339;81
3.0;0.3739583333333334;80
3.375;0.12395833333333339;78
3.5;0.2489583333333334;76
3.75;0.1864583333333334;74
3.9375;0.06145833333333339;73
4.0;0.7489583333333334;73
