"Start";"Duration";"Pitch"
0.5;0.4989583333333333;73
1.0;0.4989583333333334;74
1.5;0.7489583333333334;76
2.25;0.2489583333333334;74
2.5;0.4989583333333334;73
3.0;0.4989583333333334;71
3.5;0.4989583333333334;71
4.0;0.4989583333333334;71
4.5;0.4989583333333334;71
5.0;0.4989583333333334;76
5.5;0.4989583333333334;74
6.0;0.4989583333333334;73
