"Start";"Duration";"Pitch"
0.0;0.7489583333333333;69
0.75;0.24895833333333328;69
1.0;0.7489583333333334;74
1.75;0.2489583333333334;74
2.0;0.3739583333333334;76
2.375;0.12395833333333339;76
2.5;0.2489583333333334;76
2.75;0.12395833333333339;78
2.875;0.12395833333333339;79
3.0;0.4989583333333334;78
3.5;0.2489583333333334;76
3.75;0.2489583333333334;74
4.0;0.7489583333333334;81
4.75;0.2489583333333334;81
5.0;0.4989583333333334;81
5.5;0.2489583333333334;78
5.75;0.2489583333333334;74
