"Start";"Duration";"Pitch"
0.0;0.24895833333333334;76
0.25;0.24895833333333334;64
0.5;0.24895833333333328;76
0.75;0.24895833333333328;64
1.0;0.2489583333333334;76
1.25;0.2489583333333334;64
1.5;0.2489583333333334;76
1.75;0.2489583333333334;64
2.0;0.2489583333333334;76
2.25;0.12395833333333339;64
2.375;0.12395833333333339;65
2.5;0.2489583333333334;67
2.75;0.2489583333333334;69
3.0;0.2489583333333334;71
3.25;0.2489583333333334;72
3.5;0.2489583333333334;74
3.75;0.2489583333333334;75
