"Start";"Duration";"Pitch"
0.0;0.24895833333333334;74
0.25;0.3739583333333333;62
0.625;0.06145833333333328;66
0.6875;0.06145833333333328;69
0.75;0.24895833333333328;67
1.0;0.2489583333333334;64
1.25;0.2489583333333334;66
1.5;0.2489583333333334;67
1.75;0.2489583333333334;64
2.0;0.2489583333333334;69
2.25;0.2489583333333334;66
2.5;0.2489583333333334;71
2.75;0.2489583333333334;69
3.0;0.2489583333333334;68
3.25;0.4989583333333334;68
3.75;0.2489583333333334;69
