"Start";"Duration";"Pitch"
0.0;0.24895833333333334;74
0.25;0.12395833333333334;79
0.375;0.12395833333333334;78
0.5;0.12395833333333328;81
0.625;0.12395833333333328;79
0.75;0.24895833333333328;83
1.0;0.2489583333333334;79
1.25;0.2489583333333334;78
1.5;0.2489583333333334;81
1.75;0.2489583333333334;74
2.0;0.2489583333333334;86
2.5;0.2489583333333334;83
3.0;0.2489583333333334;84
3.5;0.2489583333333334;83
3.75;0.2489583333333334;81
