"Start";"Duration";"Pitch"
0.0;0.49895833333333334;64
0.5;0.4989583333333333;62
1.0;0.3739583333333334;60
1.375;0.12395833333333339;61
1.5;0.2489583333333334;62
1.75;0.2489583333333334;64
2.0;0.2489583333333334;65
2.25;0.2489583333333334;69
2.5;0.2489583333333334;67
2.75;0.2489583333333334;65
3.0;0.2489583333333334;65
3.25;0.2489583333333334;64
3.5;0.3739583333333334;62
3.875;0.12395833333333339;63
4.0;0.4989583333333334;64
