"Start";"Duration";"Pitch"
0.0;0.24895833333333334;67
0.25;0.24895833333333334;63
0.5;0.24895833333333328;64
1.5;0.2489583333333334;71
1.75;0.2489583333333334;69
2.0;0.2489583333333334;67
3.0;0.2489583333333334;79
3.25;0.2489583333333334;78
3.5;0.9989583333333334;76
4.5;0.2489583333333334;72
4.75;0.2489583333333334;69
5.0;0.9989583333333334;66
6.0;0.2489583333333334;71
6.25;0.2489583333333334;69
6.5;0.4989583333333334;69
7.0;0.2489583333333334;67
7.25;0.2489583333333334;66
