"Start";"Duration";"Pitch"
0.0;1.9989583333333334;72
2.0;0.9989583333333334;65
3.0;0.9989583333333334;73
4.0;1.9989583333333334;64
6.0;1.4989583333333334;65
7.5;0.2489583333333334;67
7.75;0.2489583333333334;68
8.0;0.4989583333333325;70
8.5;0.4989583333333325;72
9.0;1.4989583333333325;73
10.5;0.2489583333333325;72
10.75;0.2489583333333325;70
11.0;0.4989583333333325;68
11.5;0.4989583333333325;67
12.0;0.9989583333333325;68
