"Start";"Duration";"Pitch"
0.25;0.4989583333333333;69
0.75;0.4989583333333334;68
1.25;0.4989583333333334;69
1.75;0.4989583333333334;71
2.25;0.4989583333333334;72
2.75;0.4989583333333334;71
3.25;0.4989583333333334;69
3.75;0.4989583333333334;67
4.25;0.4989583333333334;65
4.75;0.2489583333333334;64
5.0;0.12395833333333339;62
5.125;0.12395833333333339;60
5.25;0.12395833333333339;62
5.375;0.12395833333333339;59
5.5;0.2489583333333334;57
5.75;0.2489583333333334;64
