"Start";"Duration";"Pitch"
0.0;0.18645833333333334;81
0.1875;0.06145833333333334;77
0.25;0.24895833333333334;74
0.5;0.24895833333333328;74
0.75;0.18645833333333328;81
0.9375;0.06145833333333328;77
1.0;0.2489583333333334;74
1.25;0.2489583333333334;74
1.5;0.1864583333333334;77
1.6875;0.06145833333333339;74
1.75;0.2489583333333334;70
2.0;0.2489583333333334;70
2.25;0.2489583333333334;70
2.5;0.2489583333333334;70
2.75;0.2489583333333334;69
