"Start";"Duration";"Pitch"
0.0;0.49895833333333334;74
0.5;0.12395833333333328;73
0.625;0.12395833333333328;76
0.75;0.12395833333333328;73
0.875;0.12395833333333328;69
1.0;0.2489583333333334;74
1.25;0.2489583333333334;76
1.5;0.2489583333333334;78
1.75;0.2489583333333334;79
2.0;0.4989583333333334;81
2.5;0.12395833333333339;83
2.625;0.12395833333333339;86
2.75;0.12395833333333339;83
2.875;0.12395833333333339;79
3.0;0.4989583333333334;81
