"Start";"Duration";"Pitch"
0.0;0.9989583333333333;70
1.0;0.06354166666666661;74
1.0645833333333332;0.18333333333333335;72
1.25;0.2489583333333334;70
1.5;0.4989583333333334;70
2.0;0.4989583333333334;70
2.5;0.4989583333333334;70
3.0;0.4989583333333334;75
3.5;0.4989583333333334;75
4.0;0.4989583333333334;75
4.5;0.9989583333333334;75
5.5;0.4989583333333334;74
6.0;0.9989583333333334;72
7.0;0.4989583333333334;77
7.5;0.9989583333333325;70
8.5;0.4989583333333325;75
