"Start";"Duration";"Pitch"
0.0;1.2489583333333334;68
1.25;0.2489583333333334;73
1.5;0.2489583333333334;72
1.75;0.2489583333333334;73
2.0;0.2489583333333334;77
2.25;0.2489583333333334;75
2.5;0.2489583333333334;73
2.75;0.2489583333333334;72
3.0;0.12395833333333339;72
3.125;0.12395833333333339;70
3.25;0.2489583333333334;68
3.5;0.2489583333333334;67
3.75;0.7489583333333334;68
