"Start";"Duration";"Pitch"
0.0;0.9989583333333333;69
1.0;0.2489583333333334;60
1.5;0.9989583333333334;69
2.5;0.2489583333333334;60
3.0;0.4989583333333334;69
3.75;0.2489583333333334;70
4.0;0.2489583333333334;69
4.5;1.4989583333333334;72
6.0;0.4989583333333334;72
6.75;0.2489583333333334;74
7.0;0.4989583333333334;72
7.5;0.4989583333333334;82
8.0;0.2489583333333325;81
8.25;0.2489583333333325;79
8.5;0.2489583333333325;77
8.75;0.2489583333333325;74
9.0;0.4989583333333325;72
9.5;0.2489583333333325;70
