"Start";"Duration";"Pitch"
0.0;0.9989583333333333;64
1.0;0.9989583333333334;64
2.0;0.9989583333333334;64
3.0;0.2489583333333334;64
3.25;0.2489583333333334;66
3.5;0.2489583333333334;68
3.75;0.2489583333333334;69
4.0;0.9989583333333334;71
5.0;0.9989583333333334;71
6.0;0.7489583333333334;71
6.75;0.2489583333333334;73
7.0;0.2489583333333334;69
7.25;0.2489583333333334;64
7.5;0.2489583333333334;61
7.75;0.2489583333333334;62
8.0;1.9989583333333325;64
