"Start";"Duration";"Pitch"
0.0;0.49895833333333334;73
0.5;0.4989583333333333;77
1.0;0.7489583333333334;82
1.75;0.2489583333333334;80
2.0;0.2489583333333334;78
2.25;0.2489583333333334;77
2.5;0.2489583333333334;76
2.75;0.2489583333333334;75
3.0;0.2489583333333334;74
3.25;0.2489583333333334;73
3.5;0.2489583333333334;72
3.75;0.2489583333333334;73
