"Start";"Duration";"Pitch"
0.0;0.7489583333333333;57
0.75;0.4989583333333334;59
1.25;0.2489583333333334;61
1.5;0.7489583333333334;62
2.25;0.7489583333333334;65
3.0;0.7489583333333334;64
3.75;0.4989583333333334;61
4.25;0.2489583333333334;57
4.5;0.7489583333333334;62
5.25;0.7489583333333334;65
6.0;0.7489583333333334;64
6.75;0.06354166666666661;67
6.814583333333333;0.43333333333333357;65
7.25;0.2489583333333334;64
7.5;0.7489583333333325;69
8.25;0.4989583333333325;69
8.75;0.2489583333333325;65
