"Start";"Duration";"Pitch"
0.0;0.9989583333333333;81
1.0;0.9989583333333334;76
2.0;0.9989583333333334;77
3.0;0.9989583333333334;72
4.0;0.9989583333333334;74
5.0;0.9989583333333334;70
6.0;1.9989583333333334;69
