"Start";"Duration";"Pitch"
0.0;0.24895833333333334;67
0.25;0.4989583333333333;67
0.75;0.24895833333333328;68
1.0;0.12395833333333339;67
1.125;0.12395833333333339;65
1.25;0.4989583333333334;65
1.75;0.2489583333333334;70
2.0;0.12395833333333339;70
2.125;0.12395833333333339;63
2.25;0.4989583333333334;63
2.75;0.12395833333333339;72
2.875;0.12395833333333339;68
3.0;0.4989583333333334;67
3.5;0.2489583333333334;65
