"Start";"Duration";"Pitch"
0.5;0.3739583333333333;56
0.875;0.12395833333333328;68
1.0;0.7489583333333334;68
1.75;0.06145833333333339;69
1.8125;0.06145833333333339;68
1.875;0.06145833333333339;67
1.9375;0.06145833333333339;68
2.0;1.2489583333333334;71
3.25;0.2489583333333334;69
3.5;0.2489583333333334;68
3.75;0.2489583333333334;66
