"Start";"Duration";"Pitch"
0.0;0.9989583333333333;53
1.0;0.9989583333333334;52
2.0;0.9989583333333334;53
3.0;0.9989583333333334;50
4.0;0.9989583333333334;52
5.0;0.9989583333333334;48
6.0;1.9989583333333334;50
8.0;0.9989583333333325;53
9.0;0.4989583333333325;53
9.5;0.4989583333333325;55
10.0;0.4989583333333325;53
10.5;0.4989583333333325;52
11.0;0.4989583333333325;50
11.5;0.4989583333333325;48
12.0;0.9989583333333325;52
13.0;0.9989583333333325;53
14.0;1.9989583333333325;52
