"Start";"Duration";"Pitch"
0.0;0.24895833333333334;72
0.5;0.9989583333333334;71
1.5;0.9989583333333334;72
2.5;0.9989583333333334;67
3.5;0.2489583333333334;67
4.0;0.2489583333333334;68
4.25;0.2489583333333334;72
4.5;0.2489583333333334;73
5.0;0.2489583333333334;76
5.5;0.4989583333333334;77
6.25;0.2489583333333334;76
6.5;0.9989583333333334;71
7.5;0.2489583333333334;71
8.0;0.2489583333333325;72
