"Start";"Duration";"Pitch"
0.0;0.24895833333333334;77
0.375;0.12395833333333334;76
0.5;0.24895833333333328;77
1.0;0.2489583333333334;77
1.375;0.12395833333333339;76
1.5;0.2489583333333334;77
2.0;0.2489583333333334;77
2.375;0.12395833333333339;82
2.5;0.2489583333333334;80
2.875;0.12395833333333339;78
3.0;0.2489583333333334;77
3.375;0.12395833333333339;76
3.5;0.2489583333333334;77
