"Start";"Duration";"Pitch"
0.0;0.24895833333333334;80
0.375;0.12395833333333334;81
0.5;0.24895833333333328;83
0.875;0.12395833333333328;86
1.0;0.2489583333333334;85
1.375;0.12395833333333339;73
1.5;0.2489583333333334;75
1.875;0.12395833333333339;77
2.0;0.06145833333333339;78
2.0625;0.06145833333333339;80
2.125;0.12395833333333339;78
2.375;0.12395833333333339;77
2.5;0.2489583333333334;78
2.875;0.12395833333333339;80
3.0;0.9989583333333334;81
