"Start";"Duration";"Pitch"
0.0;0.24895833333333334;86
0.25;0.12395833333333334;84
0.375;0.12395833333333334;82
0.5;0.12395833333333328;84
0.625;0.12395833333333328;81
0.75;0.24895833333333328;82
1.0;0.2489583333333334;79
1.25;0.2489583333333334;74
1.5;0.2489583333333334;82
1.75;0.12395833333333339;81
1.875;0.12395833333333339;79
2.0;0.12395833333333339;81
2.125;0.12395833333333339;78
2.25;0.2489583333333334;79
2.5;0.2489583333333334;74
2.75;0.2489583333333334;70
3.0;0.7489583333333334;74
