"Start";"Duration";"Pitch"
0.0;0.49895833333333334;63
0.5;0.3739583333333333;70
0.875;0.06145833333333328;74
0.9375;0.06145833333333328;72
1.0;0.2489583333333334;70
1.25;0.2489583333333334;82
1.5;0.2489583333333334;74
1.75;0.2489583333333334;75
2.0;0.4989583333333334;77
2.5;0.3739583333333334;70
2.875;0.06145833333333339;74
2.9375;0.06145833333333339;72
3.0;0.2489583333333334;70
3.25;0.2489583333333334;82
3.5;0.2489583333333334;75
3.75;0.2489583333333334;77
4.0;0.4989583333333334;79
