"Start";"Duration";"Pitch"
0.0;0.7489583333333333;83
0.75;0.24895833333333328;83
1.0;0.9989583333333334;83
2.0;0.4989583333333334;79
2.5;0.4989583333333334;88
3.0;0.9989583333333334;88
4.0;0.4989583333333334;83
4.5;0.4989583333333334;91
5.0;0.4989583333333334;90
5.5;0.4989583333333334;88
6.0;0.4989583333333334;84
6.5;0.4989583333333334;88
7.0;1.4989583333333325;83
