"Start";"Duration";"Pitch"
0.0;1.9989583333333334;59
2.0;1.9989583333333334;60
4.0;1.7489583333333334;62
5.75;0.2489583333333334;64
6.0;1.9989583333333334;64
8.0;1.4989583333333325;66
9.5;0.4989583333333325;67
10.0;0.9989583333333325;69
11.0;0.4989583333333325;66
11.5;0.4989583333333325;67
12.0;0.4989583333333325;69
12.5;0.4989583333333325;72
13.0;0.4989583333333325;71
13.5;0.4989583333333325;67
14.0;0.4989583333333325;66
14.5;0.4989583333333325;64
15.0;0.4989583333333325;62
