"Start";"Duration";"Pitch"
0.0;1.9989583333333334;82
2.0;0.9989583333333334;81
3.0;0.9989583333333334;79
4.0;0.9989583333333334;77
5.5;0.2489583333333334;81
6.0;0.4989583333333334;79
6.5;0.4989583333333334;77
7.0;0.4989583333333334;76
7.5;0.4989583333333334;74
8.0;0.2489583333333325;72
8.25;0.2489583333333325;82
8.5;0.9989583333333325;82
