"Start";"Duration";"Pitch"
0.5;0.06354166666666661;77
0.5645833333333333;0.9333333333333332;89
1.5;0.2489583333333334;87
1.875;0.12395833333333339;86
2.0;0.4989583333333334;89
2.5;0.9989583333333334;87
3.5;0.4989583333333334;77
4.0;0.9989583333333334;87
5.0;0.3739583333333334;87
5.375;0.12395833333333339;89
5.5;0.3739583333333334;87
5.875;0.12395833333333339;86
6.0;0.9989583333333334;84
