"Start";"Duration";"Pitch"
0.0;0.9989583333333333;76
1.0;0.7489583333333334;73
1.75;0.2489583333333334;74
2.0;0.2489583333333334;78
2.25;0.2489583333333334;76
2.5;0.2489583333333334;74
2.75;0.2489583333333334;73
3.0;0.4989583333333334;73
4.0;0.4989583333333334;74
4.5;0.2489583333333334;71
5.0;0.4989583333333334;74
5.5;0.2489583333333334;71
6.0;0.9989583333333334;69
7.0;0.2489583333333334;68
