"Start";"Duration";"Pitch"
0.0;1.4989583333333334;74
1.5;0.4989583333333334;67
2.0;0.9989583333333334;66
3.0;0.2489583333333334;66
3.25;0.2489583333333334;67
3.5;0.2489583333333334;69
3.75;0.2489583333333334;71
4.0;0.9989583333333334;72
5.0;0.4989583333333334;71
5.5;0.4989583333333334;69
6.0;1.4989583333333334;71
7.5;0.4989583333333334;72
8.0;1.4989583333333325;74
9.5;0.2489583333333325;83
9.75;0.2489583333333325;79
10.0;0.9989583333333325;79
11.0;0.2489583333333325;79
