"Start";"Duration";"Pitch"
0.5;0.4989583333333333;63
1.0;0.4989583333333334;67
1.5;1.9989583333333334;70
3.5;0.4989583333333334;79
4.0;0.4989583333333334;77
4.5;0.9989583333333334;75
5.5;0.4989583333333334;74
6.5;0.4989583333333334;74
7.0;0.4989583333333334;77
7.5;1.9989583333333325;70
9.5;0.4989583333333325;62
10.0;0.4989583333333325;65
10.5;0.9989583333333325;68
11.5;0.4989583333333325;67
