"Start";"Duration";"Pitch"
0.0;0.24895833333333334;62
0.25;0.24895833333333334;65
0.5;0.9989583333333334;70
1.5;0.4989583333333334;69
2.0;0.4989583333333334;67
2.5;0.4989583333333334;72
3.0;0.4989583333333334;70
3.5;0.4989583333333334;69
4.0;0.4989583333333334;77
4.5;0.4989583333333334;75
5.0;0.4989583333333334;74
5.5;0.4989583333333334;77
