"Start";"Duration";"Pitch"
0.0;0.9989583333333333;70
1.0;0.9989583333333334;74
2.0;0.2489583333333334;74
2.25;0.2489583333333334;72
2.5;0.4989583333333334;70
4.0;0.9989583333333334;75
5.0;0.9989583333333334;79
6.0;0.4989583333333334;69
6.5;0.4989583333333334;70
8.0;0.2489583333333325;77
8.5;0.9989583333333325;77
9.5;0.2489583333333325;75
9.75;0.2489583333333325;74
10.0;0.2489583333333325;74
10.25;0.2489583333333325;72
10.5;0.9989583333333325;72
