"Start";"Duration";"Pitch"
0.0;0.7489583333333333;79
0.75;0.7489583333333334;77
1.5;0.7489583333333334;75
2.25;0.4989583333333334;74
2.75;0.2489583333333334;77
3.0;0.2489583333333334;76
3.25;0.2489583333333334;77
3.5;0.2489583333333334;75
3.75;0.2489583333333334;73
4.0;0.2489583333333334;74
4.25;0.2489583333333334;69
4.5;0.2489583333333334;70
4.75;0.2489583333333334;66
5.0;0.2489583333333334;64
5.25;0.12395833333333339;65
