"Start";"Duration";"Pitch"
0.0;0.49895833333333334;74
0.5;0.12395833333333328;73
0.625;0.12395833333333328;74
0.75;0.12395833333333328;73
0.875;0.12395833333333328;74
1.0;0.12395833333333339;73
1.125;0.12395833333333339;74
1.25;0.12395833333333339;73
1.375;0.12395833333333339;74
1.5;0.12395833333333339;76
1.625;0.12395833333333339;74
1.75;0.12395833333333339;72
1.875;0.12395833333333339;71
2.0;0.4989583333333334;71
