"Start";"Duration";"Pitch"
0.0;0.7489583333333333;81
0.75;0.12395833333333328;79
0.875;0.12395833333333328;77
1.0;0.2489583333333334;76
1.25;0.2489583333333334;74
1.5;0.7489583333333334;82
2.25;0.12395833333333339;81
2.375;0.12395833333333339;79
2.5;0.2489583333333334;77
2.75;0.2489583333333334;76
3.0;0.7489583333333334;81
3.75;0.2489583333333334;79
4.0;0.2489583333333334;77
4.25;0.2489583333333334;76
4.5;0.4989583333333334;74
