"Start";"Duration";"Pitch"
0.0;0.49895833333333334;84
0.5;0.3739583333333333;81
0.875;0.12395833333333328;82
1.0;0.4989583333333334;84
1.5;0.2489583333333334;86
2.0;0.2489583333333334;82
2.5;0.2489583333333334;79
3.0;0.4989583333333334;81
3.5;0.3739583333333334;77
3.875;0.12395833333333339;79
4.0;0.4989583333333334;81
4.5;0.2489583333333334;82
5.0;0.2489583333333334;79
5.5;0.2489583333333334;76
