"Start";"Duration";"Pitch"
0.0;0.7489583333333333;84
0.75;0.24895833333333328;81
1.0;0.7489583333333334;77
1.75;0.2489583333333334;81
2.0;0.7489583333333334;72
2.75;0.2489583333333334;81
3.0;0.2489583333333334;84
3.25;0.2489583333333334;82
4.0;0.12395833333333339;84
4.125;0.12395833333333339;82
4.5;0.12395833333333339;81
4.625;0.12395833333333339;79
5.0;0.12395833333333339;77
5.125;0.12395833333333339;76
5.5;0.12395833333333339;81
5.625;0.12395833333333339;79
