"Start";"Duration";"Pitch"
0.0;0.9989583333333333;65
1.0;0.4989583333333334;70
1.5;0.4989583333333334;74
2.0;0.4989583333333334;75
2.5;0.4989583333333334;74
3.0;0.4989583333333334;70
3.5;0.2489583333333334;71
3.75;0.2489583333333334;67
4.0;0.4989583333333334;72
4.5;0.4989583333333334;70
5.0;0.4989583333333334;67
5.5;0.4989583333333334;63
6.0;0.4989583333333334;62
6.5;0.4989583333333334;58
7.0;0.9989583333333334;65
