"Start";"Duration";"Pitch"
0.0;0.9989583333333333;74
1.0;0.2489583333333334;83
1.25;0.2489583333333334;79
1.5;0.2489583333333334;79
1.75;0.2489583333333334;78
2.0;0.4989583333333334;78
2.5;0.4989583333333334;78
3.0;0.4989583333333334;78
3.5;0.4989583333333334;84
4.0;0.12395833333333339;83
4.125;0.12395833333333339;81
4.25;0.12395833333333339;79
4.375;0.12395833333333339;78
4.5;0.2489583333333334;79
4.75;0.2489583333333334;83
5.0;0.4989583333333334;74
