"Start";"Duration";"Pitch"
1.0;0.9989583333333334;74
2.0;0.9989583333333334;71
3.0;1.2489583333333334;76
4.25;0.2489583333333334;74
4.5;0.2489583333333334;72
4.75;0.2489583333333334;71
5.0;0.2489583333333334;72
5.25;0.2489583333333334;71
5.5;0.2489583333333334;69
5.75;0.2489583333333334;67
6.0;0.9989583333333334;66
7.0;0.9989583333333334;74
