"Start";"Duration";"Pitch"
0.0;0.49895833333333334;73
1.0;0.4989583333333334;73
2.0;1.4989583333333334;76
3.5;0.2489583333333334;74
3.75;0.2489583333333334;71
4.0;0.4989583333333334;69
4.5;0.4989583333333334;69
5.0;0.4989583333333334;69
5.5;0.4989583333333334;69
6.0;0.2489583333333334;68
6.25;0.2489583333333334;69
6.5;0.2489583333333334;71
6.75;0.2489583333333334;68
7.0;0.4989583333333334;64
