"Start";"Duration";"Pitch"
0.0;0.7489583333333333;83
0.75;0.7489583333333334;82
1.5;0.7489583333333334;83
2.25;2.7489583333333334;73
5.5;0.4989583333333334;72
6.0;0.4989583333333334;73
6.5;0.4989583333333334;76
7.0;0.4989583333333334;79
7.5;0.9989583333333325;83
8.5;2.4989583333333325;74
11.0;0.4989583333333325;86
11.5;0.4989583333333325;85
12.0;0.4989583333333325;86
12.5;0.4989583333333325;83
13.0;0.4989583333333325;78
13.5;1.4989583333333325;85
