"Start";"Duration";"Pitch"
0.0;0.24895833333333334;64
0.25;0.4989583333333333;69
0.75;0.4989583333333334;73
1.25;0.12395833333333339;76
1.375;0.12395833333333339;75
1.5;0.2489583333333334;74
2.0;0.2489583333333334;71
2.25;0.3739583333333334;73
2.625;0.06145833333333339;71
2.6875;0.06145833333333339;73
2.75;0.1864583333333334;74
2.9375;0.06145833333333339;71
3.0;0.1864583333333334;74
3.1875;0.06145833333333339;71
3.25;0.4989583333333334;69
3.75;0.2489583333333334;68
