"Start";"Duration";"Pitch"
0.375;0.12395833333333334;73
0.5;0.9989583333333334;78
1.875;0.12395833333333339;69
2.0;0.9989583333333334;76
3.375;0.12395833333333339;66
3.5;0.2489583333333334;75
3.875;0.12395833333333339;69
4.0;0.4989583333333334;76
4.875;0.12395833333333339;73
5.0;1.2489583333333334;78
6.25;0.12395833333333339;76
6.375;0.12395833333333339;78
6.5;0.9989583333333334;85
