"Start";"Duration";"Pitch"
0.0;1.9989583333333334;70
2.0;1.9989583333333334;82
4.0;0.06145833333333339;81
4.0625;0.06145833333333339;79
4.125;0.3739583333333334;77
4.5;0.2489583333333334;77
4.75;0.2489583333333334;77
5.0;0.4989583333333334;77
6.0;0.06145833333333339;81
6.0625;0.06145833333333339;79
6.125;0.3739583333333334;77
6.5;0.2489583333333334;77
6.75;0.2489583333333334;77
7.0;0.4989583333333334;77
