"Start";"Duration";"Pitch"
0.0;0.9989583333333333;74
1.0;0.4989583333333334;71
1.5;0.4989583333333334;74
2.0;0.9989583333333334;79
3.0;0.4989583333333334;74
3.5;0.4989583333333334;79
4.0;0.4989583333333334;76
4.5;0.4989583333333334;72
5.0;0.4989583333333334;79
5.5;0.4989583333333334;76
6.0;0.7489583333333334;74
6.75;0.2489583333333334;71
7.0;0.4989583333333334;67
