"Start";"Duration";"Pitch"
0.0;1.4989583333333334;77
1.5;0.4989583333333334;76
2.0;1.4989583333333334;75
3.5;0.12395833333333339;77
3.625;0.12395833333333339;75
3.75;0.12395833333333339;74
3.875;0.12395833333333339;72
4.0;0.4989583333333334;70
4.5;0.4989583333333334;70
5.0;0.4989583333333334;70
5.5;0.4989583333333334;72
6.0;0.7489583333333334;74
6.75;0.2489583333333334;75
7.0;0.4989583333333334;72
