"Start";"Duration";"Pitch"
0.0;1.4989583333333334;82
2.0;0.2489583333333334;70
2.5;0.2489583333333334;72
3.0;0.2489583333333334;74
3.5;0.2489583333333334;75
4.0;0.2489583333333334;76
4.5;0.2489583333333334;77
5.0;0.2489583333333334;79
5.5;0.2489583333333334;74
6.0;0.7489583333333334;75
6.75;0.2489583333333334;74
7.0;0.4989583333333334;72
