"Start";"Duration";"Pitch"
0.0;0.9989583333333333;81
1.0;0.9989583333333334;75
2.0;0.7489583333333334;76
2.75;0.12395833333333339;78
2.875;0.12395833333333339;80
3.0;0.4989583333333334;71
4.0;0.9989583333333334;81
5.0;0.9989583333333334;75
6.0;0.7489583333333334;76
6.75;0.12395833333333339;78
6.875;0.12395833333333339;80
7.0;0.4989583333333334;71
