"Start";"Duration";"Pitch"
0.5;0.7489583333333334;86
1.25;0.2489583333333334;86
1.5;0.9989583333333334;86
2.5;0.4989583333333334;86
3.5;0.7489583333333334;86
4.25;0.2489583333333334;86
4.5;0.9989583333333334;86
5.5;0.4989583333333334;86
6.5;0.7489583333333334;83
7.25;0.2489583333333334;83
7.5;0.9989583333333325;83
8.5;0.4989583333333325;83
9.5;0.7489583333333325;83
10.25;0.2489583333333325;83
10.5;0.9989583333333325;83
11.5;0.4989583333333325;83
