"Start";"Duration";"Pitch"
0.0;0.49895833333333334;76
0.5;0.12395833333333328;74
0.625;0.12395833333333328;67
0.75;0.12395833333333328;77
0.875;0.12395833333333328;76
1.0;0.4989583333333334;76
1.5;0.12395833333333339;74
1.625;0.12395833333333339;67
1.75;0.12395833333333339;77
1.875;0.12395833333333339;76
2.0;0.4989583333333334;76
2.5;0.12395833333333339;74
2.625;0.12395833333333339;67
2.75;0.12395833333333339;77
2.875;0.12395833333333339;76
3.0;0.4989583333333334;76
3.5;0.2489583333333334;74
