"Start";"Duration";"Pitch"
0.0;0.49895833333333334;72
0.5;0.4989583333333333;71
1.0;0.2489583333333334;72
1.25;0.2489583333333334;76
1.5;1.4989583333333334;67
3.0;0.4989583333333334;79
3.5;0.7489583333333334;79
4.25;0.2489583333333334;79
4.5;0.4989583333333334;77
5.0;0.4989583333333334;76
5.5;0.4989583333333334;81
6.0;0.4989583333333334;79
6.5;0.4989583333333334;77
7.0;0.4989583333333334;79
7.5;0.4989583333333334;77
8.0;0.4989583333333325;76
8.5;0.4989583333333325;74
9.0;0.4989583333333325;72
