"Start";"Duration";"Pitch"
0.0;0.49895833333333334;75
0.5;0.4989583333333333;76
1.0;0.4989583333333334;78
1.5;1.2489583333333334;75
2.0;0.2489583333333334;72
2.25;0.2489583333333334;68
3.0;0.4989583333333334;75
3.5;0.4989583333333334;76
4.0;0.4989583333333334;81
4.5;1.4989583333333334;75
5.0;0.2489583333333334;72
5.25;0.2489583333333334;68
6.0;0.4989583333333334;75
6.5;0.4989583333333334;76
7.0;0.4989583333333334;78
7.5;0.4989583333333334;78
8.0;0.4989583333333325;80
8.5;0.4989583333333325;76
