"Start";"Duration";"Pitch"
0.0;0.9989583333333333;62
1.0;0.2489583333333334;64
1.25;0.2489583333333334;66
1.5;0.2489583333333334;67
1.75;0.2489583333333334;69
2.0;0.2489583333333334;70
2.25;0.2489583333333334;72
2.5;0.4989583333333334;74
3.0;0.4989583333333334;74
3.5;0.4989583333333334;70
4.0;0.4989583333333334;67
4.5;0.4989583333333334;62
5.0;0.4989583333333334;62
5.5;0.4989583333333334;58
6.0;0.4989583333333334;55
6.5;0.4989583333333334;48
7.0;0.4989583333333334;50
7.5;0.4989583333333334;43
