"Start";"Duration";"Pitch"
0.0;0.49895833333333334;66
0.5;0.4989583333333333;74
1.0;0.2489583333333334;74
1.25;0.2489583333333334;74
1.5;0.2489583333333334;74
1.75;0.2489583333333334;74
2.0;0.4989583333333334;71
2.5;0.4989583333333334;71
3.0;0.4989583333333334;71
3.5;0.4989583333333334;73
4.0;0.2489583333333334;73
4.25;0.2489583333333334;73
4.5;0.2489583333333334;73
4.75;0.2489583333333334;73
5.0;1.4989583333333334;66
