"Start";"Duration";"Pitch"
0.0;0.49895833333333334;55
0.5;0.9989583333333334;60
1.5;0.4989583333333334;62
2.0;0.3739583333333334;63
2.375;0.12395833333333339;56
2.5;0.4989583333333334;58
3.0;0.4989583333333334;60
3.5;1.4989583333333334;63
5.0;1.4989583333333334;62
6.5;0.9989583333333334;61
