"Start";"Duration";"Pitch"
0.0;0.9989583333333333;81
1.0;0.4989583333333334;77
1.5;0.4989583333333334;79
2.0;0.7489583333333334;81
2.75;0.2489583333333334;81
3.0;0.9989583333333334;81
4.0;0.4989583333333334;65
4.5;0.4989583333333334;67
5.0;0.9989583333333334;69
6.0;0.9989583333333334;86
7.0;0.4989583333333334;82
7.5;0.4989583333333334;84
8.0;0.7489583333333325;86
8.75;0.2489583333333325;88
9.0;0.4989583333333325;89
