"Start";"Duration";"Pitch"
0.5;0.4989583333333333;78
1.0;0.4989583333333334;81
1.5;0.4989583333333334;79
2.0;0.4989583333333334;78
2.5;0.4989583333333334;73
3.0;0.4989583333333334;71
3.5;0.4989583333333334;73
4.0;0.4989583333333334;74
4.5;1.4989583333333334;69
6.0;2.9989583333333325;66
