"Start";"Duration";"Pitch"
0.0;0.24895833333333334;64
0.25;0.7489583333333333;65
1.0;0.2489583333333334;69
1.25;0.7489583333333334;64
2.0;0.2489583333333334;69
2.25;0.7489583333333334;72
3.0;0.2489583333333334;71
3.25;0.4989583333333334;69
3.75;0.4989583333333334;64
4.25;0.7489583333333334;65
5.0;0.2489583333333334;69
5.25;0.4989583333333334;64
5.75;0.2489583333333334;69
6.0;0.2489583333333334;72
6.25;1.4989583333333334;76
