"Start";"Duration";"Pitch"
0.0;0.49895833333333334;66
0.5;0.06145833333333328;71
0.5625;0.06145833333333328;69
0.625;0.12395833333333328;67
0.875;0.12395833333333328;66
1.0;0.4989583333333334;67
1.5;0.4989583333333334;71
2.0;0.9989583333333334;69
3.0;0.4989583333333334;74
3.5;0.2489583333333334;73
3.875;0.12395833333333339;71
4.0;0.4989583333333334;69
4.5;0.4989583333333334;79
5.0;0.2489583333333334;78
5.375;0.12395833333333339;76
5.5;0.4989583333333334;74
