"Start";"Duration";"Pitch"
0.0;0.7489583333333333;64
0.75;0.7489583333333334;68
1.5;0.7489583333333334;71
2.25;0.7489583333333334;74
3.0;0.9989583333333334;75
4.0;0.2489583333333334;76
4.25;0.2489583333333334;70
4.5;0.4989583333333334;71
5.0;0.2489583333333334;66
5.25;0.2489583333333334;66
5.5;0.2489583333333334;71
5.75;0.2489583333333334;75
6.0;0.9989583333333334;78
7.0;0.2489583333333334;80
7.25;0.2489583333333334;76
7.5;0.4989583333333334;75
