"Start";"Duration";"Pitch"
0.5;0.9989583333333334;70
1.5;0.2489583333333334;68
1.75;0.2489583333333334;66
2.0;0.4989583333333334;66
2.5;0.9989583333333334;65
3.5;0.4989583333333334;66
4.0;0.4989583333333334;68
4.5;0.4989583333333334;70
5.0;0.4989583333333334;71
5.5;0.7489583333333334;73
6.25;0.7489583333333334;71
7.0;0.4989583333333334;70
