"Start";"Duration";"Pitch"
0.0;0.9989583333333333;68
1.0;0.3739583333333334;68
1.375;0.12395833333333339;66
1.5;0.9989583333333334;66
2.5;0.4989583333333334;66
3.0;0.9989583333333334;69
4.0;0.2489583333333334;69
4.25;0.12395833333333339;68
4.375;0.12395833333333339;66
4.5;0.4989583333333334;68
