"Start";"Duration";"Pitch"
0.0;0.24895833333333334;69
0.25;0.3739583333333333;74
0.625;0.12395833333333328;74
0.75;0.24895833333333328;78
1.0;0.2489583333333334;78
1.25;0.4989583333333334;74
1.75;0.4989583333333334;69
2.25;0.4364583333333334;69
2.6875;0.06145833333333339;69
2.75;0.1864583333333334;76
2.9375;0.06145833333333339;74
3.0;0.1864583333333334;73
3.1875;0.06145833333333339;71
3.25;0.7489583333333334;69
