"Start";"Duration";"Pitch"
0.0;1.4989583333333334;71
1.5;1.4989583333333334;71
3.0;0.4989583333333334;71
3.5;0.4989583333333334;73
4.0;0.4989583333333334;74
4.5;1.4989583333333334;73
6.0;1.4989583333333334;78
7.5;1.4989583333333325;74
9.0;0.4989583333333325;73
9.5;0.4989583333333325;76
10.0;0.4989583333333325;73
10.5;1.4989583333333325;74
