"Start";"Duration";"Pitch"
0.0;0.24895833333333334;57
0.25;0.24895833333333334;61
0.5;0.4989583333333333;64
1.5;0.2489583333333334;57
1.75;0.2489583333333334;61
2.0;0.4989583333333334;66
3.0;0.2489583333333334;63
3.25;0.2489583333333334;66
3.5;0.4989583333333334;71
4.5;0.4989583333333334;75
5.0;0.4989583333333334;76
