"Start";"Duration";"Pitch"
0.0;0.12395833333333334;75
0.125;0.12395833333333334;76
0.25;0.4989583333333333;78
0.75;0.12395833333333328;73
0.875;0.12395833333333328;75
1.0;0.4989583333333334;76
1.5;0.12395833333333339;71
1.625;0.12395833333333339;73
1.75;0.4989583333333334;75
2.25;0.2489583333333334;73
2.5;0.4989583333333334;71
3.0;0.2489583333333334;70
3.25;0.2489583333333334;68
3.5;0.2489583333333334;73
3.75;0.2489583333333334;70
4.0;0.4989583333333334;71
