"Start";"Duration";"Pitch"
0.0;1.9989583333333334;70
2.0;0.9989583333333334;70
3.0;0.9989583333333334;70
4.0;1.9989583333333334;70
6.0;1.9989583333333334;66
8.0;1.9989583333333325;68
10.0;0.4989583333333325;66
10.5;0.4989583333333325;65
11.0;0.4989583333333325;63
11.5;0.4989583333333325;61
12.0;0.9989583333333325;66
13.0;0.9989583333333325;70
14.0;1.4989583333333325;68
