"Start";"Duration";"Pitch"
0.0;0.49895833333333334;55
0.5;0.4989583333333333;55
1.0;0.24791666666666656;56
1.2489583333333334;0.24791666666666656;58
1.5;0.24791666666666656;60
1.75;0.12395833333333339;58
1.875;0.12395833333333339;56
2.0;0.2489583333333334;55
2.25;0.2489583333333334;63
2.5;0.3739583333333334;59
2.875;0.06145833333333339;57
2.9375;0.06145833333333339;59
3.0;0.9989583333333334;60
