"Start";"Duration";"Pitch"
0.0;0.49895833333333334;72
0.5;0.12395833333333328;71
0.625;0.12395833333333328;72
0.75;0.24895833333333328;71
1.0;0.4989583333333334;69
1.5;0.7489583333333334;76
2.25;0.12395833333333339;72
2.375;0.12395833333333339;69
2.5;1.4989583333333334;64
4.0;0.4989583333333334;64
4.5;0.4989583333333334;64
5.0;0.4989583333333334;64
5.5;0.4989583333333334;64
6.0;0.4989583333333334;69
6.5;1.4989583333333334;68
