"Start";"Duration";"Pitch"
0.0;0.24895833333333334;65
0.25;0.24895833333333334;65
0.5;0.24895833333333328;67
0.75;0.24895833333333328;69
1.0;0.2489583333333334;70
1.25;0.2489583333333334;70
1.5;0.2489583333333334;69
1.75;0.2489583333333334;67
2.0;0.2489583333333334;65
2.25;0.2489583333333334;70
2.5;0.2489583333333334;70
2.75;0.12395833333333339;74
2.875;0.12395833333333339;72
3.0;0.12395833333333339;70
3.125;0.12395833333333339;72
3.25;0.4989583333333334;74
3.75;0.2489583333333334;70
