"Start";"Duration";"Pitch"
0.0;0.7489583333333333;78
0.75;0.12395833333333328;78
0.875;0.12395833333333328;76
1.0;0.2489583333333334;74
1.25;0.2489583333333334;76
1.5;0.4989583333333334;74
2.0;0.2489583333333334;78
2.25;0.7489583333333334;69
3.0;0.2489583333333334;71
3.25;0.2489583333333334;73
3.5;0.2489583333333334;74
3.75;0.2489583333333334;76
4.0;0.2489583333333334;78
4.25;0.2489583333333334;79
4.5;0.4989583333333334;80
5.0;0.2489583333333334;83
5.25;0.4989583333333334;81
