"Start";"Duration";"Pitch"
0.0;0.49895833333333334;74
0.5;0.24895833333333328;74
0.75;0.24895833333333328;74
1.0;0.2489583333333334;74
1.25;0.2489583333333334;74
1.5;0.4989583333333334;71
2.0;0.2489583333333334;71
2.25;0.2489583333333334;71
2.5;0.2489583333333334;71
2.75;0.2489583333333334;71
3.0;0.4989583333333334;73
3.5;0.2489583333333334;73
3.75;0.2489583333333334;78
4.0;0.2489583333333334;78
4.25;0.2489583333333334;76
4.5;1.4989583333333334;74
