"Start";"Duration";"Pitch"
0.0;0.7489583333333333;73
0.75;0.7489583333333334;76
1.5;0.7489583333333334;75
2.25;0.7489583333333334;78
3.0;0.2489583333333334;76
3.25;0.4989583333333334;80
3.75;0.2489583333333334;78
4.0;1.2489583333333334;81
