"Start";"Duration";"Pitch"
0.0;0.49895833333333334;74
0.5;0.4989583333333333;72
1.0;0.4989583333333334;70
1.5;0.4989583333333334;69
2.0;0.06354166666666661;72
2.064583333333333;0.43333333333333357;70
2.5;0.4989583333333334;69
3.0;1.4989583333333334;67
4.5;0.4989583333333334;69
5.0;0.4989583333333334;70
5.5;0.4989583333333334;71
6.0;0.4989583333333334;72
