"Start";"Duration";"Pitch"
0.0;0.12395833333333334;65
0.125;0.12395833333333334;68
0.25;0.4989583333333333;70
0.75;0.24895833333333328;68
1.0;0.12395833333333339;65
1.125;0.12395833333333339;68
1.25;0.4989583333333334;73
1.75;0.2489583333333334;68
2.0;0.12395833333333339;68
2.125;0.12395833333333339;62
2.25;0.4989583333333334;66
2.75;0.2489583333333334;75
3.0;0.12395833333333339;77
3.125;0.12395833333333339;75
3.25;0.4989583333333334;73
3.75;0.2489583333333334;68
