"Start";"Duration";"Pitch"
0.0;0.49895833333333334;70
0.5;0.4989583333333333;70
1.0;0.4989583333333334;69
1.5;0.4989583333333334;70
2.0;0.4989583333333334;72
2.5;1.4989583333333334;74
4.0;0.2489583333333334;72
4.25;0.2489583333333334;70
4.5;0.4989583333333334;72
5.0;0.4989583333333334;72
5.5;0.4989583333333334;72
6.0;0.2489583333333334;70
6.25;0.2489583333333334;69
6.5;1.4989583333333334;70
