"Start";"Duration";"Pitch"
0.0;0.49895833333333334;82
0.5;0.4989583333333333;81
1.0;0.4989583333333334;82
1.5;0.4989583333333334;79
2.0;0.2489583333333334;81
2.25;0.2489583333333334;82
2.5;0.2489583333333334;84
2.75;0.2489583333333334;86
3.0;0.4989583333333334;82
3.5;0.2489583333333334;84
3.75;0.2489583333333334;82
4.0;0.2489583333333334;81
4.25;0.2489583333333334;79
4.5;0.4989583333333334;77
5.0;0.4989583333333334;77
5.5;0.4989583333333334;77
