"Start";"Duration";"Pitch"
0.0;1.4989583333333334;78
1.5;0.7489583333333334;71
2.25;0.2489583333333334;70
2.5;0.2489583333333334;71
2.75;0.2489583333333334;73
3.0;1.4989583333333334;78
4.5;0.7489583333333334;71
5.25;0.2489583333333334;70
5.5;0.2489583333333334;71
5.75;0.2489583333333334;73
6.0;1.4989583333333334;74
7.5;0.4989583333333334;76
8.0;0.7489583333333325;77
8.75;0.2489583333333325;76
9.0;0.4989583333333325;74
9.5;0.9989583333333325;73
10.5;0.4989583333333325;74
