"Start";"Duration";"Pitch"
0.0;1.4989583333333334;70
1.5;0.9989583333333334;69
2.5;0.4989583333333334;70
3.0;1.4989583333333334;74
4.5;1.4989583333333334;72
6.0;1.9989583333333334;74
8.0;0.2489583333333325;72
8.25;0.2489583333333325;71
8.5;0.2489583333333325;69
8.75;0.2489583333333325;67
9.0;0.9989583333333325;67
10.0;0.9989583333333325;72
11.0;0.7489583333333325;74
11.75;0.2489583333333325;72
12.0;0.4989583333333325;70
