"Start";"Duration";"Pitch"
0.0;0.49895833333333334;67
0.5;0.9989583333333334;60
1.5;0.4989583333333334;67
2.0;0.9989583333333334;60
3.0;0.4989583333333334;67
3.5;0.4989583333333334;59
4.25;0.2489583333333334;71
4.5;1.4989583333333334;71
6.0;0.4989583333333334;67
6.5;0.9989583333333334;59
7.5;0.4989583333333334;67
8.0;0.9989583333333325;59
9.0;0.4989583333333325;67
9.5;0.4989583333333325;60
10.25;0.2489583333333325;72
10.5;1.4989583333333325;72
