"Start";"Duration";"Pitch"
0.0;0.7489583333333333;66
0.75;0.24895833333333328;67
1.0;1.9989583333333334;76
3.0;0.7489583333333334;71
3.75;0.2489583333333334;72
4.0;1.9989583333333334;72
6.0;0.7489583333333334;71
6.75;0.2489583333333334;72
7.0;0.9989583333333334;67
8.0;0.2489583333333325;71
8.25;0.2489583333333325;72
8.5;0.9989583333333325;67
9.5;0.2489583333333325;71
9.75;0.2489583333333325;72
10.0;1.9989583333333325;65
