"Start";"Duration";"Pitch"
0.0;0.49895833333333334;79
0.5;0.4989583333333333;88
1.0;0.7489583333333334;84
1.75;0.2489583333333334;79
2.0;0.7489583333333334;79
2.75;0.2489583333333334;81
3.0;0.7489583333333334;79
3.75;0.2489583333333334;79
4.0;0.4989583333333334;79
4.5;0.7489583333333334;91
5.25;0.2489583333333334;88
5.5;0.2489583333333334;84
5.75;0.2489583333333334;81
6.0;0.7489583333333334;79
6.75;0.2489583333333334;86
7.0;0.7489583333333334;84
