"Start";"Duration";"Pitch"
0.0;0.24895833333333334;72
0.25;0.4989583333333333;81
1.25;0.4989583333333334;81
3.0;0.2489583333333334;81
3.25;0.4989583333333334;80
4.25;0.4989583333333334;81
5.25;0.7489583333333334;86
6.0;0.2489583333333334;81
6.25;0.9989583333333334;84
7.25;0.4989583333333334;79
7.75;0.9989583333333325;82
8.75;0.4989583333333325;76
9.25;0.4989583333333325;76
9.75;0.4989583333333325;77
10.25;0.4989583333333325;81
10.75;0.4989583333333325;72
