"Start";"Duration";"Pitch"
0.0;0.24895833333333334;80
0.5;0.7489583333333334;79
1.25;0.2489583333333334;77
1.5;0.4989583333333334;75
2.0;1.4989583333333334;73
3.5;0.7489583333333334;72
4.25;0.2489583333333334;70
4.5;0.9989583333333334;70
5.5;0.9989583333333334;68
6.5;0.7489583333333334;70
7.25;0.2489583333333334;65
7.5;0.9989583333333325;68
8.5;0.9989583333333325;67
9.5;0.4989583333333325;68
10.0;0.4989583333333325;70
10.5;0.9989583333333325;71
11.5;0.4989583333333325;72
