"Start";"Duration";"Pitch"
0.0;1.4989583333333334;54
1.5;1.4989583333333334;53
3.0;2.4989583333333334;54
5.5;0.4989583333333334;56
6.0;1.4989583333333334;57
7.5;1.4989583333333325;56
9.0;2.9989583333333325;55
