"Start";"Duration";"Pitch"
0.0;0.49895833333333334;81
0.5;0.4989583333333333;79
1.5;0.4989583333333334;81
2.0;0.4989583333333334;79
3.0;0.4989583333333334;81
3.5;1.9989583333333334;90
5.5;0.4989583333333334;88
6.0;0.4989583333333334;81
6.5;0.4989583333333334;78
7.5;0.4989583333333334;81
8.0;0.4989583333333325;78
9.0;0.4989583333333325;81
9.5;1.9989583333333325;88
11.5;0.4989583333333325;86
