"Start";"Duration";"Pitch"
0.0;0.9989583333333333;70
1.0;2.9989583333333334;82
4.0;0.9989583333333334;87
5.0;2.9989583333333334;77
8.0;0.9989583333333325;72
9.0;2.9989583333333325;84
12.0;0.9989583333333325;94
13.0;2.9989583333333325;91
