"Start";"Duration";"Pitch"
0.0;0.49895833333333334;74
1.0;0.4989583333333334;72
1.5;0.9989583333333334;72
2.5;0.4989583333333334;65
3.0;0.4989583333333334;74
4.0;0.4989583333333334;72
4.5;0.9989583333333334;72
5.5;0.4989583333333334;64
6.0;0.4989583333333334;74
7.0;0.4989583333333334;72
7.5;1.4989583333333325;76
9.0;0.9989583333333325;79
10.0;0.4989583333333325;70
10.5;1.4989583333333325;69
