"Start";"Duration";"Pitch"
0.5;0.9989583333333334;78
1.5;0.4989583333333334;76
2.0;1.4989583333333334;75
3.5;0.4989583333333334;73
4.0;1.4989583333333334;75
5.5;0.4989583333333334;73
6.0;0.9989583333333334;78
7.0;1.9989583333333325;71
9.0;0.4989583333333325;71
9.5;0.4989583333333325;70
10.0;0.9989583333333325;69
11.0;0.9989583333333325;73
12.0;0.9989583333333325;76
13.0;0.9989583333333325;85
14.0;1.9989583333333325;80
