"Start";"Duration";"Pitch"
0.5;0.9989583333333334;81
1.5;0.2489583333333334;84
2.5;0.4989583333333334;76
3.5;0.9989583333333334;79
4.5;0.2489583333333334;82
5.5;0.4989583333333334;81
6.5;0.9989583333333334;84
7.5;0.2489583333333334;88
8.5;0.4989583333333325;86
9.5;0.9989583333333325;84
10.5;0.2489583333333325;80
11.5;0.4989583333333325;81
