"Start";"Duration";"Pitch"
0.0;0.0625;74
0.06354166666666666;1.684375;83
1.75;0.2489583333333334;81
2.0;0.2489583333333334;79
2.25;0.2489583333333334;78
2.5;0.2489583333333334;79
2.75;0.2489583333333334;76
3.0;0.7489583333333334;79
3.75;0.2489583333333334;75
4.0;0.2489583333333334;76
4.25;0.2489583333333334;79
4.5;0.9989583333333334;78
5.5;0.4989583333333334;76
6.0;2.9989583333333325;74
