"Start";"Duration";"Pitch"
0.0;1.9989583333333334;65
2.0;0.9989583333333334;63
3.0;0.9989583333333334;61
4.0;2.4989583333333334;60
6.5;0.4989583333333334;58
7.0;0.4989583333333334;60
7.5;0.4989583333333334;61
8.0;0.9989583333333325;60
9.0;0.4989583333333325;58
9.5;0.4989583333333325;56
10.0;0.9989583333333325;55
11.0;0.9989583333333325;55
12.0;3.7489583333333325;60
