"Start";"Duration";"Pitch"
0.0;0.9989583333333333;75
1.0;0.9989583333333334;80
2.0;0.9989583333333334;75
3.0;0.9989583333333334;77
4.0;1.9989583333333334;75
6.0;1.9989583333333334;72
8.0;0.9989583333333325;75
9.0;0.9989583333333325;68
10.0;0.9989583333333325;72
11.0;0.06354166666666572;75
11.064583333333333;0.9333333333333336;73
12.0;3.9989583333333325;72
