"Start";"Duration";"Pitch"
0.0;0.9989583333333333;79
1.0;0.2489583333333334;78
1.25;0.2489583333333334;79
1.5;0.9989583333333334;88
3.0;0.9989583333333334;79
4.0;0.2489583333333334;78
4.25;0.2489583333333334;79
4.5;0.9989583333333334;89
6.0;0.9989583333333334;88
7.0;0.2489583333333334;86
7.25;0.2489583333333334;83
7.5;0.9989583333333325;77
9.0;0.9989583333333325;86
10.0;0.2489583333333325;84
10.25;0.2489583333333325;76
10.5;0.9989583333333325;79
