"Start";"Duration";"Pitch"
0.0;1.4989583333333334;83
1.5;2.2489583333333334;88
3.75;0.7489583333333334;87
4.5;1.4989583333333334;83
6.0;2.2489583333333325;88
8.25;0.7489583333333325;87
9.0;1.4989583333333325;80
10.5;2.2489583333333325;85
12.75;0.7489583333333325;83
13.5;1.4989583333333325;80
