"Start";"Duration";"Pitch"
0.0;0.37395833333333334;89
0.375;0.12395833333333334;85
0.5;0.4989583333333333;88
1.0;0.4989583333333334;84
2.0;0.3739583333333334;89
2.375;0.12395833333333339;85
2.5;0.4989583333333334;88
3.0;0.4989583333333334;84
4.0;0.4989583333333334;84
4.5;1.4989583333333334;96
6.0;0.3739583333333334;94
6.375;0.12395833333333339;91
6.5;1.4989583333333334;93
8.0;0.3739583333333325;91
8.375;0.1239583333333325;88
8.5;0.4989583333333325;89
9.0;0.7489583333333325;86
