"Start";"Duration";"Pitch"
0.0;0.49895833333333334;74
0.5;0.4989583333333333;73
1.0;0.4989583333333334;76
1.5;1.4989583333333334;74
3.0;0.4989583333333334;74
3.5;0.4989583333333334;73
4.0;0.4989583333333334;76
4.5;1.4989583333333334;74
6.0;0.4989583333333334;74
6.5;0.4989583333333334;76
7.0;0.4989583333333334;78
7.5;0.9989583333333325;79
8.5;0.4989583333333325;83
9.0;0.4989583333333325;81
9.5;0.4989583333333325;83
10.0;0.4989583333333325;81
10.5;1.4989583333333325;74
