"Start";"Duration";"Pitch"
0.0;0.24895833333333334;57
0.25;0.24895833333333334;61
0.5;0.6239583333333334;62
1.5;0.6239583333333334;64
2.5;0.2489583333333334;66
2.75;0.3739583333333334;69
3.125;0.12395833333333339;66
3.25;0.12395833333333339;62
3.375;0.12395833333333339;61
3.5;0.7489583333333334;59
4.25;0.2489583333333334;59
4.5;0.12395833333333339;57
4.625;0.12395833333333339;59
4.75;0.12395833333333339;61
4.875;0.12395833333333339;62
5.0;0.4989583333333334;67
