"Start";"Duration";"Pitch"
0.0;0.7489583333333333;64
0.75;0.24895833333333328;67
1.0;0.2489583333333334;79
2.0;0.9989583333333334;79
3.0;0.4989583333333334;76
3.5;0.2489583333333334;71
3.75;0.2489583333333334;72
4.0;1.9989583333333334;77
6.5;0.2489583333333334;65
6.75;0.2489583333333334;67
7.0;0.2489583333333334;79
8.0;0.9989583333333325;79
9.0;0.4989583333333325;77
9.5;0.2489583333333325;73
9.75;0.2489583333333325;74
10.0;1.9989583333333325;76
