"Start";"Duration";"Pitch"
0.0;0.7489583333333333;81
0.75;0.24895833333333328;81
1.0;0.4989583333333334;81
2.0;0.9989583333333334;81
3.0;0.7489583333333334;81
3.75;0.2489583333333334;81
4.0;0.4989583333333334;81
5.0;0.9989583333333334;80
6.0;0.7489583333333334;80
6.75;0.2489583333333334;80
7.0;0.4989583333333334;80
8.0;0.9989583333333325;78
9.0;0.7489583333333325;78
9.75;0.2489583333333325;78
10.0;0.4989583333333325;78
11.0;0.4989583333333325;76
