"Start";"Duration";"Pitch"
0.5;0.4989583333333333;80
1.0;0.4989583333333334;80
1.5;0.4989583333333334;80
2.0;0.4989583333333334;79
2.5;0.4989583333333334;72
3.0;1.4989583333333334;72
4.5;1.4989583333333334;70
6.5;0.4989583333333334;79
7.0;0.4989583333333334;79
7.5;0.4989583333333334;79
8.0;0.4989583333333325;77
8.5;0.4989583333333325;70
9.0;1.4989583333333325;70
10.5;1.4989583333333325;68
