"Start";"Duration";"Pitch"
0.0;0.49895833333333334;70
0.5;0.4989583333333333;68
1.0;0.12395833333333339;67
1.125;0.12395833333333339;70
1.25;0.12395833333333339;74
1.375;0.12395833333333339;75
1.5;0.4989583333333334;80
2.0;0.6239583333333334;79
3.5;0.4989583333333334;71
4.0;0.4989583333333334;65
4.5;0.12395833333333339;68
4.625;0.12395833333333339;80
4.75;0.2489583333333334;79
5.0;0.4989583333333334;78
5.5;0.12395833333333339;77
