"Start";"Duration";"Pitch"
0.0;0.24895833333333334;59
0.25;1.8322916666666664;64
2.0833333333333335;0.1656249999999999;63
2.25;1.8322916666666664;67
4.083333333333333;0.16562500000000036;66
4.25;0.4989583333333334;71
4.75;0.9989583333333334;70
5.75;0.4989583333333334;69
6.25;0.4989583333333334;68
6.75;0.4989583333333334;67
7.25;0.8322916666666664;66
8.083333333333334;0.16562499999999858;64
8.25;1.8322916666666664;69
10.083333333333334;0.16562499999999858;68
10.25;0.9989583333333325;72
