"Start";"Duration";"Pitch"
0.0;0.49895833333333334;65
0.5;0.24895833333333328;62
0.75;0.24895833333333328;65
1.0;0.4989583333333334;62
1.5;0.2489583333333334;65
1.75;0.048958333333333215;63
1.8;0.048958333333333215;65
1.8499999999999999;0.04895833333333344;63
1.9;0.04895833333333344;65
1.95;0.04895833333333344;63
2.0;0.2489583333333334;62
