"Start";"Duration";"Pitch"
0.0;0.8739583333333333;60
0.875;0.12395833333333328;60
1.0;0.8739583333333334;63
1.875;0.06145833333333339;62
1.9375;0.06145833333333339;60
2.0;0.9989583333333334;68
3.0;0.4989583333333334;60
3.5;0.3739583333333334;58
3.875;0.12395833333333339;56
4.0;0.8739583333333334;63
4.875;0.12395833333333339;63
5.0;0.8739583333333334;65
5.875;0.06145833333333339;63
5.9375;0.06145833333333339;65
6.0;0.4989583333333334;67
