"Start";"Duration";"Pitch"
0.0;0.24895833333333334;44
0.25;0.24895833333333334;44
0.5;0.24895833333333328;44
0.75;0.24895833333333328;44
1.0;0.2489583333333334;49
1.25;0.2489583333333334;49
1.5;0.2489583333333334;53
1.75;0.2489583333333334;56
2.0;0.2489583333333334;61
2.25;0.9989583333333334;65
3.25;0.2489583333333334;63
3.5;0.2489583333333334;61
3.75;0.7489583333333334;60
4.5;0.2489583333333334;61
4.75;0.2489583333333334;63
5.0;0.2489583333333334;65
5.25;0.7489583333333334;66
