"Start";"Duration";"Pitch"
0.0;0.49895833333333334;77
1.5;0.4989583333333334;76
3.0;0.4989583333333334;77
4.5;0.4989583333333334;73
6.0;0.4989583333333334;80
7.5;0.4989583333333334;79
9.0;0.4989583333333325;80
10.5;0.4989583333333325;75
