"Start";"Duration";"Pitch"
0.0;0.665625;66
0.6666666666666666;0.08229166666666665;65
0.75;0.08229166666666665;66
0.8333333333333334;0.08229166666666665;68
0.9166666666666666;0.08229166666666665;66
1.0;0.7489583333333334;75
1.75;0.2489583333333334;70
2.0;0.4989583333333334;73
2.5;1.2489583333333334;63
3.75;0.2489583333333334;65
4.0;1.4989583333333334;66
