"Start";"Duration";"Pitch"
0.5;0.7489583333333334;61
1.25;0.2489583333333334;59
1.5;0.9989583333333334;62
2.5;0.4989583333333334;61
3.5;0.7489583333333334;61
4.25;0.2489583333333334;59
4.5;0.9989583333333334;62
5.5;0.4989583333333334;61
6.5;0.7489583333333334;59
7.25;0.2489583333333334;58
7.5;0.9989583333333325;61
8.5;0.4989583333333325;59
9.5;0.4989583333333325;58
10.0;0.4989583333333325;59
10.5;1.4989583333333325;64
