"Start";"Duration";"Pitch"
0.0;0.6239583333333333;88
0.625;0.12395833333333328;83
0.75;0.12395833333333328;85
0.875;0.12395833333333328;80
1.0;0.12395833333333339;83
1.125;0.12395833333333339;78
1.25;0.12395833333333339;80
1.375;0.12395833333333339;76
1.5;0.12395833333333339;78
1.625;0.12395833333333339;73
1.75;0.2489583333333334;76
