"Start";"Duration";"Pitch"
0.0;0.49895833333333334;57
0.5;0.4989583333333333;62
1.0;0.4989583333333334;66
1.5;1.3739583333333334;67
2.875;0.12395833333333339;66
3.0;2.9989583333333334;66
6.0;0.4989583333333334;57
6.5;0.4989583333333334;62
7.0;0.4989583333333334;66
7.5;0.4989583333333334;67
8.0;0.8739583333333325;66
8.875;0.1239583333333325;64
9.0;0.9989583333333325;69
10.0;0.4989583333333325;62
