"Start";"Duration";"Pitch"
0.0;0.49895833333333334;71
0.5;0.12395833333333328;78
0.625;0.12395833333333328;78
0.75;0.24895833333333328;78
1.25;0.4989583333333334;71
1.75;0.2489583333333334;73
2.0;0.3739583333333334;74
2.375;0.12395833333333339;73
2.5;0.4989583333333334;71
3.25;0.2489583333333334;74
3.5;0.2489583333333334;73
3.75;0.2489583333333334;71
4.0;0.3739583333333334;74
4.375;0.12395833333333339;73
4.5;0.4989583333333334;71
