"Start";"Duration";"Pitch"
0.0;1.4989583333333334;66
1.5;1.4989583333333334;67
3.0;1.4989583333333334;66
4.5;0.12395833333333339;64
4.625;0.12395833333333339;66
4.75;0.2489583333333334;64
5.0;0.4989583333333334;63
5.5;0.4989583333333334;64
6.0;0.9989583333333334;67
7.0;0.4989583333333334;66
7.5;0.9989583333333325;66
8.5;0.4989583333333325;64
9.0;0.9989583333333325;64
10.0;0.4989583333333325;62
