"Start";"Duration";"Pitch"
0.0;1.4989583333333334;60
1.5;0.3739583333333334;55
1.875;0.12395833333333339;55
2.0;0.3739583333333334;60
2.375;0.12395833333333339;62
2.5;0.7489583333333334;63
3.25;0.2489583333333334;62
3.5;0.9989583333333334;67
4.5;0.3739583333333334;66
4.875;0.12395833333333339;67
5.0;0.7489583333333334;70
5.75;0.2489583333333334;72
6.0;0.9989583333333334;70
7.0;0.4989583333333334;68
