"Start";"Duration";"Pitch"
0.0;0.9989583333333333;78
1.0;0.2489583333333334;71
1.25;0.2489583333333334;73
1.5;0.2489583333333334;74
1.75;0.2489583333333334;76
2.0;0.7489583333333334;78
2.75;0.2489583333333334;74
3.0;0.7489583333333334;78
3.75;0.2489583333333334;74
4.0;0.7489583333333334;78
4.75;0.2489583333333334;71
5.0;0.2489583333333334;74
5.25;0.2489583333333334;71
5.5;0.2489583333333334;67
5.75;0.2489583333333334;74
6.0;0.9989583333333334;71
