"Start";"Duration";"Pitch"
0.0;0.24895833333333334;74
0.5;0.16562500000000002;74
0.6666666666666666;0.16562500000000002;74
0.8333333333333334;0.1656249999999999;74
1.0;0.2489583333333334;76
1.5;0.2489583333333334;76
2.0;0.2489583333333334;78
2.5;0.2489583333333334;74
3.0;0.9989583333333334;76
