"Start";"Duration";"Pitch"
0.0;0.49895833333333334;69
0.5;0.4989583333333333;75
1.0;0.4989583333333334;69
1.5;0.4989583333333334;75
2.0;0.4989583333333334;69
2.5;0.4989583333333334;78
3.0;0.4989583333333334;77
3.5;0.4989583333333334;75
4.0;0.4989583333333334;69
4.5;0.4989583333333334;75
5.0;0.4989583333333334;69
5.5;0.4989583333333334;75
6.0;0.4989583333333334;69
6.5;0.4989583333333334;78
7.0;0.4989583333333334;77
7.5;0.4989583333333334;75
