Start;Duration;Pitch
0.0;0.48484779166666675;50
0.48586;0.48484779166666664;55
0.97172;0.609522263888889;59
1.58209;0.11147324999999997;57
1.6945;0.103569666666667;55
1.7989400000000002;0.23548470833333268;54
2.0354099999999997;0.20518150000000013;55
2.24145;0.2240724583333331;57
2.4664599999999997;0.22184179166666684;59
2.68923;0.6607877927756403;60
