Start;Duration;Pitch
0.03282;0.32418358333333336;73
0.35836;0.33502820833333335;72
0.69479;0.3025042916666666;70
0.99856;0.2914704583333333;69
1.29125;0.6932327500000002;70
1.98593;0.6117129375000003;65
2.59892;0.6495639166666671;66
3.2498400000000003;0.6279889583333333;63
3.87914;0.6170318333333333;60
4.49746;0.6278292916666661;65
5.1266;0.6712885625;61
5.79929;0.5507081604737847;58
