Start;Duration;Pitch
0.0;0.220998625;73
0.33219;0.11610420833333335;75
0.44878;0.22102523611111108;76
0.78101;0.11895229166666677;78
0.90046;0.22705265277777764;80
1.24175;0.12740691666666693;81
1.36969;0.21845892708333325;80
1.80752;0.23842224999999995;80
2.1659;0.12469825000000023;78
2.2911200000000003;0.2371781805555555;76
2.64763;0.11909170833333338;75
2.76722;0.2292148055555554;76
3.11176;0.12131241666666659;73
3.23358;0.21643927702955468;75
