Start;Duration;Pitch
0.09231;1.7234913576388893;71
1.8163999999999998;0.2887372083333335;73
2.10574;0.26879883333333376;75
2.3751;0.49810060416666646;76
2.87372;0.2291815416666667;78
3.10338;0.2888070625000001;80
3.39279;0.28893679166666697;83
3.6823300000000003;0.34831283333333296;81
4.03137;0.4984502395833337;81
4.53034;0.558387739583333;81
5.08931;0.6179056770833329;80
5.70786;2.14213910720954;79
