Start;Duration;Pitch
0.12205;0.48834050000000007;55
0.61141;1.13659205;60
1.74895;0.03220933333333331;62
1.78227;0.03636600000000034;60
1.8198900000000002;0.028091333333333246;59
1.84895;0.14827486666666667;60
1.99822;0.2065955833333335;63
2.20568;0.1936895833333332;62
2.4001799999999998;0.9917658333333339;62
3.39298;0.4409993333333335;60
3.8349;0.44692695833333307;60
4.28276;0.7672387199353992;65
