Start;Duration;Pitch
0.0;0.019439666666666668;74
0.02011;0.2205695757575758;72
0.24135;0.07977958333333329;71
0.3218;0.32111960416666663;72
0.64359;0.3211295833333333;67
0.96539;0.3211295833333334;69
1.28719;0.6429295833333335;67
1.9307900000000002;0.019439666666666522;74
1.9509;0.19964318181818164;72
2.15115;0.07598150000000015;71
2.22777;0.2633502083333332;72
2.49167;0.2943953958333334;72
2.78668;0.29901575000000014;74
3.08632;0.2961916458333338;76
3.3831300000000004;0.26688821330066315;72
