Start;Duration;Pitch
0.01111;0.4322514166666666;62
0.44516999999999995;0.39790512499999997;62
0.8447399999999999;0.40659875;62
1.25304;0.9353373125000002;55
2.19033;1.4037576250000003;59
3.5960400000000003;0.41513304166666654;52
4.01291;0.4323310833333336;57
4.44705;0.4493299583333332;55
4.89826;0.8059075208333342;54
5.70585;0.7343934861111112;50
6.80974;0.4065390000000013;54
7.217980000000001;0.41536208333333313;59
7.63508;0.45777462500000077;57
8.09477;1.65522723841128;56
