Start;Duration;Pitch
0.0;1.047992125;68
1.05018;1.5730921111111111;64
2.6254599999999995;0.5228921666666677;66
3.1505400000000003;1.0479522083333332;63
4.20068;1.9974971041666665;59
6.20026;1.014541958333333;68
7.21692;1.573132055555556;64
8.79224;0.533896125;66
9.32837;1.0034451250000025;66
10.333910000000001;1.0594981041666642;70
11.39562;1.1543761440462834;71
