Start;Duration;Pitch
0.0;2.624353447916666;64
2.62709;2.9639693125000006;63
5.59415;2.844124281249999;66
8.441239999999999;2.943990145833334;64
11.3883;2.944020114583335;69
14.33539;1.4504818541666662;68
15.7889;1.1021100555555545;71
16.89408;0.4248200833333371;69
17.322470000000003;2.9440600729166633;68
20.2696;1.7803940529634978;66
