Start;Duration;Pitch
0.0;1.4291996979166663;47
1.43069;1.4085712083333333;51
2.8407299999999998;1.4498281875000005;56
4.29207;1.3982120104166667;52
5.69174;1.4189104270833335;49
7.1121300000000005;1.4396388124999984;58
8.55327;0.7440965624999993;59
9.298919999999999;0.29508533333333276;58
9.595239999999999;0.3657795416666687;56
9.96255;0.6008755625000006;54
10.564680000000001;0.7026331249999984;52
11.26878;0.2812181173682511;51
