Start;Duration;Pitch
0.0;0.39718081250000004;71
0.39801;0.4070502083333334;75
0.80591;0.6911792708333334;76
1.49781;0.3674628541666667;76
1.8660400000000001;0.3278555416666664;76
2.1945799999999998;0.4056757777777782;78
2.60082;0.19067220833333298;80
2.79229;0.29822739583333346;81
3.09114;0.29825733333333293;81
3.39002;0.3230056666666665;81
3.7137;0.3526038750000011;81
4.06704;0.33782472916666606;81
4.40557;0.29332762499999987;81
4.69951;0.7504887478811293;81
