Start;Duration;Pitch
0.0;0.2954049761904762;55
0.29611;0.08390491666666666;60
0.38072;0.6761149791666667;63
1.05754;0.3376451041666666;65
1.3958899999999999;0.6376550833333334;67
2.03421;0.32366429166666677;68
2.35855;0.6446677708333333;70
3.00389;0.6583035520833338;75
3.6628800000000004;0.28711904093848517;74
