Start;Duration;Pitch
0.18855;4.090253242424241;60
4.28501;0.3162203333333329;60
4.60659;0.9059886111111117;62
5.51764;0.3104579999999997;63
5.83336;2.8442620833333327;63
8.68356;1.3456845208333341;62
11.38619;3.4975526363636362;65
14.88905;0.34586783333333315;65
15.240779999999999;1.0673869444444453;67
16.31413;0.3281874999999985;68
16.647879999999997;2.808646437500002;68
19.46239;1.487600041171273;67
