Start;Duration;Pitch
0.10667;0.4399193333333334;74
0.54843;0.26744100000000004;71
0.81699;0.23233758333333332;74
1.28557;1.3635835;67
2.65105;0.15294474999999963;69
2.8052799999999998;0.1728276666666666;71
2.9795599999999998;0.4803900000000003;72
3.46196;0.22247545833333326;76
3.91065;0.4873707916666663;67
4.40006;1.3499354908209078;66
