Start;Duration;Pitch
0.0;0.9510689469696969;93
0.9517899999999999;0.10743716666666692;80
1.06013;0.4191615902777779;75
2.32024;1.1109577272727273;81
3.43204;0.1075759999999999;80
3.54052;0.5720806770833331;75
4.687069999999999;1.0795198125;79
5.76734;0.43239729166666674;76
6.20064;0.2530018125;72
6.4541699999999995;0.4323274375000006;68
6.8874;0.21577716666666635;63
7.104080000000001;0.21578712499999853;64
7.3207699999999996;0.8658571249999998;67
8.18753;0.8624671191077429;66
