Start;Duration;Pitch
0.0;0.747143875;63
0.75027;0.7471140000000001;63
1.50051;0.7471438749999997;68
2.25078;0.7471438750000003;68
3.00105;0.3720039166666669;68
3.37618;0.37201383333333293;67
3.7513199999999998;0.5595440555555564;67
4.31399;0.18444383333333292;65
4.50156;0.5595838333333338;67
5.06427;0.1844438333333347;63
5.2518400000000005;1.543986645833333;68
6.79905;0.7781142916666655;70
7.580419999999999;0.5981881666666675;73
8.18195;0.1766263333333331;72
8.36157;0.5884260607460359;70
