Start;Duration;Pitch
0.0;0.26952922222222225;70
0.27028;0.14867066666666667;68
0.4202;0.3386729583333332;67
1.10038;0.548581916666667;75
1.6504900000000002;0.2083094999999997;74
1.86055;0.358594604166667;72
2.58074;0.4489494444444446;72
3.03094;0.1685833333333333;70
3.20094;0.3287196041666669;68
3.86113;0.32936255555555505;68
4.191409999999999;0.16849408333333393;67
4.36132;0.6886753896208226;65
