Start;Duration;Pitch
0.19291;0.2058188333333333;65
0.39959;0.9034179583333334;74
1.30395;0.7064433541666668;69
2.01113;0.6465957604166666;70
2.6584;0.6665449583333332;75
3.32564;0.3528733125000003;74
3.67925;0.3329449166666669;72
4.0128900000000005;0.352743583333333;70
4.36637;0.34630702083333365;70
4.7134;0.18265575000000034;70
4.89682;0.1959799999999996;69
5.09362;0.1959800000000005;72
5.29042;0.1959799999999996;69
5.48722;0.562778120156592;65
