Start;Duration;Pitch
0.10444;0.29016422916666673;69
0.39520999999999995;0.2906831458333333;69
0.6865;0.30256833333333344;69
0.9897;0.28274970833333324;67
1.27304;1.1524494531250005;69
2.4260900000000003;0.3023787291666662;69
2.7291;0.29034385416666675;69
3.02005;0.29506400000000044;69
3.3157300000000003;0.30243860416666646;72
3.6188;0.7311983728548026;69
