Start;Duration;Pitch
0.0069700000000000005;0.49033837500000005;62
0.49936;0.46027416666666665;63
0.9615600000000001;0.59301875;55
1.55706;0.9887158750000002;54
2.5478400000000003;0.9868464444444442;55
4.0312;0.2200805833333339;57
4.2531300000000005;0.20807149999999996;58
4.46295;0.5386562083333333;60
5.0038599999999995;0.1899934166666677;58
5.19545;0.20202233333333286;57
5.39917;0.813292104166667;58
6.21416;0.8358372080594307;55
