Start;Duration;Pitch
0.0;0.5808274166666667;81
0.58204;0.2626609999999999;79
0.8458;0.2030504166666668;78
1.0497;0.24592104166666662;76
1.29665;0.20034174999999999;78
1.49783;0.2541167500000001;74
1.75301;0.2489483750000001;71
2.003;0.2787038749999997;76
2.28287;0.21410416666666698;73
2.4978700000000003;0.6521256343053774;74
