Start;Duration;Pitch
0.0;0.6454026041666668;70
0.64675;0.6454225624999997;70
1.29352;1.2921126458333334;67
2.58698;0.6196862916666666;65
3.20796;0.6713085208333336;65
3.88067;1.4040359374999993;70
5.286169999999999;0.6109046250000008;70
5.89835;0.6112139791666671;70
6.51084;1.3522499374999999;67
7.8645;0.30490425000000165;65
8.17068;0.6282783541666657;70
8.80027;0.3213852916666671;70
9.123;0.5269982396718511;63
