Start;Duration;Pitch
0.0;1.0075698125;67
1.00827;0.39013552083333347;68
1.3992200000000001;0.39091389583333336;67
1.79095;0.3934885208333334;65
2.18526;0.40648139583333354;62
2.59259;0.3709755208333334;58
2.96434;1.1691275416666667;70
4.13428;0.34064883333333285;72
4.47564;0.7617656666666663;70
5.2382;0.8117986455914146;68
