Start;Duration;Pitch
0.0;0.38115427083333336;72
0.38195;0.3765638541666666;77
0.7593;0.38188275000000005;74
1.14198;0.36748281250000003;70
1.51023;0.3881097499999999;75
1.89915;0.4590815833333337;72
2.3591900000000003;0.1937592916666664;70
2.55376;0.1891286666666665;68
2.74368;0.18532458333333368;68
2.92978;0.2044346250000002;67
3.1350700000000002;0.4547905416666662;68
3.59081;0.8591885665258538;70
