Start;Duration;Pitch
0.0;0.2023694166666667;68
0.20407;0.2023595;70
0.40813;0.20237933333333336;71
0.61221;0.20236941666666663;68
0.81628;0.20235949999999991;70
1.02034;0.20237933333333324;73
1.22442;0.40640954166666643;76
1.63253;0.4064394166666667;75
2.04067;0.4064394166666667;73
2.44881;0.4064394166666667;71
2.85695;0.8145794166666671;80
3.67323;1.2227094305555557;79
4.89764;0.1523579514897282;80
