Start;Duration;Pitch
0.19555999999999998;0.7497466212121212;64
2.26599;0.21148549999999977;67
2.48106;0.6416951111111113;66
3.1263400000000003;0.2111904999999994;67
3.34111;0.7173186666666678;64
4.0614300000000005;0.7336702499999994;59
4.79817;0.11845533333333336;62
4.92071;0.5194835333333341;60
5.4436800000000005;0.24914716666666603;59
5.69705;0.657556500000001;60
6.358280000000001;0.23427916666666704;60
6.5965300000000004;1.853443808955963;60
