Start;Duration;Pitch
0.10051;0.5951664027777778;78
0.69609;0.6952768333333336;66
1.39185;0.6125543194444443;54
2.00483;0.5908993680555557;42
2.59614;0.1125689999999997;69
2.70918;0.10827695833333317;66
2.81791;0.22343853125000024;62
3.26572;0.10402475000000067;71
3.3701800000000004;0.11215074999999963;67
3.4828;0.16495562499999972;64
3.8134;0.10824708333333266;67
3.9221;0.10805787499999964;64
4.03061;0.18880084374999928;61
4.409;0.22128802083333277;62
4.63075;0.21922926771017082;62
