Start;Duration;Pitch
0.13667;3.1444114322916668;69
3.28272;3.410912557291668;66
6.695410000000001;3.1868992916666663;71
9.88397;3.2645588229166655;68
13.150229999999999;3.0737882343750034;74
16.225620000000003;3.0101513958333292;71
19.23734;3.2427801718749976;76
22.48181;1.8681884423650317;73
