Start;Duration;Pitch
0.0;1.3789204583333334;63
1.38469;1.283041625;68
2.6731;0.995205958333333;71
3.6724699999999997;0.9130198333333341;70
4.58931;0.8995163333333336;68
5.49259;1.049797541666667;67
6.54678;0.9084921111111122;73
9.283660000000001;0.9539884166666663;68
10.24164;0.8858335833333335;71
11.13118;0.9677807083333345;70
12.103010000000001;0.9540879999999987;68
13.06109;0.9419189166666673;68
14.00695;1.343061008796596;67
