Start;Duration;Pitch
0.0;0.6550847638888889;61
0.65554;0.6950869652777778;59
1.35111;0.5429638229166669;62
1.89464;0.23142685416666642;61
2.12655;0.6151325277777779;61
2.74211;0.6950070208333337;64
3.4376;0.6950170138888878;62
4.1331;0.40327947916666673;66
4.5368;0.23135700000000003;64
4.76864;0.2813590601785032;61
