Start;Duration;Pitch
0.0;1.2989631041666667;83
1.29964;0.5989953958333334;84
1.89926;0.7063834166666672;87
2.60638;1.3850682343749994;91
3.9921699999999998;0.6206228437499997;87
4.61344;0.6919784375000004;84
5.30614;0.5993849895833332;82
5.90615;0.698851270833333;83
6.60573;0.7777989479166649;86
7.384339999999999;0.6030013333333342;84
7.988180000000001;0.3618175777902719;81
