Start;Duration;Pitch
0.0;2.258375229166667;74
2.26309;1.1268451666666666;74
3.39465;1.126815291666667;74
4.52618;2.2583652500000007;74
6.7892600000000005;1.9754952142857132;70
8.76947;0.27814566666666707;72
9.05233;1.836666547619048;74
10.89338;0.32372316666666734;75
11.22259;1.0499469166666664;77
12.27693;1.943617708333333;77
14.228679999999999;0.2710050000000006;76
14.50903;0.19643633333333455;77
14.71224;0.16660500000000056;79
14.88459;3.1654041718680404;77
