Start;Duration;Pitch
0.0;0.8228419791666666;61
0.8237;0.4791796250000001;59
1.30388;0.994822645833334;61
2.2997400000000003;0.4382750208333328;57
2.73893;0.5201640625000001;61
3.26018;0.5046863749999995;59
3.7659199999999995;0.5046863750000004;57
4.27166;0.5046863750000004;56
4.7774;0.5047362708333338;62
5.28319;0.5162522291666658;61
5.80052;1.6110404444444448;60
7.41268;1.4373184018697387;59
