Start;Duration;Pitch
0.0;2.322860604166667;77
2.3277099999999997;5.234883958333334;68
7.566960000000001;0.9995975833333324;67
8.570739999999999;3.511838020833334;74
12.08624;0.9996274583333324;73
13.09005;1.9638700625000016;76
15.05802;2.262805979166666;77
17.32555;1.0195939166666648;78
18.34941;3.067553583333332;71
21.421229999999998;1.1202129166666666;70
22.546129999999998;1.0777406250000006;73
23.62838;0.9502142083333354;74
24.58257;1.971005166666668;75
26.55769;0.49230835554620356;68
