Start;Duration;Pitch
0.0023899999999999998;0.4631122916666666;67
0.46743999999999997;0.47463408333333346;67
0.94406;0.44101475;67
1.3869200000000002;0.4087298333333329;70
1.7973599999999998;0.38704058333333347;70
2.18602;0.10520233333333318;70
2.29485;0.3912878095238095;75
2.68801;0.425678916666667;74
3.11547;0.40335233333333287;72
3.52051;0.3966802500000002;70
3.91885;0.4179612083333337;68
4.33856;0.43002074999999973;67
4.77038;0.929519458333333;70
5.70184;0.44815699978577683;68
