Start;Duration;Pitch
0.0;0.3145333541666667;60
0.31519;0.31453834374999995;69
0.9455800000000001;0.4721233611111111;69
1.41836;0.1569433333333332;69
1.57596;1.071461845238095;69
2.6480599999999996;0.15250191666666701;69
2.8012;0.014857666666666436;72
2.81657;0.3770327826086959;70
3.19415;0.14795095833333338;69
3.34272;0.018985333333333188;72
3.36236;0.4435861884057979;70
3.8065900000000004;0.14376845833333274;69
3.95096;1.1990388573780986;67
