Start;Duration;Pitch
0.12925;1.9691689999999993;72
2.10253;1.9098727916666673;70
4.01639;3.0748534305555557;68
7.09552;1.2982181250000009;68
8.39917;0.4226460000000003;75
8.83639;1.405448121212121;73
10.24611;0.7349737500000018;72
10.987260000000001;2.285887791666667;72
13.277920000000002;2.0285550208333323;71
15.31071;5.087746674999998;70
20.4027;1.0812061249999978;76
21.488429999999997;0.9233665416666668;75
22.41566;0.734335083949226;70
