Start;Duration;Pitch
0.0;1.0170426904761907;74
1.01947;0.2219875;75
1.24522;1.2705475;77
2.51842;1.5304648750000007;58
4.05208;3.746916166666667;57
7.8016;1.1288757857142864;81
8.93317;0.219892999999999;82
9.156789999999999;1.2718248333333335;84
10.43127;1.5672181458333352;63
12.00176;2.348237389034173;62
