Start;Duration;Pitch
0.0;0.21517966666666669;76
0.21608000000000002;0.21520954166666664;75
0.43218999999999996;0.21857545833333336;76
0.65168;0.2118237083333332;79
0.86439;0.21913312500000015;76
1.08444;0.35177013888888875;76
1.43719;0.04977633333333342;78
1.48781;0.05628600000000006;76
1.54505;0.9660126874999999;75
2.51207;0.49588475000000054;74
3.0089900000000003;0.3410092411477246;74
