Start;Duration;Pitch
0.0;0.5476943888888888;48
0.5492199999999999;0.16323825000000003;52
0.71383;1.2948697708333337;53
2.01005;0.5337432500000001;60
2.54528;0.15641558333333316;64
2.70301;1.3017126354166662;65
4.00608;0.4993590277777775;72
4.50683;0.16332750000000118;77
4.671530000000001;1.234019178571427;81
5.907019999999999;0.18376575000000095;77
6.0923300000000005;0.5338329999999996;79
6.62765;0.16957500000000003;76
6.79865;1.0513482459257624;77
