Start;Duration;Pitch
0.0;0.3929795833333334;73
0.3938;1.1805795833333332;76
1.5752;1.2289659583333339;71
2.8050200000000003;0.20145708333333312;74
3.00732;0.20144712500000006;73
3.20961;0.18546399999999963;71
3.39585;0.19068216666666693;69
3.58733;0.18539429166666643;68
3.7735;0.19069212500000043;69
3.9649900000000002;0.382251979166667;73
4.34804;0.40357745833333336;71
4.75246;0.3663950833333329;73
5.119619999999999;1.130378743150807;76
