Start;Duration;Pitch
0.0;0.2469494479166667;67
0.49493000000000004;0.2488604583333333;70
0.99369;0.7973658888888888;82
1.79161;0.90175009375;70
2.6938299999999997;0.29309810416666693;67
2.98754;0.2687688958333334;65
3.25687;0.26058597916666626;62
3.518;0.23433079166666682;59
3.75282;0.2373045833333336;58
3.99062;0.4593784655416595;58
