Start;Duration;Pitch
0.0;2.5058965333333334;75
2.5100800000000003;1.2875634722222222;73
3.8012300000000003;0.5042625000000003;71
4.30973;0.48244583333333413;70
4.79623;0.5046194999999996;71
5.30509;0.48209875000000046;68
5.79124;1.3151109166666668;68
7.10818;2.0972430937500013;67
9.20761;1.3877743333333328;76
10.59925;0.49349300000000085;75
11.09689;0.8793905416666661;75
11.97996;1.0700352310407535;80
