Start;Duration;Pitch
0.0;0.6289380833333333;63
0.63069;0.2617801666666668;63
0.8946700000000001;1.0067182916666666;63
1.9034900000000001;0.6826983333333336;63
2.5880900000000002;0.3156078333333334;63
2.90635;0.6059920000000001;63
3.5140300000000004;0.29423741666666636;63
3.81074;0.5965881944444442;63
4.40899;0.2806614999999999;63
4.69201;0.5579893795809543;63
