Start;Duration;Pitch
0.0004;0.5921722916666667;67
0.59505;0.5613512499999999;63
1.15875;0.547887583333333;65
1.7089299999999998;0.6968244166666666;67
2.40867;0.5916843333333333;60
3.00283;0.6004476666666672;65
3.6057900000000003;0.3467560833333332;63
3.95546;0.3383368333333334;62
4.29664;1.0958023125;63
5.39473;0.49527770833333307;62
5.89208;0.6002883333333333;60
6.49488;1.1068991458333324;58
7.604089999999999;1.2807262500000007;57
8.88749;1.3625208785213143;55
