Start;Duration;Pitch
0.0;1.7284776249999996;75
1.7302799999999998;1.2954183055555555;67
3.0275;0.57521325;68
3.60512;0.8733666875000003;73
7.10588;2.031991135416667;75
9.13999;1.2851525833333337;67
10.42693;0.6677062500000002;68
11.097430000000001;3.952566704477995;73
