Start;Duration;Pitch
0.0;3.6301446562499997;62
3.6339300000000003;1.594324928571428;60
5.23206;0.2398940000000005;57
5.47602;1.7239156428571425;58
7.20405;0.23990383333333387;55
7.44802;2.5447007777777806;57
9.996260000000001;0.4565930833333329;60
10.45669;0.4839234166666664;57
10.94468;2.214546729166667;55
13.16385;0.9017082777777787;57
14.06807;1.055361416666667;54
15.1323;0.9176876613423666;55
