Start;Duration;Pitch
0.0;1.0870035572916668;68
1.0875700000000001;1.0870035572916665;73
2.1751400000000003;1.0870035572916659;66
3.2627099999999998;1.087013552083334;71
4.35029;0.5432135624999992;64
4.89407;1.0870035572916663;69
5.9816400000000005;0.8151135555555546;68
6.79732;0.5432135624999992;66
7.3411;0.5432235520833322;64
7.8848899999999995;0.2713235625000001;63
8.15678;0.27062502083333406;66
8.42797;0.22200925842418862;71
