Start;Duration;Pitch
0.0;0.4869427499999999;90
0.48761999999999994;0.22721431250000002;86
0.94395;0.20949345833333333;85
1.15432;0.4484038750000001;83
1.60366;0.20954324999999985;85
1.81408;0.4805168333333334;86
2.2956;0.19893762500000012;87
2.49537;0.7981099722222229;88
3.2945900000000004;0.22764749999999978;85
3.52319;0.22733879166666693;81
3.7514800000000004;0.2131780416666662;83
3.96555;0.18444876519655162;85
