Start;Duration;Pitch
0.0;0.4052040625000001;68
0.40605;0.39203156249999993;70
0.7989;0.37457799999999997;67
1.54962;0.3569448124999999;68
1.9073099999999998;0.3403095416666666;65
2.2483299999999997;0.36535725000000063;65
2.61445;0.3403694166666664;64
2.95553;0.36233356249999993;65
3.3186199999999997;0.3865629791666674;67
3.7059900000000003;0.3467161666666665;70
4.0534300000000005;0.2965490094396346;68
