Start;Duration;Pitch
0.10307999999999999;1.6733565625000002;73
1.77993;0.8776876666666669;69
2.66129;0.8263325416666665;69
3.49108;0.7921555416666664;66
4.28655;0.8092340833333331;68
5.09917;2.400131847222222;69
7.5026399999999995;1.4848301458333335;71
8.99057;0.792095791666668;74
9.78598;1.5188790625;74
11.30803;0.7065537083333311;73
12.017539999999999;0.6895050416666688;73
12.70993;0.7074599166666662;77
13.42035;0.996829166666668;78
14.42135;2.3833352083333317;80
16.808;2.6419941207363067;74
