Start;Duration;Pitch
0.0;1.6178567708333333;67
1.70675;2.480769833333333;72
4.32191;0.8461803333333329;67
5.21655;0.8461897916666663;64
6.1112;0.859204458333334;60
7.019610000000001;1.6961072916666664;60
8.808910000000001;1.6047944791666655;59
10.50188;0.7420629999999981;60
11.286439999999999;0.22160133333333398;64
11.52387;0.24727733333333113;62
11.78881;0.24728666666666577;60
12.05376;0.22159199999999935;62
12.29118;1.800482395833333;64
14.19059;1.8594034614383759;62
