Start;Duration;Pitch
0.0;0.5995461388888889;74
0.60038;0.5026109583333332;72
1.10369;0.5025809999999999;70
1.60697;0.33508045833333333;67
2.11064;0.5930951111111109;75
2.70456;0.4965793472222222;74
3.2018299999999997;0.508362958333334;72
3.7109;0.29840369444444415;69
4.15944;0.4423947083333335;69
4.60245;0.5025610277777774;70
5.10571;0.49656936111110994;72
5.60297;0.5030303749999998;74
6.1067;0.543298790990173;77
