Start;Duration;Pitch
0.10513;0.2924563333333333;79
0.39881;0.26812812499999994;80
0.66806;0.28186066666666665;71
0.9511;0.25401716666666674;71
1.20618;0.25005374999999996;71
1.45728;0.3769330833333333;72
1.835;0.1299876666666666;74
1.9660799999999998;0.12997775000000011;72
2.09715;0.12997774999999967;71
2.22822;0.12998766666666706;72
2.3593;0.26105770833333297;74
2.62145;0.26103779166666685;74
2.88358;0.2610577083333334;75
3.14573;0.2602311666666668;75
3.40705;0.342948471538846;74
