Start;Duration;Pitch
0.0;0.14442633333333338;68
0.14564000000000002;0.4500164722222223;71
0.59691;0.15508674999999983;71
0.7533;0.3355752499999999;66
1.08981;0.12658625000000012;64
1.21746;0.48213700000000026;68
1.7009400000000001;0.1054934999999999;68
1.80732;0.39620636111111085;63
2.20463;0.1442478333333339;61
2.3500900000000002;0.4178959444444441;64
2.76915;0.13030500000000034;64
2.90055;0.3963260277777785;59
3.2979800000000004;0.6025221249999997;66
3.90176;0.24823917080861557;68
