Start;Duration;Pitch
0.1;0.22055954166666666;85
0.32101999999999997;0.44155956250000006;84
0.7630399999999999;0.4415795416666668;81
1.20508;0.6625895486111111;80
1.8681299999999998;0.22054956250000002;85
2.08914;0.22054956250000002;84
2.31015;0.22055954166666636;85
2.53117;0.22054956250000002;87
2.75218;0.22055954166666636;88
2.9732;0.276819075343381;87
