Start;Duration;Pitch
0.0;0.9369289027777779;65
0.9375800000000001;0.9369289027777779;66
1.8751600000000002;0.6243989062499997;75
2.50021;0.3118788958333334;72
2.8127400000000002;0.31187889583333295;68
3.12527;0.3118788958333334;73
3.4378;0.3118788958333334;77
3.7503300000000004;0.9369289027777774;65
4.68791;0.9369289027777779;66
5.62549;0.6243989062499997;78
6.25054;0.31187889583333295;82
6.56307;0.31187889583333384;72
6.8756;0.31187889583333295;75
7.18813;0.26186912528058315;73
