Start;Duration;Pitch
0.0;0.098946;82
0.09936;0.15233197916666663;82
0.25201;0.08804162499999996;80
0.34042;0.17148200000000008;77
0.51226;0.0804035833333333;74
0.593;0.24991425833333336;75
1.21909;0.09934433333333348;70
1.31885;0.20375462499999974;70
1.5230299999999999;0.10108704166666671;68
1.6245399999999999;0.18502372916666676;65
1.80995;0.09820908333333356;62
1.90857;0.4414285254997057;63
