Start;Duration;Pitch
0.08615;0.05611841666666667;69
0.14274;0.05610849999999998;70
0.19932;0.21359408333333335;72
0.57389;0.06206841666666674;72
0.63648;0.2540596041666666;72
0.89107;0.12451900000000005;74
1.14115;0.11066695833333329;72
1.5856700000000001;0.12114810416666644;70
1.8289799999999998;0.11026115625000021;69
2.2718700000000003;0.09887629166666656;67
2.47045;0.2795481285480932;65
