Start;Duration;Pitch
0.0;0.2486097916666667;79
0.24965;0.24166883333333336;91
0.49233000000000005;0.24521399999999982;84
0.73857;0.25209520833333343;86
0.99172;0.24851020833333337;88
1.24127;0.36563152777777774;86
1.60792;0.13948783333333337;83
1.74858;0.27994866666666685;79
2.0297;0.2799586249999999;83
2.3108299999999997;0.41054641666666747;81
2.7225200000000003;0.1400233333333336;78
2.8637200000000003;0.2925957499999998;74
3.15754;0.24642891666666644;83
3.405;0.1449996773303428;81
