Start;Duration;Pitch
0.0;1.2012937777777777;77
1.20464;0.4481143333333333;74
1.65652;0.4298875;71
2.09002;0.4065139166666665;72
2.49995;0.43035358333333296;74
2.93392;0.4358474166666668;71
3.3734300000000004;0.4181659999999998;67
3.7951099999999998;0.4185329166666665;68
4.21716;0.43267408333333357;65
4.6534699999999996;0.503032833333334;62
5.16073;0.6892653856710584;60
