Start;Duration;Pitch
0.0;0.6070756666666667;94
0.60792;0.6900702361111111;93
1.29895;0.7104918333333332;87
2.01043;0.5866440833333333;92
2.59789;0.7106915555555555;86
3.30957;0.6835592916666671;91
3.9940800000000003;0.5146855000000006;85
4.5098400000000005;0.23595275000000004;91
4.74678;0.6559976250000004;91
5.40369;0.49548558333333315;89
5.9002099999999995;0.2970570833333337;96
6.19851;0.7306338194444457;97
6.930160000000001;0.6198386206650985;91
