Start;Duration;Pitch
0.0;0.3714826666666666;76
0.37226;0.37908858333333334;75
0.7521399999999999;0.40884645833333344;76
1.16184;0.36428947916666665;78
1.5268899999999999;0.3603077916666668;79
1.88795;0.3565755833333335;78
2.24527;0.34885170833333357;83
2.59485;0.3900556875000003;82
2.98572;0.6042096527777772;83
3.5907699999999996;0.1950339583333336;81
3.7866199999999997;0.19479495833333393;79
3.9822300000000004;0.20897562500000078;78
4.192080000000001;0.15789947256961145;76
