Start;Duration;Pitch
0.0;1.2305548541666669;60
1.2314100000000001;0.7868095520833334;63
2.01904;0.44285545833333373;60
2.4628200000000002;0.6090429305555554;59
3.07271;0.2629099583333332;62
3.3367199999999997;0.458552687500001;67
3.7962300000000004;0.5087412430555558;67
5.32564;0.6782866249999993;60
6.0048699999999995;0.1951335416666664;63
6.200819999999999;0.33729583333333313;68
6.538819999999999;0.5111782925150985;68
