Start;Duration;Pitch
0.0;0.5022814166666666;92
0.50298;0.39921988888888893;83
1.10306;0.5992565416666669;89
1.70315;0.4031450277777777;80
2.30913;0.9095713916666663;83
3.2194599999999998;0.28271708333333345;82
3.50336;1.0053415166666673;83
4.50954;0.19888783333333304;82
4.70926;0.8966421750000002;83
5.60665;0.20587858333333298;84
5.81339;0.483221187499999;86
6.297619999999999;0.20036166666666588;87
6.498819999999999;0.2511783184715073;86
