Start;Duration;Pitch
0.10074;0.15096833333333332;67
0.25234;0.15096833333333332;67
0.40394;0.14734847916666666;67
0.69987;0.15096833333333337;68
0.8514700000000001;0.14372862499999994;68
0.9958;0.14372862500000005;68
1.28446;0.16543779166666672;75
1.45059;0.14372862500000005;75
1.5949200000000001;0.1871370000000001;75
1.7828400000000002;0.9671587093795369;72
