Start;Duration;Pitch
0.0;0.5382630972222223;81
0.53864;0.012866333333333424;79
0.55195;0.012856666666666627;81
0.56525;0.3987065000000001;79
0.9644;0.2124464791666666;77
1.17729;0.012856666666666738;76
1.19059;0.012373333333333347;77
1.20339;0.28888865555555543;76
1.4926;0.2165179791666667;74
1.70957;0.39913380208333327;72
2.10912;0.1993238749999997;76
2.3088599999999997;0.5920485694444451;77
2.90132;0.5990636944444439;79
3.5008;0.6110953333333331;81
4.1123199999999995;0.5376794021632785;79
