Start;Duration;Pitch
0.0;0.2940361458333334;77
0.29465;0.6024720694444443;76
0.8979600000000001;0.8036819583333334;72
1.70248;0.21626512500000006;77
1.91965;0.683129888888889;80
2.60373;0.19506383333333321;76
2.79961;0.8921791388888893;80
3.6930300000000003;0.2169721666666664;77
3.91091;0.6509146944444448;76
4.56273;0.9271532083333334;72
5.49085;0.2059881250000002;74
5.6977;0.552298770962401;76
