Start;Duration;Pitch
0.0;0.6660554687499999;61
0.66675;0.5827254523809524;64
1.25017;0.08265541666666665;69
1.33352;0.9994354652777777;73
2.33365;0.2493554166666665;73
2.5837;0.08264550000000037;74
2.66704;0.33268545833333363;76
3.00042;0.33267547916666684;76
3.33379;0.3326854583333332;76
3.6671699999999996;0.33268545833333363;78
4.00055;0.6657557812500006;76
4.667;0.2829990547004435;73
