Start;Duration;Pitch
0.0;2.991710979166667;76
2.99379;0.22615949999999962;74
3.22185;0.7335367222222229;72
3.9574300000000004;3.3383003958333326;67
7.29747;2.9145346111111126;74
10.214030000000001;0.9359659999999987;76
11.15195;3.5439732187500024;72
14.697770000000002;2.554674687499997;79
17.25422;0.9102696458333313;78
18.16639;3.492560010416664;74
21.66077;3.2610406562499996;67
24.92351;2.2720011250000027;74
27.197090000000003;1.0387314583333307;76
28.237990000000003;1.8120039473772103;72
