Start;Duration;Pitch
0.0;2.099470770833333;81
2.10166;1.028087013888889;76
3.64701;0.5401798333333332;76
4.18945;2.634609138888888;77
6.825889999999999;0.9731982708333344;77
7.80112;1.0417052500000006;79
8.845;1.0007008541666664;77
9.84779;1.0558656875000008;77
10.90586;1.1920214374999993;76
12.10037;3.449627123812716;77
