Start;Duration;Pitch
0.0959;0.10182395833333334;74
0.19815;0.0931104166666667;76
0.29165;0.5954861805555556;78
0.8875499999999998;0.664308354166667;79
1.5523200000000001;0.2212880208333332;81
1.77407;0.221298;79
1.99583;0.22129799999999977;78
2.21759;0.221298;76
2.66111;0.22130797916666678;78
2.88288;0.6647980138888889;79
3.54814;0.6648179999999986;81
4.213419999999999;0.221298;78
4.43518;0.22130797916666634;79
4.65695;0.22128802083333277;76
4.8787;0.17129942780984386;74
