Start;Duration;Pitch
0.49698000000000003;0.5964404583333334;79
1.09425;0.18669883333333348;77
1.28173;0.39590347916666646;76
1.6784599999999998;0.5094214861111115;77
2.18859;0.2040163749999997;75
2.3934599999999997;0.4132772083333336;72
2.8076;0.5268472500000003;87
3.3351800000000003;0.19534266666666644;84
3.53134;0.3915525624999998;81
3.92371;0.5877325694444444;84
4.5122599999999995;0.19535262500000083;75
4.70843;0.3415688590601782;74
