Start;Duration;Pitch
0.0;0.5993264444444444;77
0.60016;0.19921645833333335;77
0.8002100000000001;0.19921645833333324;76
1.00026;0.19982391666666688;84
1.20092;0.21239133333333338;82
1.4142;0.19609950000000032;79
1.61112;0.20208445833333322;81
1.81405;0.1934007916666669;77
2.00826;0.20869679166666666;76
2.2178299999999997;0.19628870833333378;77
2.41494;0.20273175000000032;78
2.61852;0.20274170833333294;79
2.82211;0.19525304166666713;76
3.01818;0.13181911752892006;72
