Start;Duration;Pitch
0.0;0.4961541875;84
0.49718999999999997;0.2632584999999999;83
0.76155;0.2634377499999998;81
1.02609;0.5589231458333335;79
1.58618;0.26326845833333334;77
1.85055;0.2632684583333338;76
2.11492;0.26325850000000006;76
2.37928;0.26325850000000006;74
2.64364;0.26326845833333357;72
2.90801;0.2624917083333336;74
3.1716;0.4783984020095131;76
