Start;Duration;Pitch
0.0;0.7066706166666666;66
0.70726;0.14087058333333347;67
0.84872;0.14086062500000007;69
0.9901700000000001;0.14087058333333313;66
1.13163;0.28231062500000004;67
1.4145299999999998;0.2730798958333336;67
1.68818;0.25774191666666657;67
1.9464599999999999;0.25469827083333363;67
2.20169;0.40238036111111075;67
2.60463;0.17130325000000024;66
2.77665;0.5733490434218251;66
