Start;Duration;Pitch
0.0;1.0984921944444443;82
1.10002;1.296656583333333;85
2.3984799999999997;1.1157182361111118;90
3.51575;1.2794804722222222;83
4.79701;1.2018983749999999;92
6.00058;0.47975266666666627;90
6.48234;0.7892223541666672;89
7.273210000000001;1.2105263749999988;87
8.48542;0.4023764166666677;85
8.88948;0.4023963333333338;84
9.293560000000001;0.40236645833333284;83
9.697610000000001;0.35238764091955765;82
