Start;Duration;Pitch
0.0;0.234530375;58
0.23501999999999998;1.0584388;58
1.2939;0.2268863333333333;63
1.52126;0.4210209791666666;63
1.94272;0.21205729166666654;67
2.15522;0.4060166249999999;67
2.56166;0.222864729166667;70
2.78499;0.42112087500000017;70
3.20655;0.1937654791666663;67
3.4007199999999997;0.39083245833333313;63
3.79196;0.2006710625000001;67
3.99305;0.3569488076866536;65
