Start;Duration;Pitch
0.13111;0.8467470520833331;77
0.9787399999999999;0.8160890208333333;78
1.79568;0.9543767777777781;79
2.7507200000000003;0.335858833333333;75
3.08728;0.365367229166667;72
3.45341;0.36400008333333345;69
3.81817;0.38464697916666646;65
4.20362;0.388878145833333;63
4.59331;0.3182855208333333;62
4.91226;1.637734529488001;70
