Start;Duration;Pitch
0.0;1.681240104166667;65
1.68475;0.8754171666666661;67
2.56383;0.9252984583333332;68
3.493;2.5023097361111124;70
5.9987900000000005;0.18128733333333358;68
6.18315;0.19057000000000013;70
6.37695;0.21612683333333305;68
6.59674;0.20900750000000023;70
6.80929;0.8091643749999999;67
7.62184;0.7778752916666667;73
8.40297;0.795143041666666;72
9.20144;0.8948060416666674;70
10.09999;0.6500012604872545;68
