Start;Duration;Pitch
0.0;0.29716669444444443;84
0.29758;0.15836737499999998;79
0.45661;0.16192250000000002;80
0.61921;0.16371500000000005;76
0.78361;0.15299983333333333;77
0.93725;0.15837733333333326;72
1.09629;0.1601399583333334;73
1.2571;0.15832754166666674;72
1.41609;0.15114758333333334;72
1.56787;0.13166908333333338;70
1.70009;0.34990883120223404;68
