Start;Duration;Pitch
0.0;0.7452828541666666;66
0.7460600000000001;0.2005707916666667;67
0.94747;0.22057708333333337;69
1.16897;0.42209879166666675;69
1.59195;0.44210702083333353;61
2.03498;0.4819139166666666;62
2.5179;0.5320982226364173;64
