Start;Duration;Pitch
0.0;1.7546324444444443;88
1.7595199999999998;0.5595280833333338;88
2.32375;0.5703174166666662;90
2.89886;0.5472710833333334;92
3.45073;1.3204319166666671;88
4.77484;0.570178583333333;87
5.34981;0.548282583333334;88
5.9027;0.5481040833333326;85
6.45541;0.5355495833333341;88
6.9954600000000005;0.9235756666666664;83
7.9229;0.5043319166666667;88
8.43147;0.5240660833333344;90
8.95994;0.4489572500000012;92
9.41267;1.4373235941009739;88
