Start;Duration;Pitch
0.0;0.26711569444444444;78
0.40235;0.13360725000000007;79
0.53708;0.9613629791666667;81
1.50045;0.2637431388888889;83
1.89772;0.14823433333333336;85
2.0472;0.9469925208333332;86
2.99518;0.27044841666666697;74
3.40255;0.11702658333333282;75
3.5205599999999997;0.16380130555555583;76
3.76729;0.14292891666666652;75
3.9114199999999997;0.23958422222222264;76
4.2723;0.13281391666666575;78
4.40623;0.48840037500000033;78
4.89565;0.9543484077607376;79
