Start;Duration;Pitch
0.0;0.2659890833333333;76
0.26673;0.08815916666666668;76
0.35563;0.3548990833333333;74
0.71127;0.2659890833333334;77
0.978;0.08817900000000023;77
1.06692;0.35488910416666664;76
1.42255;0.2659890833333334;81
1.68928;0.08816908333333373;81
1.7781900000000002;0.3548990833333334;79
2.13383;0.2659890833333334;81
2.40056;0.08815916666666634;81
2.48946;0.660538897953872;79
