Start;Duration;Pitch
0.39607;0.40571300000000005;97
0.8026300000000001;0.3952648124999999;96
1.19872;0.6107705277777777;97
1.81034;0.20069029166666663;92
2.01187;0.20071020833333364;89
2.21342;0.20069029166666663;90
2.41495;0.1867585833333334;92
2.60249;0.207661125;89
2.81102;0.21115649999999953;85
3.0230599999999996;0.19721483333333367;87
3.2211;0.19721483333333367;89
3.41914;0.19371945833333282;85
3.6136699999999995;0.19721483333333367;80
3.8117099999999997;0.23828840476381696;82
