Start;Duration;Pitch
0.0;0.7867795833333332;54
0.7876;0.3929895625000003;55
1.18141;0.3929696041666666;57
1.5752;0.39298956250000017;57
1.96901;0.3929696041666668;55
2.3628;0.39298956249999994;54
2.75661;0.3929895625000004;52
3.15042;0.7867695937499999;50
3.93801;0.39298956249999994;52
4.33182;0.3929696041666668;54
4.72561;0.5898795833333335;54
5.31631;0.19547212500000022;52
5.5126;0.7373987697205093;52
