Start;Duration;Pitch
0.0;0.727848181818182;81
0.7284000000000002;0.08868474999999998;77
0.8178300000000001;1.103693013888889;77
1.92229;1.0654222500000003;82
2.9885200000000003;0.10325233333333328;77
3.0926400000000003;1.1699169930555557;77
4.26337;1.0655221742424246;86
5.3297;0.11715549999999997;77
5.44784;0.6659955312499992;76
6.11453;0.1855088124999993;84
6.4871;0.18214787499999918;72
6.85292;0.18929795833333252;82
7.2331;0.18220762499999932;79
7.59904;0.9509589426446778;77
