Start;Duration;Pitch
0.0;2.9143377256944447;55
2.91535;1.0884150520833336;55
4.0049;0.8845176666666665;54
4.89034;1.0299060624999994;50
5.92132;2.552683343749999;64
8.47489;1.015151447916665;64
9.4911;1.0299460208333322;62
10.52212;0.913946979166667;59
11.43702;2.567128326388886;60
14.00504;1.0002469895833315;60
15.006329999999998;1.0880754062500024;59
16.09554;1.4544587873194068;55
