Start;Duration;Pitch
0.0;0.2908231666666667;60
0.29204;0.30953487500000004;62
0.60287;0.39630183333333313;64
1.0008299999999999;0.8937170000000003;65
1.89579;0.4022867916666668;67
2.29976;0.5957063541666665;69
2.8967099999999997;0.8936071527777782;69
3.79156;0.3094054166666669;67
4.10226;0.48980743749999966;65
4.59309;0.4958348541666666;65
5.08996;0.806258638888889;69
5.89734;0.2967882083333331;72
6.19537;0.2970371666666667;72
6.49365;0.30318145833333343;70
6.7981;0.45189849052696296;67
