Start;Duration;Pitch
0.0;1.0972275069444446;96
1.09799;0.5987672222222225;97
1.6975900000000002;0.8893757407407408;98
2.58779;0.10688183333333345;96
2.69557;0.10040624999999981;95
2.79682;0.08902191666666681;93
2.88659;1.1875194259259256;91
4.07521;0.1065049999999994;89
4.1826099999999995;0.10369858333333415;87
4.28718;0.10369858333333326;86
4.39175;0.1582489405928662;84
