Start;Duration;Pitch
0.0;0.47409025000000005;91
0.47508;0.4740902499999999;87
0.95016;0.47409025000000005;88
1.42524;0.7116402361111112;81
2.13787;0.23655025000000007;83
2.37541;0.23655025000000007;84
2.61295;0.23656020833333313;88
2.8505;0.4740902500000006;86
3.3255800000000004;0.47409024999999927;82
3.8006599999999997;0.4740902500000006;83
4.27574;0.7116402361111112;76
4.98837;0.23654029166666746;78
5.2259;0.2352556666666663;79
5.46214;0.1878587423682525;83
