Start;Duration;Pitch
0.0;1.371439927083333;80
1.37287;1.308642076388889;83
3.33788;0.659233729166667;85
3.9984900000000003;1.3069771458333337;85
5.306830000000001;1.1976511458333325;87
7.70463;1.3024119062500006;87
9.0084;1.328448090277778;88
11.00315;0.7107561666666644;83
11.71539;1.3973928645833311;84
13.114239999999999;1.9357567703745229;85
