Start;Duration;Pitch
0.50068;0.3195428958333333;72
0.82089;0.2996244791666668;78
1.12114;0.3336434583333334;77
1.78982;0.3043945208333334;72
2.09485;0.3069791249999998;78
2.40247;0.3159054895833333;77
3.0356;0.15690349999999986;74
3.1931599999999998;0.15687362500000024;75
3.35069;0.15687362499999935;77
3.5082199999999997;0.16401375000000007;78
3.6729199999999995;0.17649154166666747;80
3.85015;0.1531890416666668;82
4.00398;0.2459991782908446;83
