Start;Duration;Pitch
0.0;1.2197809843750003;58
4.88931;1.5341103020833335;66
6.42502;2.219295822916667;63
8.64663;2.085665166666667;65
10.73447;2.073357999999999;61
12.809989999999999;1.0194517083333352;63
13.831570000000001;1.028822145833331;60
14.86254;1.1309589166666676;61
15.99586;1.3179285833333338;58
17.31654;4.597564187499998;66
21.9165;0.4931018124999973;65
22.90683;0.3932147499999985;72
23.69655;0.420236687500001;76
24.54054;0.9094539116056062;77
