Start;Duration;Pitch
0.16137;2.0437601145833346;77
2.2058400000000002;0.3735301875000001;82
2.58015;1.4716830989583332;81
4.0526;0.36698385416666657;79
4.42035;0.3776715416666665;77
4.79881;1.7521696249999996;76
6.55171;0.35934979166666725;84
6.911810000000001;1.3020614895833305;82
8.21455;0.3281449375000012;81
8.54338;0.3400401041666665;79
8.88413;0.7813752187499983;78
9.666319999999999;0.3735002499999993;81
10.0406;2.085425642361111;90
12.12675;0.6232479181697936;89
