Start;Duration;Pitch
0.0;1.8834180208333335;70
1.88735;2.901414652777777;72
4.7928;1.3144004166666674;72
6.1127;1.0493968888888876;72
7.165019999999999;0.6887323333333333;74
7.859539999999999;3.0069478750000016;75
10.87067;0.8998978333333341;77
11.77813;0.5765847500000003;78
12.35956;1.690428683322624;77
