Start;Duration;Pitch
0.0;1.5021536249999998;81
1.5037200000000002;1.6606883124999998;76
3.16614;1.6027487291666662;73
4.77056;1.938348781250001;78
6.71093;4.302886383333335;76
11.01561;0.3831369166666665;78
11.40035;0.38711029166666755;76
11.78908;0.7210446874999992;76
12.51163;0.3734872916666667;78
12.88668;0.41453554166666606;76
13.30295;2.7470477096006576;76
