Start;Duration;Pitch
0.0;0.39444533333333337;74
0.39776;3.5069324861111104;74
3.9095699999999995;0.7049802916666668;78
4.6175;0.6611237916666672;76
5.28139;0.7340088333333332;74
6.01847;1.6751627916666676;74
7.6971300000000005;1.4564793333333332;73
9.15665;1.5293172708333334;75
10.689160000000001;1.9745337777777756;76
12.66644;0.7048807083333344;78
13.374270000000001;0.7339590416666653;79
14.1113;0.7776263333333322;83
14.892179999999998;1.602115291666669;74
16.49764;0.5523763020833314;73
