Start;Duration;Pitch
0.0;0.8983057430555556;72
0.89893;0.32110962500000007;67
1.22071;0.9648794791666666;76
2.18626;0.28566427777777825;74
2.4727200000000003;0.10079299999999991;72
2.57436;2.810757841145833;74
5.38585;1.0404969305555554;74
6.42707;0.3400899999999991;67
6.767869999999999;1.0320627916666671;77
7.80065;0.3227210555555535;76
8.12427;0.09155066666666656;74
8.21659;0.37700293750000036;74
8.594380000000001;1.9556190684755848;76
