Start;Duration;Pitch
0.0;0.2986305;58
0.29988000000000004;0.34151108333333324;65
0.64282;0.34864125;65
0.99292;0.3665264166666664;67
1.3609799999999999;0.35936637500000024;65
1.72185;0.3843020416666667;65
2.10776;0.395057041666667;63
2.50447;0.3880165;62
2.89411;0.4021971666666668;62
3.29799;0.39161145833333366;60
3.69124;0.4022071249999999;58
4.09513;0.054849632805805904;58
