Start;Duration;Pitch
0.0;0.37169402083333336;79
0.37246999999999997;0.3716840416666666;87
0.74493;0.7441640208333334;87
1.48987;0.18545404166666657;86
1.6761;0.1854640000000003;84
1.86234;0.37169402083333347;87
2.23481;0.7441540312500003;87
2.97974;0.18546399999999963;86
3.16598;0.1854440833333335;84
3.3522;0.371694020833333;87
3.7246699999999997;0.7441540312499999;82
4.4696;0.18546400000000052;80
4.65584;0.18454783333333236;79
4.8411599999999995;0.5088388676742861;79
