Start;Duration;Pitch
0.0;0.194874625;75
0.19569;0.3905546458333332;79
0.58706;0.19488458333333325;87
0.78276;0.9776046500000001;91
1.76118;0.19488458333333325;88
1.95688;0.3905579722222221;91
2.54394;0.977614641666666;92
3.5223699999999996;0.19487462500000063;89
3.71806;0.39055464583333377;86
4.109430000000001;0.1948845833333328;84
4.30513;0.1448690301654887;83
