Start;Duration;Pitch
0.0;0.6061978854166665;62
0.60683;0.19209625000000008;63
0.79973;0.1886008750000001;65
0.9891200000000001;0.34937062500000005;67
1.33922;0.3457581666666667;69
1.6857;0.4136464374999995;70
2.1002099999999997;0.699550541666667;70
2.80049;0.17430070833333344;72
2.97552;0.17430070833333344;74
3.15055;0.34933070833333346;75
3.50061;0.349330708333333;75
3.8506699999999996;0.2993090002204588;75
