Start;Duration;Pitch
0.0;0.3941371666666667;79
0.39496;0.6110228541666667;78
1.00662;0.3811442916666665;79
1.38856;0.8114538541666665;77
2.20086;0.37431854166666634;76
2.57596;0.7147247187500003;74
3.29143;0.4912643958333329;72
3.7837199999999998;0.7013486666666671;71
4.4858;0.4223682291666657;72
4.90905;0.79084534375;74
5.70072;0.38805985416666733;76
6.08959;0.8045011041666665;77
6.8949300000000004;0.4019109374999994;81
7.297680000000001;0.7011388854166656;79
7.99955;0.25044916342659373;77
