Start;Duration;Pitch
0.0;0.7231568666666668;74
0.7237600000000001;0.1441568333333334;73
0.8685200000000001;0.28890352777777795;74
1.7370400000000001;0.7231568666666661;74
2.4608;0.14352945833333353;73
2.60493;0.2522567013888892;74
3.3632800000000005;0.4595008541666661;74
3.82326;0.2734391458333332;76
4.09727;0.2771114791666669;78
4.37496;0.23348256249999988;79
4.60893;0.3024186458333338;78
4.911980000000001;0.5380382027951445;76
