Start;Duration;Pitch
0.10051;0.5059406944444446;67
0.6078600000000001;0.29243258333333333;74
0.90275;0.2676999166666666;74
1.44039;0.4887784999999998;67
1.9305299999999999;0.1686230000000004;74
2.1005700000000003;0.25901625000000017;74
2.6207700000000003;0.2590062916666662;67
2.8808599999999998;0.3386630000000004;74
3.22094;0.33868291666666694;72
3.56104;0.33867295833333344;75
3.90113;1.0488676659412164;74
