Start;Duration;Pitch
0.12589;0.1543840416666667;58
0.28092;0.1517450833333333;58
0.4333;0.15177495833333332;58
0.5857100000000001;0.6750061354166667;51
1.26142;0.6459863958333334;53
1.90808;0.7419193814116674;46
