Start;Duration;Pitch
0.10761;0.3283162916666667;74
0.4373;0.49367935416666664;71
0.93201;0.2693231250000001;71
1.20246;0.5028801458333334;69
1.70639;0.2944878333333334;69
2.00211;0.4649193958333333;67
2.468;0.2441683750000001;67
3.20357;0.2605697500000006;74
3.4652300000000005;0.44249620833333303;74
3.90865;0.3072344999999994;67
4.217169999999999;0.5136776041666673;76
4.73192;0.36355883333333416;76
5.097;0.7529983243430882;69
