Start;Duration;Pitch
0.0;0.2963678055555556;78
0.29678000000000004;0.10412499999999991;78
0.40178;0.10056491666666656;82
0.5031899999999999;0.29736632566837173;85
0.8014885085074575;0.19665600293765695;82
0.9987615091424541;0.30088527682361577;86
1.30059;0.49610001388888914;85
1.79738;0.20957312499999992;82
2.00783;0.5369889375000008;78
2.5459400000000003;0.36294229166666625;90
2.90964;0.5448022777777779;86
3.4552;0.18080349999999967;85
3.6367599999999998;0.3132389536903428;85
