Start;Duration;Pitch
0.6067;0.5920109444444446;86
1.20036;0.6084451666666666;86
1.8105;0.6088141388888888;86
2.42101;0.07372766666666708;85
2.49728;0.08203133333333401;86
2.5821400000000003;1.1571041515151514;88
3.741;0.5916020833333335;86
4.33425;0.6054235833333328;85
4.9413599999999995;0.20168516666666747;83
5.1447400000000005;0.20169508333333308;85
5.34813;0.7018676555568915;86
