Start;Duration;Pitch
0.0;0.30143070833333335;80
0.30206;0.29580443749999996;88
0.59807;1.0389066071428572;87
1.8109699999999997;0.18257608333333342;80
1.9943099999999998;0.02279399999999998;83
2.01789;0.19191899999999995;81
2.32092;0.0704083333333334;80
2.3919200000000003;0.35891070833333316;87
2.93141;0.1411394583333334;80
3.07314;0.016297999999999924;83
3.09;0.14270266666666664;81
3.31532;0.0676515000000002;80
3.38354;0.46645844189246954;85
