Start;Duration;Pitch
1.36225;0.4767140000000001;85
1.84297;0.8977039166666663;85
2.74443;0.7424136666666667;87
4.608230000000001;0.63531125;87
5.248880000000001;0.8418077916666658;87
6.0942099999999995;0.7477579722222227;89
7.22054;0.3773192500000011;85
7.601030000000001;0.496795249999999;87
8.102;0.36560766666666566;89
8.47068;0.829857791666667;91
9.30401;0.9096539166666684;89
10.21747;0.17087766666666582;89
10.39424;0.2104530000000011;87
10.61195;3.4380438811232388;85
