Start;Duration;Pitch
0.0;0.5249280416666666;66
0.55499;0.2119489166666667;75
1.19618;0.17454733333333317;74
1.38154;0.2979847916666667;75
1.69659;0.162487888888889;74
2.18815;0.1466175000000005;73
2.34385;0.30074662499999993;74
2.66182;0.8894301770833333;73
3.5990900000000003;0.2883656666666661;75
3.9039699999999997;0.28753333333333275;76
4.2079699999999995;0.2420482939327302;78
