Start;Duration;Pitch
0.10051;0.28026733333333337;76
0.38195;0.30251425;81
0.6857300000000001;0.7362728958333332;80
1.42354;0.9264315000000001;85
2.35126;0.3541980000000007;87
2.7069400000000003;0.19505387499999927;85
2.9028099999999997;0.19513354166666685;84
3.09876;0.5040876249999999;87
4.61418;0.8863871944444446;87
5.5018;0.2946670833333327;88
5.7977;0.20288112500000022;87
6.00143;0.2550926666666671;85
6.25759;0.49240835521217363;88
