Start;Duration;Pitch
0.0;0.8057800416666666;88
0.8063399999999998;0.6724191833333333;90
1.47932;0.18770462499999985;88
1.6678099999999998;0.7369678611111112;93
2.40529;0.6944607999999999;91
3.10033;0.1934705000000001;90
3.29461;0.8134846874999995;88
4.1086599999999995;0.9041816597222221;90
5.01347;1.036528847500933;85
