Start;Duration;Pitch
0.40605;0.7687036666666667;83
1.1779700000000002;0.8951446249999995;83
2.07686;0.9151310000000001;83
2.99582;0.1165510000000003;82
3.11639;0.1393836666666668;83
3.26058;1.3499681190476194;85
4.61377;0.8155675833333342;83
5.43275;0.8155277499999993;82
6.25169;0.40609741666666643;80
6.6612;0.38622441666666596;82
7.050669999999999;4.99032209027778;83
12.04446;1.0055332683965297;85
