Start;Duration;Pitch
0.0;0.5039961111111111;57
0.5054;0.19642933333333334;59
0.70348;0.4210980833333332;60
1.12634;0.19203625000000013;62
1.31999;0.18323025000000004;64
1.50476;0.3900977916666668;64
1.8964900000000002;0.6975537291666665;62
2.5955;0.36789070833333337;60
2.96493;0.34154095833333376;59
3.3079;0.18748450000000005;57
3.49696;0.19198666666666675;59
3.69056;0.38568625000000045;55
4.07786;0.3680699583333329;59
4.44747;0.7025488278643115;57
