Start;Duration;Pitch
0.0;0.8114060416666669;84
0.8131;0.7957886458333331;83
1.61055;0.7338279999999999;84
2.34591;0.7803309166666672;87
3.12787;0.7809396458333335;84
3.9104400000000004;0.7479166666666668;84
4.66044;0.23853550000000023;82
4.900980000000001;0.5723251666666664;80
5.4745;0.9269248750000001;75
6.40336;0.3739951666666661;72
6.778919999999999;0.3886438750000005;75
7.1691899999999995;0.3281270833333334;80
7.49869;0.38783725000000047;82
7.88815;0.5618481232630517;84
