Start;Duration;Pitch
0.0;1.2953284305555555;89
1.29713;0.599501625;87
1.89914;1.120139833333334;85
3.0224;0.27088366666666674;77
3.29556;2.2214036250000007;80
5.51928;0.5436552916666662;85
6.0652099999999995;0.543655291666667;89
6.61114;2.2215721190476208;94
8.835360000000001;0.2484422499999983;92
9.08589;0.2264272500000004;88
9.314219999999999;0.19699458333333375;89
9.51287;0.39252150000000086;84
9.90869;0.39207524999999954;85
10.30406;2.7459369468386967;81
