Start;Duration;Pitch
0.0;0.5615476666666668;78
0.56272;0.5880423541666667;90
1.15199;0.6521285625;88
1.80548;0.2712450833333333;86
2.07786;0.2579507083333339;85
2.3368900000000004;0.23731704166666656;88
2.5752;0.2675405833333331;86
2.84386;0.2833643750000001;85
3.1284099999999997;0.24643887500000083;83
3.3758800000000004;0.28015779166666643;85
3.65721;0.2801478333333334;80
3.93853;0.2801478333333334;81
4.21985;0.03177433333333379;85
4.25272;0.1972784897340505;83
