Start;Duration;Pitch
0.08504;0.2876395;85
0.37328;0.2613044791666666;89
0.63513;0.32433289583333336;90
1.28515;0.28445115625000006;92
1.8552400000000002;0.3043945208333332;97
2.4653;0.31436869791666666;92
3.09535;0.3001334166666667;94
3.6968699999999997;0.288772135416667;92
4.27562;0.39413716666666687;90
5.06554;0.2924229276541439;89
5.553929023221954;0.2028959568278461;89
5.757461467270546;0.29253706545890346;92
