Start;Duration;Pitch
0.0;0.4956153125;79
0.49665;0.2785409729097292;77
0.776942542149157;0.2526260724785504;75
1.0311574578508431;0.25265352625899795;74
1.2854;0.7611110416666662;75
2.0481;0.7611110416666671;82
2.8108;1.5478659583333338;79
4.36028;0.876799520833333;74
5.23891;0.811087290731388;77
