Start;Duration;Pitch
0.29325;0.3703198333333334;73
0.6865100000000001;0.4254544166666664;80
1.13832;0.38946391666666647;75
1.9655;0.29928050000000006;85
2.2833200000000002;0.2778952499999998;92
2.57843;0.27701949999999975;87
2.87261;0.31173874999999995;97
3.2036599999999997;0.3316361666666672;104
3.5558400000000003;0.3157408333333329;99
3.89114;0.3313348333333339;92
4.243;0.36670383333333234;87
4.63242;0.3703104166666664;80
5.02567;1.2743210180016353;75
