Start;Duration;Pitch
0.19615;1.5413527499999997;84
1.73911;0.2559789583333334;85
1.99616;0.15924370833333357;84
2.15607;0.18988549999999993;82
2.34675;0.15490187499999974;80
2.5023;0.5442130972222223;79
3.04727;0.13600095833333326;77
3.18384;0.42927381249999996;77
3.61401;0.36899964583333356;89
3.9837800000000003;0.13656858333333322;82
4.12092;0.13682749999999988;84
4.258319999999999;0.19398833333333343;87
4.453119999999999;0.296878012532134;85
