Start;Duration;Pitch
0.18205;0.9906817708333333;84
1.1748;2.227976770833333;89
3.4051;0.9022364166666668;88
4.30922;1.0223257083333337;86
5.33368;1.010310791666666;88
6.3461;0.8661816875000001;84
7.21409;0.8016370277777787;86
8.01796;0.2988486666666663;88
8.31932;0.9219253124999991;89
9.24317;1.0824701458333337;91
10.3279;3.1220965285931577;93
