Start;Duration;Pitch
0.74578;0.20027699999999993;74
0.9477399999999999;0.6969885277777778;76
1.64667;0.22695283333333305;80
1.87553;0.7635431388888891;78
2.6412;0.16072933333333328;76
2.80328;1.8534373229166663;74
4.65865;0.8858306666666671;71
5.54633;1.5036674912742587;75
