Start;Duration;Pitch
0.10769000000000001;0.7764870833333333;83
0.8863400000000001;0.16736358333333312;84
1.05511;0.5938901458333334;86
1.6502400000000002;0.6936618541666664;81
2.34535;0.04079333333333368;81
2.38755;1.3665390215053765;84
3.75556;0.33618337500000006;83
4.09315;0.20196495833333383;84
4.29596;0.25131845833333344;86
4.54833;0.2564768750000006;88
4.80588;0.6137786250000001;89
5.42094;0.6621755;91
6.08496;0.22153833333333317;86
6.3083599999999995;1.6416381746900077;88
