Start;Duration;Pitch
0.13222;1.1993789479166665;80
1.39611;0.4785822083333331;80
1.9021;0.21240579166666684;83
2.1266700000000003;0.20386491666666595;81
2.3422099999999997;0.16994733333333345;80
2.52189;0.2041581250000002;79
2.73774;0.18707637499999974;75
2.93553;0.772558375;80
3.74994;0.3368396250000001;78
4.10607;1.3705788819444447;76
5.5498400000000006;1.4070322152777779;75
7.0320100000000005;0.7179874752088766;73
