Start;Duration;Pitch
0.0;1.6945829687499998;88
1.69635;0.8980351875000003;89
2.59626;0.9083536458333334;89
3.50651;1.9838513333333343;89
5.492430000000001;2.604839826388888;90
8.09908;0.9025559166666657;88
9.00415;0.2819407500000022;86
9.28846;0.70209425;85
9.99202;1.135259937499999;84
11.12965;0.9203469257722734;85
