Start;Duration;Pitch
0.0;1.2996947395833331;86
1.30105;0.40512491666666683;84
1.70787;0.3945192916666673;82
2.1040400000000004;0.04188566666666649;81
2.14737;0.04768566666666674;82
2.1967;0.04794666666666725;84
2.2463;0.3548385333333335;82
2.60352;0.3981242083333334;81
4.20268;0.40901862499999986;82
4.61341;0.2762453874538746;82
4.89139261294774;0.2596616817663646;81
5.15268738705226;0.2549292844144553;79
5.4092199999999995;1.4407775962000482;78
