Start;Duration;Pitch
0.09709;0.9888456041666668;87
1.088;0.6881431666666662;88
1.7780599999999998;0.2199615833333335;87
1.99987;0.6620179166666671;85
2.6632700000000002;0.8858007291666663;87
3.5509199999999996;0.9442735833333336;83
4.49677;0.24412850000000041;87
4.74295;0.22007066666666564;95
4.9648699999999995;0.2140413333333333;92
5.1807099999999995;1.2267837638888892;90
6.4092;0.3407977185089974;88
