Start;Duration;Pitch
0.19641;1.9119254;66
2.10993;0.3914222500000002;64
2.50299;0.39142224999999975;62
2.89605;0.4222831250000003;59
3.3201;1.4775792499999998;62
4.79922;0.7638453333333333;57
5.56466;0.6399439999999998;62
6.20594;0.7225714999999999;64
6.93002;0.7947508125000011;66
7.726430000000001;0.8876069583333326;69
8.61589;0.44291679166666675;66
9.06066;0.4017390833333341;62
9.464080000000001;2.2859174583266597;64
