Start;Duration;Pitch
0.0021;0.9502201041666669;80
1.00453;1.2354671874999998;77
2.30788;2.0421128189439335;75
