Start;Duration;Pitch
2.10886;0.561172;82
2.67238;0.653017708333334;82
3.3281300000000003;0.6468734166666663;83
3.9777099999999996;3.5350833750000006;85
7.51525;0.34866116666666613;85
7.8653699999999995;0.6466941666666672;85
8.51477;0.6469232083333338;87
9.1644;0.7268487916666668;85
9.89429;0.7900045416666668;83
10.6876;2.3623921089198863;82
