Start;Duration;Pitch
0.0;2.580629041666666;74
2.58332;0.9997451944444449;76
3.58585;0.38260483333333273;72
3.9716699999999996;1.2395788194444446;74
5.834919999999999;0.6397631666666674;74
6.47736;0.5241668333333331;79
7.0037199999999995;0.4986137500000005;74
7.50442;1.1280649583333329;71
8.634839999999999;1.2309701250000007;71
9.86838;0.07480066666666652;74
9.94576;1.3726029777777775;72
11.32142;1.9767706666666651;71
13.300939999999999;0.6902618750000009;69
13.99409;0.7559074750480992;67
