Start;Duration;Pitch
0.19846;0.6382627519068799;75
0.8377212447187764;0.4971095613271933;75
1.3356087552812235;0.4371571180084597;75
1.77345;0.7159734166666669;75
2.49017;1.9895789340277785;70
4.48044;1.672428489583334;75
6.15374;2.396259001298671;78
