Start;Duration;Pitch
0.4136;0.12561612500000002;76
0.5464100000000001;0.1448638333333333;76
0.69957;0.13523524999999992;76
0.84255;0.1448638333333332;76
0.99571;0.19295945833333328;76
1.40373;0.4551530972222224;79
1.8835400000000002;0.20257858333333334;77
2.0977200000000003;0.19295945833333317;71
2.5057400000000003;0.5323320972222216;74
3.06691;0.20257858333333356;72
3.2810900000000003;0.19777374999999964;69
3.69929;1.1507079789980614;67
