Start;Duration;Pitch
1.45659;0.2328929166666669;80
1.69144;3.0173827444444443;81
4.7105;1.6084927395833333;80
6.32067;0.19958283333333426;80
6.52193;3.6243036086956524;78
10.91117;1.6284818958333336;72
12.54135;0.5350899183004092;72
13.07811731616342;0.6146788725984713;72
13.694722883885582;0.5749746876265576;72
14.2715;1.7784970327473886;72
