Start;Duration;Pitch
0.19385;1.1534814285714283;81
1.54145;0.16730408333333324;78
1.71016;0.4741002291666667;74
2.18525;0.4742598958333333;78
2.6605;1.4286902291666665;79
4.09068;0.2764732083333339;81
4.36831;0.1967766666666666;82
4.56591;0.19007138888888875;84
4.8522099999999995;0.10785366666666718;86
4.96097;0.5140168958333335;87
5.4760599999999995;0.7821271666666672;90
6.2598199999999995;0.327619208333334;91
6.5888100000000005;1.4611867484022287;86
