Start;Duration;Pitch
0.53203;0.5007446041666668;73
1.0338200000000002;0.5429864166666665;74
1.57794;0.7606520694444443;76
2.33965;0.2588867916666673;74
2.5996200000000003;0.5193258124999995;73
3.12003;0.5846594166666668;71
3.70591;0.4768744375000007;71
4.1837800000000005;0.5309315833333326;71
4.71582;0.5307220208333332;71
5.24765;0.5068718125;76
5.75558;0.5158231250000007;74
6.272480000000001;0.2775190730051831;73
