Start;Duration;Pitch
0.0;1.7944143166666664;72
1.7974099999999997;0.3587254999999998;76
2.15915;0.38904074999999994;79
2.55146;0.3483328333333331;83
2.90272;1.794604;84
4.70032;0.36820583333333357;83
5.071619999999999;0.32885650000000144;84
5.40324;0.3979756666666665;79
5.8045599999999995;0.6096790416666673;81
6.41679;0.45856650000000077;72
6.8792100000000005;0.32779541666666656;74
7.20976;1.0007025277777784;71
8.21325;0.4022299166666663;72
8.61886;2.031133215421411;74
