Start;Duration;Pitch
0.0;0.9281763229166667;60
0.92866;1.314714895833333;55
2.2440599999999997;0.9705555347222226;60
3.21529;0.3407985208333333;59
3.5568;1.2328975312500008;55
4.7903400000000005;0.9862446319444427;60
5.77727;0.31501235416666695;59
6.0929400000000005;0.6705607708333323;57
6.7642;0.31504229166666686;59
7.0799;0.35042841666666646;60
7.43106;1.4030688541666674;62
8.83486;1.2151389868564983;67
