Start;Duration;Pitch
0.0;0.6124913125;73
0.6137699999999999;0.884892625;74
1.50051;0.7997803125;73
2.30196;0.6385612777777778;71
2.9423;0.1325164166666668;68
3.07593;1.6862017083333334;69
4.76389;0.8322625000000006;74
5.5978900000000005;0.9040925416666665;76
6.50387;1.0165477708333333;78
7.522539999999999;2.2771208166666668;71
9.80156;0.40532408333333336;72
10.20858;0.8414171894206621;73
