Start;Duration;Pitch
0.0;1.0060696458333334;60
1.00817;1.2899170624999996;63
2.30078;0.605436791666667;59
2.90875;0.5971713749999998;67
4.10809;0.7869373749999999;71
4.89832;1.2040062222222225;72
6.10568;0.4920253333333324;70
6.601839999999999;0.604815277777778;68
7.20834;0.1828016666666663;67
7.394239999999999;0.18540750000000017;68
7.582789999999999;0.5290364583333336;70
8.11404;0.935953734200945;58
