Start;Duration;Pitch
0.0;1.2696510749999999;65
1.2707099999999998;0.25309104166666696;68
1.52486;0.25308108333333323;64
1.779;0.25308108333333346;65
2.03314;1.2696610666666666;67
3.30386;0.25308108333333346;70
3.558;0.2530810833333339;61
3.8121400000000003;0.253081083333333;60
4.06628;1.2696510750000005;68
5.33699;0.2530810833333339;72
5.591130000000001;0.2530810833333321;64
5.845269999999999;0.30472795998018487;65
