Start;Duration;Pitch
0.19624;0.5982712166666667;73
0.79551;0.10622733333333312;75
0.9026299999999999;0.1259912499999999;73
1.02968;0.08643366666666674;72
1.11684;0.12600116666666672;73
1.2439;0.09599333333333337;75
1.3407;0.07681450000000023;76
1.41816;0.12604083333333338;78
1.54526;0.5073508125000001;80
2.05367;0.48737252083333304;80
2.5420599999999998;0.44759556250000054;80
2.99059;1.0357000208333327;79
4.0273699999999995;0.5253432499999997;79
4.5538099999999995;1.29618855878965;75
