Start;Duration;Pitch
0.0;0.7840424374999999;73
0.78486;0.08969700000000025;76
0.87765;1.0447553978494624;74
1.92353;0.3131099166666669;73
2.23795;0.10678266666666669;78
2.34563;0.11028325000000017;77
2.45684;0.1328039999999997;80
2.59076;0.13658225000000046;78
2.7284900000000003;0.10738758333333331;81
2.83678;0.12642758333333326;78
2.96427;0.24246549999999978;73
3.20775;0.2943882499999999;73
3.50337;0.2960612499999997;73
3.8006699999999998;0.29949687500000044;73
4.10142;0.6485789179079573;73
