Start;Duration;Pitch
0.10565;0.9971231805555556;78
1.10416;0.7108858958333333;77
1.81653;0.4011316250000003;76
2.2193400000000003;0.37538933333333313;78
2.78478;0.2150627500000004;77
3.00165;1.2063277873444247;76
4.209487584324832;0.47858455109652187;75
4.689572672336637;0.5327971172644146;76
5.2240400000000005;2.4632455833333324;77
7.68934;1.3606587033627608;78
