Start;Duration;Pitch
0.0;0.6363215625000002;65
0.63765;0.41972086111111095;74
1.05854;0.15548341666666654;72
1.21533;0.15798241666666657;72
1.3746399999999999;0.2350963333333338;70
1.6107200000000002;0.14321650000000008;70
1.7551400000000001;0.13773258333333316;70
1.8940299999999999;0.27408320833333333;69
2.16926;0.14939458333333322;70
2.3199099999999997;0.5580449791666671;72
2.87912;0.5232276666666671;67
3.4034400000000002;1.6465572528763244;72
