Start;Duration;Pitch
0.0;2.589040270833333;81
2.59174;3.0228978645833338;76
5.61779;2.6087497187500004;77
8.22926;2.7665152083333346;72
10.998660000000001;2.7665651562499995;74
13.76811;4.324610499999999;70
18.09723;4.952765870544351;69
