Start;Duration;Pitch
0.90381;0.42290710416666655;69
1.3276;0.38304033333333365;81
1.71144;0.462793833333333;73
2.1752;0.584966416666667;76
2.76098;0.2408522500000001;74
3.00284;0.8600764861111112;74
4.2943;0.46279383333333346;74
4.7580599999999995;0.42295700000000025;86
5.1819;0.22097541666666753;84
5.4038;0.24085224999999877;82
5.6456599999999995;0.5650041805555563;81
6.21145;0.2542959999999992;79
6.46681;0.5831890270047513;79
