Start;Duration;Pitch
0.0;0.290573375;86
0.43677;0.1487774999999999;62
0.58617;0.15638566666666676;64
0.74321;0.15305958333333336;66
0.89691;0.17202024999999999;67
1.06965;0.16170341666666666;69
1.23203;0.1530297083333334;71
1.3857;0.15314920833333345;67
1.53949;0.16887341666666678;76
1.70907;0.1715422499999999;74
1.88133;0.17154225000000012;73
2.0535900000000002;0.17658116666666634;69
2.2309099999999997;0.1741712500000001;71
2.40581;0.1900149583333337;73
2.59662;0.45337848558334626;74
