Start;Duration;Pitch
0.0;2.510701958333333;72
2.51332;2.2561973437499994;70
4.77187;2.4643602812500003;72
7.2388;2.2330814479166685;68
9.474210000000001;1.1731308749999982;73
10.64979;0.585340875;72
11.23758;0.585340875;70
11.82537;1.080713812499999;72
12.908339999999999;1.1268874166666656;65
14.037579999999998;2.186779729166666;70
16.22664;2.233031499999999;68
18.462;2.186769739583333;72
20.65105;2.371856739583329;70
23.02538;2.2098756458333355;72
25.237560000000002;1.8124369761218304;77
