Start;Duration;Pitch
0.0;0.6570782291666667;75
0.65845;0.6570782291666666;70
1.3169;1.9818670666666667;68
3.30042;0.31470325000000043;65
3.6164400000000003;0.3210765833333329;70
3.93886;0.354506708333334;68
4.29485;1.6925359861111113;66
5.98974;0.15201258333333367;63
6.14303;0.15642549999999922;65
6.30077;0.3144045000000002;66
6.61649;0.14340491666666644;63
6.7611;0.14974166666666644;65
6.9121;0.2942986250000006;66
7.20763;0.3142152916666676;63
7.523160000000001;0.3268394546995532;68
