Start;Duration;Pitch
0.0;0.325241;72
0.32592;0.3874112083333333;67
0.71414;0.3768632291666667;69
1.09179;0.34840264583333336;70
1.44092;0.37352020833333355;71
1.81522;0.3709455833333335;72
2.1869400000000003;0.3700374791666663;77
2.55775;0.30416500000000024;81
2.86255;0.31366516666666655;77
3.17687;0.27366866666666656;76
3.45111;0.2472937291666666;74
3.6989199999999998;0.40375708333333327;72
4.10352;0.40489470833333385;71
4.50926;0.7774593020833338;71
5.28753;0.7624674531358551;72
