Start;Duration;Pitch
0.0;0.36782099999999995;67
0.36935999999999997;0.36780108333333333;72
0.7387;0.36782099999999984;75
1.10806;0.3677911249999999;74
1.47739;0.3678110416666669;72
1.84674;0.3678210000000002;67
2.2161;0.3678010833333336;67
2.58544;0.3678210000000002;72
2.9548;0.1831310833333335;72
3.13947;0.183121166666667;74
3.3241300000000003;0.183141;75
3.50881;0.1831310833333335;77
3.69348;0.3678210000000002;79
4.0628400000000005;0.36709404166666637;72
4.43147;0.3185278675958658;84
