Start;Duration;Pitch
0.10795;0.8529493125000001;51
0.96268;1.5668111805555556;60
2.5305800000000005;1.3070217152777772;60
3.83851;2.142956729166666;60
5.98236;0.538376041666667;60
6.52186;0.9392406041666668;60
7.46208;0.4468870416666668;60
7.9099;0.7143351249999998;61
8.62498;0.5981712083333299;60
9.2244;1.317434479166666;60
10.54275;1.1072463014737295;53
