Start;Duration;Pitch
0.0;0.30364608333333337;57
0.30428;0.7918842604166666;62
1.09699;0.35267372916666684;57
1.4504;0.3481431875000003;57
1.7992700000000001;0.7947179722222224;62
2.9925900000000003;0.35748368749999937;57
3.3508199999999997;0.5360744166666671;62
3.88764;0.1693514166666663;57
4.0577;0.3390821041666676;62
4.39749;0.33908210416666673;66
4.73728;0.5127391445436587;62
