Start;Duration;Pitch
0.0;0.8995020416666666;81
0.90044;0.7978580312500002;75
1.69913;0.5570752083333332;76
2.25698;0.10082274999999985;78
2.35865;0.10085250000000023;80
2.46035;0.42543682291666673;71
3.313;0.7934925833333328;81
4.10732;0.7525652604166666;75
4.86067;0.5892704305555556;76
5.45076;0.09328608333333399;78
5.54483;0.09025158333333305;80
5.63584;0.4141586165891722;71
