Start;Duration;Pitch
0.0;0.6417308333333333;74
0.6424;0.12601275;76
0.76894;0.13397941666666668;74
0.90348;0.48637283333333337;74
1.39036;0.13128070833333316;76
1.52219;0.12754633333333354;78
1.6502700000000001;0.12865170833333317;79
1.7794599999999998;0.1286517083333334;79
1.90865;0.12861187500000004;81
2.0378;0.11539716666666688;83
2.15368;0.12583350000000015;83
2.28004;0.12101366666666635;85
2.40156;0.3905667916666671;86
2.79267;0.5573287597691019;74
