Start;Duration;Pitch
0.0;0.25990897916666666;74
0.26018;0.18622122916666667;71
0.44678999999999996;0.20559079166666666;74
0.65281;0.4400910937500001;79
1.09336;0.21009139583333325;74
1.30389;0.25479806250000014;79
1.55922;0.21664770833333336;76
1.7763200000000001;0.2256189791666663;72
2.00241;0.23932037500000014;79
2.2422299999999997;0.21252631250000054;76
2.4552;0.3091300555555554;74
2.76476;0.10271025000000034;71
2.8679;0.38209872367858466;67
