Start;Duration;Pitch
0.034789999999999995;0.8394746354166664;72
0.8751399999999999;0.6060770555555556;76
1.48206;0.2471957083333336;67
1.73029;0.5459806388888886;72
2.27703;0.2075117500000001;64
2.48541;0.1881029583333338;67
2.6743;0.18786395833333325;60
2.86295;0.18856104166666654;64
3.0523;0.20960299999999998;55
3.26278;0.5872121047111962;60
