Start;Duration;Pitch
0.0;0.23634159375000002;73
0.47367;0.23633660416666663;73
0.9473299999999999;0.7100065972222224;76
1.65783;0.11791662500000011;74
1.77624;0.11762783333333315;71
1.8943599999999998;0.21021114583333356;69
2.10501;0.2006111875000003;69
2.3060400000000003;0.20059122916666627;69
2.50705;0.19174968749999977;69
2.6992;0.12105349999999993;68
2.82076;0.117787166666667;69
2.9390400000000003;0.11505858333333308;71
3.05458;0.12705837500000028;68
3.18217;0.3678087714112017;64
