Start;Duration;Pitch
0.0;1.3403985208333333;77
1.34133;0.8932985104166666;72
2.23556;0.44619847916666666;74
2.68269;0.41398572916666687;70
3.09754;0.3944964166666667;67
3.49286;0.41365641666666697;72
3.9073800000000003;0.4394825;69
4.34778;0.37526157291666706;65
5.09987;0.694653861111111;65
5.79549;0.23540504166666665;67
6.03188;0.38265114583333304;69
6.41533;0.2153987500000003;67
6.63163;0.19737416666666707;64
6.82983;0.7201675944297454;65
