Start;Duration;Pitch
0.02103;0.37679337500000004;84
0.39860999999999996;0.36280258333333343;80
0.76217;0.3558071875000002;81
1.1187200000000002;0.35580718749999996;76
1.47527;0.3488417291666668;77
1.8248400000000002;1.8793772118055554;72
3.7048699999999997;0.6913590833333343;82
4.39695;0.29999370833333305;78
4.69757;0.3556475208333332;79
5.05396;0.3418463333333328;75
5.39652;0.36275268750000045;76
5.76003;1.7899690052273662;70
