Start;Duration;Pitch
0.18923;1.4030088854166667;57
1.59297;0.43224760416666697;59
2.02612;0.79456146875;60
2.82151;0.42340606250000024;57
3.2458;0.41238906249999996;59
3.65905;0.7657515104166666;60
4.4256;0.4321677708333329;57
4.85867;0.8655474479166667;59
5.7251199999999995;0.8415324895833347;57
6.5675300000000005;0.7499280104166646;59
7.318239999999999;0.7767500416666664;61
8.0958;0.25419915090053813;62
