Start;Duration;Pitch
0.37631;0.46580428125;81
0.8426;0.22206140624999993;78
1.28765;0.5045039270833331;74
1.7926799999999998;0.2301644895833337;73
2.2539700000000003;0.44830253124999997;81
2.7027400000000004;0.21207724999999966;79
3.12778;0.42461722916666655;76
3.55284;0.232020614583333;74
4.01785;0.42462721874999954;86
4.44292;0.23205055208333292;81
4.90799;0.2420091916185667;78
