Start;Duration;Pitch
0.0;2.3333069374999997;81
2.33574;0.9089959237703815;79
3.2475854407727964;0.43888428162442805;76
3.6892300000000002;2.327692791666667;76
6.01935;0.8890983982580076;79
6.9112355405722985;0.41336468342994337;77
7.3272;0.413384258842588;76
7.7431845687086245;0.45401541969160597;77
8.200055431291377;0.4244649795127309;74
8.627189999999999;2.2492816527777784;74
10.8796;0.5091496666666675;76
11.390880000000001;1.6591163079470181;76
