Start;Duration;Pitch
0.10332999999999999;1.6427039791666669;70
1.74689;1.586083484375;82
3.3338;0.06964950000000059;81
3.4046300000000005;0.049953333333333294;79
3.4554300000000002;0.2574329166666667;77
3.7135800000000003;0.197304458333333;77
3.91171;0.19132945833333315;77
4.10384;0.3876107916666669;77
4.88068;0.04992383333333361;81
4.93145;0.03688483333333359;79
4.96896;0.20575686111111136;77
5.17529;0.1869079583333333;77
5.36298;0.18693783333333336;77
5.5507;0.39929866622574917;77
