Start;Duration;Pitch
0.0;0.7842325156250001;82
1.04637;0.12482770833333334;70
1.2970700000000002;0.14272283333333324;72
1.58371;0.15366206250000003;74
1.89232;0.14603895833333325;75
2.18562;0.1459642708333333;76
2.47877;0.1559126458333333;77
2.7919;0.15589770833333327;79
3.105;0.14007889583333366;74
3.3863300000000005;0.39773681944444395;75
3.78462;0.12223854166666648;74
3.90737;0.24260918961439826;72
