Start;Duration;Pitch
0.0;0.7643088611111111;87
0.76484;0.7757710625;82
1.54142;0.3675327083333335;79
1.90972;0.3874211875000002;80
2.29795;0.34758435416666655;84
2.64626;0.17349408333333338;82
2.82048;0.22785662500000026;79
3.04929;0.4580370972222223;75
4.42627;0.3806153958333338;75
4.80768;0.3675426875000003;79
5.1759900000000005;0.22336541666666587;75
5.40029;0.20314004166666688;72
5.60428;0.4360895833333336;79
6.04128;0.5087183007321876;79
