Start;Duration;Pitch
0.00427;0.3433835;82
0.34861;0.13455925000000002;82
0.4843;0.4198834166666667;83
0.9050600000000001;0.44387333333333345;86
1.34986;0.5022315000000002;91
1.8531400000000002;0.4321063611111109;87
2.28645;0.1043630000000002;87
2.39169;0.44383341666666665;86
2.83645;0.4402409166666663;83
3.2776099999999997;0.4723884220846033;79
