Start;Duration;Pitch
0.09512999999999999;0.7132955000000001;64
0.81141;0.6925423333333334;63
1.50685;0.6791184999999995;61
2.1888099999999997;0.7264703750000003;59
2.91832;0.7069122083333332;57
3.62819;0.7680065833333334;54
4.39941;0.450586983518102;52
