Start;Duration;Pitch
0.13709000000000002;0.44401245833333325;77
0.58172;0.8828964513888888;79
1.46523;0.8436237430555553;72
2.30944;1.1670794351851854;77
3.47706;0.12183025000000036;77
3.5994;0.12026679166666598;79
3.7201699999999995;0.12027675000000038;81
3.84095;0.7816967777777779;83
4.62319;0.8407757222222214;84
5.46455;1.1854491214828187;86
