Start;Duration;Pitch
0.0;0.6271207708333334;77
0.62843;1.05570915625;77
1.68524;0.2332839166666667;78
1.9195;0.2730475416666669;77
2.19369;1.0157807916666668;75
3.21053;0.25315079166666665;77
3.46474;0.25314083333333404;75
3.7189400000000004;0.4674840416666668;73
4.1874;0.5272891875000001;73
4.71579;0.6990905208333329;75
5.41634;0.6336589428005119;68
