Start;Duration;Pitch
0.0;0.5189965000000001;67
0.52008;1.03904653125;72
1.56021;0.5189865208333333;74
2.08028;0.38897650000000006;75
2.47034;0.12893649999999957;68
2.60036;0.5189865208333333;70
3.12043;0.5189965000000001;72
3.64051;1.5591764861111104;75
5.2007699999999994;1.6002979097222232;74
6.80218;0.9478184186554017;73
