Start;Duration;Pitch
0.10205;0.27819920833333345;92
0.38083;0.15868604166666667;91
0.54018;0.15606699999999996;89
0.6969;0.3681713750000001;89
1.06584;0.11764775000000016;84
1.18398;0.13514454166666678;84
1.31969;0.2809534583333333;89
1.60123;0.11842450000000015;85
1.72015;0.126530583333333;85
1.8472099999999998;0.2607157083333338;89
2.10847;0.18818262500000005;84
2.29744;0.552556300878321;84
