Start;Duration;Pitch
0.0;0.810867453125;94
0.81129;0.8000830729166669;86
1.61179;0.27168281250000015;91
1.8840400000000002;0.09986216666666659;87
1.98432;0.11043791666666647;89
2.09522;0.11790666666666683;91
2.21362;0.10312849999999996;89
2.31718;0.1084860833333332;87
2.42612;0.10342725000000019;86
2.52998;0.4431678854166665;89
2.97361;0.3763893720302449;87
