Start;Duration;Pitch
0.0;0.27720058333333336;76
0.27953;0.055883000000000016;79
0.33734000000000003;0.3739073333333334;77
0.9277200000000001;0.1566436666666664;76
1.08568;0.41496368750000023;80
1.5015100000000001;0.606763270833333;81
2.10954;0.6236580000000003;82
2.7345;0.5683933750000003;83
3.3040800000000004;0.6972643333333326;86
4.0028;1.3223810833333332;84
5.32656;1.2609351562500004;83
6.5888100000000005;0.5611881254676394;81
