Start;Duration;Pitch
0.0;1.0868247361111112;83
1.08758;0.9469119652777778;83
2.03515;0.2952136875;83
2.33098;0.2553469166666664;85
2.5868599999999997;0.2752952708333338;86
2.86273;0.8719940277777782;85
3.7353300000000003;0.941905444444445;90
4.6778900000000005;0.9052109444444438;86
5.58373;0.2569834999999987;85
5.84125;0.2553968125000008;88
6.097180000000001;0.29524362499999857;85
6.39304;0.6569592695379898;86
