Start;Duration;Pitch
1.4002299999999999;2.0181755416666665;82
3.4205099999999993;0.5240174583333337;80
3.9467199999999996;0.5301517916666678;78
4.47909;1.03954975;78
5.52081;2.0781530000000004;77
7.60113;1.0232537708333327;78
8.62652;0.8531389166666674;80
9.48144;0.9183228333333346;82
10.40168;1.0939262291666658;83
11.49789;1.7132371944444458;85
13.213510000000001;1.737064055555555;83
14.95299;1.1970060016500987;82
