Start;Duration;Pitch
0.10214;0.6381178125;84
0.74159;1.5633835624999999;84
2.30606;0.4510733020833335;82
3.21009;0.5963849374999999;89
3.8077199999999998;1.7670620208333343;89
5.57601;0.5678079305555555;87
6.4295;0.22765745833333373;75
6.658110000000001;0.2208957499999995;80
6.87993;0.27816612500000115;84
7.159260000000001;0.845937895833333;85
8.00608;0.507131270833332;84
8.51427;0.7357287725067394;82
