Start;Duration;Pitch
0.67898;0.8372421041666666;90
1.51797;0.737430479166667;93
2.25694;0.7973553749999995;91
3.05596;0.8172338750000003;90
3.8749;0.6577368541666666;85
4.534009999999999;0.8770589791666668;83
5.4129;0.7174721458333329;85
6.131869999999999;0.7773870625000017;86
6.910880000000001;2.4352676666666664;81
9.34784;5.702156831034758;78
