Start;Duration;Pitch
0.10051;0.48197744444444457;71
0.5838300000000001;0.1467071666666666;75
0.73177;1.730417486111111;78
2.46339;0.3339796944444444;83
2.7983;0.13243708333333348;78
2.93185;0.5615376875;78
3.49456;0.36451463888888913;87
3.86009;0.14358341666666652;78
4.00488;0.5481456458333334;78
4.55417;0.4625216388888891;90
5.0179800000000006;0.1467071666666664;72
5.16592;1.5840782386899361;72
