Start;Duration;Pitch
0.09615;0.5614378958333335;73
0.65876;0.8269698333333335;73
1.48688;0.2881543333333334;71
1.77624;0.2383477291666667;69
2.25493;0.4977708125000002;69
2.75374;0.886996347222222;69
3.6419699999999997;0.3653513333333338;68
4.00885;0.2993176250000005;66
4.60999;0.5775243125000005;66
5.18872;0.5775542500000004;66
5.76748;0.5774444791666671;68
6.3461300000000005;0.4778523958333327;69
6.82498;0.577504354166666;71
7.403689999999999;0.5463081751710233;73
