Start;Duration;Pitch
0.18427000000000002;0.1083964583333333;71
0.29312;0.1080379583333333;76
0.40160999999999997;0.23926050000000004;80
0.64137;0.21388347916666672;83
0.8557;0.21042070833333326;88
1.06656;0.24075737500000005;92
1.54908;0.2216173333333331;88
1.7711599999999998;0.47883840053978965;92
