Start;Duration;Pitch
0.0;0.21652016666666662;72
0.22891999999999998;0.728691979166667;77
0.99765;0.189091;76
1.19757;0.20828195833333307;75
1.4177799999999998;0.20829141666666673;74
1.638;0.20280558333333354;76
1.8524200000000002;0.2027393749999995;77
2.06677;0.21926308333333377;79
2.2985900000000004;0.5769927083333335;72
2.9068400000000003;0.188986958333333;70
3.10665;0.24336914419641564;69
