Start;Duration;Pitch
0.0;0.7004595937499999;74
0.70119;0.9016997499999999;76
1.6038299999999999;0.4002743541666667;77
2.00494;0.43992158333333364;74
2.44578;0.9009405416666665;76
3.34766;0.8611420416666671;78
4.2097;0.8807715729166672;79
5.0913900000000005;0.3808349374999995;80
5.47302;0.14540695406954107;76
5.619341469870605;0.14606839113217518;78
5.766328530129395;0.14607277318363732;80
5.91332;0.43667927144229957;81
