Start;Duration;Pitch
0.0;1.280197354166667;67
1.2828700000000002;1.4116030208333334;67
2.69742;0.1014613333333334;68
2.80238;0.09289666666666685;70
2.8984799999999997;1.8186502878787887;72
4.71989;0.3131187500000001;70
5.03564;0.34388025000000066;68
5.38241;0.7430908333333335;67
6.12861;0.6971629999999989;75
6.828689999999999;1.129384083333334;71
7.96122;0.09050600000000042;69
8.05326;0.14133449999999925;71
8.19699;1.8530069084347733;72
