Start;Duration;Pitch
0.0;1.2699637083333333;85
1.27173;1.110325736111111;85
2.3836;1.170092611111111;85
3.5553199999999996;3.3741071898148154;86
6.9309899999999995;0.8126434583333335;88
7.74533;0.38615429166666804;86
8.1331;0.6621376666666645;86
8.796619999999999;0.35328183333333385;85
9.15138;0.7361731041666673;85
9.88909;0.393911833333334;83
10.28465;1.7653480371390842;85
