Start;Duration;Pitch
0.0;0.6617396388888889;82
0.66266;0.9213385833333334;91
1.58528;0.7952839027777778;89
2.38167;0.8042714027777778;87
3.18706;0.07273200000000068;86
3.2623;0.24124571428571429;84
3.5047;0.2531806666666667;83
3.75894;0.25316075000000016;84
4.01316;0.2531507916666662;87
4.26737;0.2531507916666671;86
4.52158;0.2710857500000001;84
4.7938;0.7835302499999992;82
5.5784199999999995;0.4715789505892616;80
