Start;Duration;Pitch
0.0;1.5002434305555554;85
1.50233;2.2940294166666675;88
3.79955;2.0033936388888893;87
5.8057300000000005;2.405813944444443;90
8.214889999999999;0.6612333333333353;88
8.87889;1.613890708333333;92
10.49615;0.5880196666666659;90
11.08663;1.963367379993489;93
