Start;Duration;Pitch
0.09444;0.7272272083333334;76
0.82471;1.4698115;77
2.29759;0.7556980833333329;74
3.05645;1.315733166666667;76
4.37493;0.5254942777777778;72
4.90336;0.1283839999999996;76
5.033919999999999;0.336968333333334;76
5.37372;0.35657358333333367;74
5.73329;0.716741083333333;72
6.45303;0.7944359999999993;71
7.250789999999999;1.1992059943014803;72
