Start;Duration;Pitch
0.10974;2.068831921875;82
2.17965;0.8089864270833331;82
2.98948;0.8488948124999998;82
3.83926;1.678795171875;82
5.51893;1.6587955937499999;78
7.17859;1.5987069062500012;80
8.77813;0.39417708333333223;78
9.17313;0.41408552083333205;77
9.58808;0.4141054791666665;75
10.00305;0.43415362499999866;73
10.43811;0.9886890416666656;78
11.42783;0.9207698645833329;82
12.34956;1.2004386652523529;80
