Start;Duration;Pitch
0.0;0.8901754166666667;81
0.8939;0.8055760555555554;86
1.7017200000000001;0.2441483333333332;86
1.94792;0.5453780833333333;90
2.49558;0.5936361666666667;90
3.0917;1.1761645416666666;86
4.27032;1.079556229166668;81
5.352130000000001;1.1044440952380938;81
6.45921;0.12358533333333366;81
6.58489;0.42988838888889;88
7.017180000000001;0.1380599999999994;86
7.15758;0.4152800000000001;85
7.5751800000000005;0.13560166666666706;83
7.713080000000001;0.536898805232144;81
