Start;Duration;Pitch
0.19974;0.39545844444444445;91
0.5963;0.08472799999999991;100
0.68174;0.19005977083333325;100
1.06345;0.18013131250000014;100
1.4252200000000002;0.3153116944444443;92
1.74141;0.05831991666666703;100
1.8002200000000002;0.15357741666666658;100
2.10866;0.19009462499999996;100
2.49044;0.31533163888888893;93
2.80665;0.0846982500000002;101
2.89206;0.16021464583333334;101
3.2138299999999997;0.1800815208333333;100
3.5755;0.4744994724119831;98
