Start;Duration;Pitch
0.00032;0.82213271875;90
0.82331;0.3984581458333334;88
1.2226;1.2871555208333336;87
2.51065;0.4369278333333333;85
2.94849;1.2613234722222226;87
4.2106900000000005;0.42383516666666665;85
4.63541;0.785341083333333;90
5.42157;1.8145244427083318;83
7.2370399999999995;0.3862037291666667;83
7.62405;0.43629914583333296;82
8.06126;0.7834330729166652;81
8.84551;0.632090885416666;85
9.47826;0.8738687708333313;88
10.35304;0.7717952083333319;97
11.125639999999999;2.4243579786488976;92
