Start;Duration;Pitch
0.0;1.4185568833333333;74
1.41974;0.5387951666666666;76
1.95966;0.49890843750000036;74
2.45961;1.0386869062500002;81
3.4993800000000004;1.5785929930555547;74
5.07907;0.5188368333333342;76
5.598990000000001;0.558553916666666;74
6.15871;1.2988567166666662;85
7.45865;0.4913483587528731;86
