Start;Duration;Pitch
0.0;1.5248817395833334;93
1.52649;0.18985562500000008;96
2.2890900000000003;0.4483739375;88
3.18771;0.7032167187499998;91
3.89166;0.1752567083333334;94
4.595619999999999;0.3512367291666667;93
5.29956;0.6876729270833337;96
5.98795;0.1733372395833337;100
6.6842;0.3512417187499999;98
7.38815;0.6721591041666661;96
8.061010000000001;0.17248580208333308;92
8.75384;0.2961590107423433;93
