Start;Duration;Pitch
0.0;0.9675975902777779;94
0.9682700000000001;0.8062275833333333;94
1.7751700000000001;0.16070758333333313;92
1.93655;0.6448375937499997;92
2.58206;0.3220875833333334;91
2.90482;0.3220875833333334;91
3.22758;0.3220875833333334;89
3.5503400000000003;0.32207760416666664;91
3.8730900000000004;1.4517375879629624;94
5.3255;0.16071754166666619;92
5.48689;0.16070758333333313;89
5.64827;0.1606677499999991;86
5.80961;0.8888123402777763;84
6.699039999999999;0.25093916178985687;82
