Start;Duration;Pitch
0.18897;1.3236797291666664;82
1.51403;3.681821145833334;94
5.1971300000000005;1.2893455312499995;99
6.48782;3.8020193958333364;89
10.291160000000001;1.2035649791666643;84
11.49598;3.6989751874999985;96
15.19624;1.3065076354166685;106
16.50411;3.5458880293779593;103
