Start;Duration;Pitch
0.0;1.2062617361111112;84
1.2071;0.19808120833333343;85
1.40601;0.19815091666666662;80
1.60499;2.043398229166667;76
3.6492400000000003;0.20715988888888903;77
3.9612800000000004;0.09888899999999978;78
4.061;1.2542983541666661;75
5.31617;0.19353025000000024;75
5.60768;0.09667758333333332;76
5.70517;1.644829085888663;73
