Start;Duration;Pitch
0.0;1.5713514687499996;87
1.5729899999999999;1.2211866041666672;92
2.79545;1.270864802083333;87
4.06764;1.1925964166666674;89
5.261480000000001;2.5495714062499992;87
7.81238;2.4369600885416665;84
10.25061;1.1925864270833326;87
11.44444;1.3523897916666652;80
12.79824;1.1926163958333333;84
13.9921;0.03606633333333242;87
14.02941;1.1552764301075253;85
15.185929999999999;3.8640683895521164;84
