Start;Duration;Pitch
0.0;2.086532697916667;73
2.0876200000000003;0.49895084895833364;72
4.0875900000000005;2.1156974999999996;73
6.20439;0.4952860000000001;72
8.18967;1.794484885416665;73
9.98509;1.0281778645833324;72
11.014339999999999;1.0718323437499997;73
12.08729;0.9994378333333316;74
13.087769999999999;1.3052589374999997;76
14.39439;2.255608119347057;76
