Start;Duration;Pitch
0.0;2.085972989583333;77
2.0870599999999997;1.0430024062500003;75
3.13115;1.2891856979166674;73
4.42168;2.4156330666666666;72
6.8383199999999995;0.5486645625000008;70
7.38813;0.6168023124999991;72
8.006219999999999;0.5879525416666667;73
8.5954;0.9066945416666652;72
9.503039999999999;0.6287174375000006;70
10.13307;0.4527248541666644;68
10.586739999999999;1.0284675624999995;67
11.61628;0.9843435729166661;67
12.60165;2.0483490893696743;68
