Start;Duration;Pitch
0.0;0.17868735416666665;98
0.35886999999999997;0.17868735416666665;97
0.7177399999999999;0.17868237500000006;97
1.0766;0.1786873541666667;95
1.43547;0.16830330208333333;95
2.1115;0.17349408333333338;95
2.45994;0.16829583333333353;94
2.79794;0.1709148749999998;94
3.1412;0.18125660416666678;95
3.5052300000000005;0.15013930208333326;95
4.1083;0.19683641666666674;88
4.50362;0.15533506250000073;88
4.81559;0.6806502499999993;90
5.49695;0.5530481526575262;88
