Start;Duration;Pitch
0.19154000000000002;1.7142254416666665;95
1.90648;0.19024400000000052;90
2.0975200000000003;0.2001724583333333;91
2.29853;1.5981538250000002;93
3.89735;0.20399645833333357;84
4.1022;0.19710529166666735;88
4.30013;0.5774178958333325;91
4.87815;0.1821877083333332;84
5.0611;0.18207816666666687;88
5.24394;0.5582578749999998;91
5.80278;0.19711524999999863;90
6.000719999999999;0.20399645833333313;88
6.20557;0.9541769166666674;86
7.160410000000001;0.5895880306036538;83
