Start;Duration;Pitch
0.06846000000000001;1.1677514791666668;86
1.23682;0.33203681249999994;88
1.56955;0.3213990208333335;91
1.89162;1.3083582083333334;90
3.20066;0.3358887708333329;86
3.53725;0.30044277083333304;90
3.8383199999999995;1.2664800312500004;88
5.10546;0.30770760416666576;84
5.41381;0.3075878541666661;90
5.72204;1.2844206822916666;88
7.00713;0.2725210624999992;83
7.28022;0.27276056250000025;86
7.55355;0.2730050520833327;89
8.1007;0.349299222699921;88
