Start;Duration;Pitch
0.11657999999999999;0.9818801458333334;76
1.10051;0.25800989259892604;77
1.3601433767324653;0.3355627887442252;78
1.6978166232675347;0.38449516505034853;79
2.08473;0.5244854999999999;84
2.61141;0.5532053333333335;88
3.16693;1.2471762916666673;91
4.41671;3.928063067708333;96
8.34682;0.9188804444444454;88
9.26826;0.3537770833333358;96
9.625010000000001;1.1888779999999972;98
10.81637;3.4016161250000003;96
14.22035;2.7296454458470123;91
