Start;Duration;Pitch
0.19111;1.8177145729166662;69
2.01072;1.8010319687500003;71
3.8136300000000003;1.782221583333333;73
5.59771;1.873186729166667;74
7.47285;1.6512581458333342;78
9.12583;0.8812701874999984;76
10.008939999999999;0.7870668541666692;74
10.79765;2.55094228125;78
14.201270000000001;0.9001407916666633;80
15.10329;0.8823778749999995;80
15.98751;0.8247481874999956;81
16.813979999999997;0.8436786666666691;80
17.65942;1.7643901770833317;78
19.42565;2.3243461220502617;76
