Start;Duration;Pitch
0.0;0.7638391875000001;82
0.76437;0.8125553333333335;81
1.57749;0.5980363958333332;82
2.17615;0.2984369583333333;79
2.4752099999999997;0.2744470416666669;81
2.7502299999999997;0.274467;82
3.02527;0.2751256249999998;79
3.3009699999999995;0.6459863958333338;81
3.94763;0.2864220416666665;84
4.23465;0.5563198958333331;86
4.79155;0.3152718124999998;83
5.107480000000001;1.442519198322083;84
