Start;Duration;Pitch
0.10153999999999999;0.9519084930555557;78
1.05411;0.902502826388889;79
1.95724;0.8504589930555553;78
2.80829;0.017225999999999964;76
2.82611;0.017235666666667093;78
2.8439400000000004;0.2542332380952379;76
3.09878;0.29000456250000006;75
3.38939;0.28997462499999926;76
3.6799699999999995;0.6735776250000014;79
4.35425;0.29074302083333325;78
4.6456;0.6338590416666658;78
5.28012;0.30998285416666604;76
5.59075;0.597207260416666;76
6.18858;0.36141879275559763;74
