Start;Duration;Pitch
0.0;0.30991300000000005;98
0.31056;0.30998285416666654;99
0.6211899999999999;0.6672542187500001;100
1.28914;0.14944719791666672;93
1.88943;0.3099130000000003;95
2.19999;0.30996289583333336;96
2.5106;0.6413312499999999;98
3.1526;0.15978145833333324;91
3.7944;0.2944452916666669;93
4.08946;0.31506225000000043;95
4.4051800000000005;0.6153283645833323;96
5.02115;0.15693835416666602;88
5.33634;0.5136791429753602;95
