Start;Duration;Pitch
0.0;3.7488348333333334;85
3.75144;1.179823583333333;80
4.93455;0.5243635833333329;82
5.4633199999999995;3.9457191583333344;84
9.41233;1.9874308749999994;84
11.40391;0.8921272500000015;84
12.29977;3.1556694166666652;87
15.45873;2.7431795416666667;86
18.20477;4.089288243055556;84
22.2969;1.9102519999999998;83
24.21114;0.8388581332781442;84
