Start;Duration;Pitch
0.0;1.0401963541666668;77
1.09735;0.48114541666666666;74
1.60605;1.3128166666666667;77
2.99405;0.7272985416666664;74
3.76131;0.3945922083333331;77
4.1785;0.15268916666666676;75
4.34507;0.15663999999999945;77
4.51595;0.1349425000000002;75
4.6631599999999995;0.16216750000000069;77
4.84007;0.15208416666666658;75
5.00598;2.0440055929121224;74
