Start;Duration;Pitch
0.10332999999999999;0.7590952500000001;91
0.8640100000000001;0.6637243541666665;90
1.52912;0.6715081041666664;88
2.2020299999999997;0.694869333333334;86
2.89835;0.6016938541666668;88
3.5013;0.6792020416666662;90
4.18192;0.7258147291666672;91
4.90925;0.694799479166667;90
5.6055;0.6947895000000006;88
6.301740000000001;0.7568998333333319;86
7.060219999999999;1.5897773476081802;84
