Start;Duration;Pitch
0.15487;2.223691239583333;84
2.38088;1.6146642916666667;72
3.99779;0.6138515833333331;76
4.61421;0.8383348055555562;79
5.45488;0.326079833333333;84
5.7837;2.385602406250001;88
8.17179;1.0441714444444443;84
9.218869999999999;0.38301141666666894;84
9.6051;5.444895460222648;91
