Start;Duration;Pitch
0.0;0.5655402812499999;90
0.56613;0.32128924999999997;85
0.8880899999999999;0.6498124062499998;88
1.5385799999999998;0.31998197916666693;83
1.85923;0.6076763437499999;86
2.46754;0.3001433958333335;79
2.76831;0.0639963541666666;97
2.83298;0.0708640625000001;98
2.9045900000000002;0.06971614583333352;97
2.9750400000000004;0.06881562499999871;98
3.04458;0.0708937500000002;97
3.11622;0.16436727083333347;96
3.44633;0.35366763235057785;97
