"Start";"Duration";"Pitch"
0.0;0.9979166666666667;71
1.0;0.49791666666666656;74
1.5;0.49791666666666656;74
2.0;0.4979166666666668;79
2.5;0.4979166666666668;79
3.0;0.9979166666666668;83
4.0;0.24791666666666679;86
4.25;0.24791666666666679;84
4.5;0.24791666666666679;86
4.75;0.24791666666666679;84
5.0;0.4979166666666668;81
6.0;0.24791666666666679;86
6.25;0.24791666666666679;84
6.5;0.24791666666666679;86
6.75;0.24791666666666679;84
7.0;0.4979166666666668;81
