"Start";"Duration";"Pitch"
0.0;1.4979166666666666;76
1.5;0.49791666666666656;71
2.0;0.9979166666666668;71
4.0;1.4979166666666668;80
5.5;0.4979166666666668;76
6.0;0.9979166666666668;76
8.0;1.4979166666666668;83
9.5;0.4979166666666668;80
10.0;0.9979166666666668;80
11.0;0.9979166666666668;88
12.0;0.9979166666666668;87
