"Start";"Duration";"Pitch"
0.0;1.9979166666666666;70
2.0;1.9979166666666668;65
5.0;0.9979166666666668;78
6.0;0.9979166666666668;77
7.0;0.9979166666666668;75
8.0;0.9979166666666668;73
9.0;0.9979166666666668;72
10.0;0.9979166666666668;73
11.0;0.9979166666666668;75
12.0;0.9979166666666668;77
13.0;0.4979166666666668;76
13.5;0.4979166666666668;77
14.0;2.997916666666665;79
17.0;0.497916666666665;80
17.5;0.497916666666665;79
18.0;1.997916666666665;77
