"Start";"Duration";"Pitch"
0.0;1.7479166666666666;64
1.75;0.24791666666666656;69
2.0;0.9979166666666668;73
3.0;1.9979166666666668;73
5.0;0.9979166666666668;71
6.0;1.9979166666666668;69
8.0;0.9979166666666668;68
9.0;0.9979166666666668;69
10.0;0.9979166666666668;71
