"Start";"Duration";"Pitch"
0.0;0.9979166666666667;48
1.0;1.9979166666666668;52
3.0;0.9979166666666668;55
4.0;2.997916666666667;57
7.0;0.9979166666666668;55
8.0;0.9979166666666668;52
9.0;0.9979166666666668;48
10.0;0.9979166666666668;45
11.0;0.9979166666666668;43
12.0;0.9979166666666668;43
16.0;0.997916666666665;52
17.0;1.997916666666665;55
19.0;0.997916666666665;60
20.0;2.997916666666665;62
23.0;0.997916666666665;60
