"Start";"Duration";"Pitch"
0.0;0.9979166666666667;81
1.0;0.9979166666666666;78
2.0;0.9979166666666668;74
3.0;0.9979166666666668;71
4.0;1.4979166666666668;76
5.5;0.4979166666666668;68
6.0;0.9979166666666668;69
7.0;0.9979166666666668;74
8.0;0.9979166666666668;74
9.0;0.9979166666666668;74
10.0;0.4979166666666668;73
