"Start";"Duration";"Pitch"
0.5;0.4979166666666667;76
1.0;0.49791666666666656;77
1.5;0.49791666666666656;79
2.0;0.4979166666666668;77
2.5;0.4979166666666668;76
3.0;0.4979166666666668;74
3.5;0.4979166666666668;72
4.0;0.4979166666666668;74
4.5;0.4979166666666668;72
5.0;0.4979166666666668;70
5.5;0.4979166666666668;69
6.0;7.997916666666667;70
14.0;1.9979166666666668;69
16.0;2.497916666666665;68
18.5;0.497916666666665;68
19.0;0.497916666666665;67
19.5;0.497916666666665;65
20.0;3.997916666666665;67
