"Start";"Duration";"Pitch"
0.0;3.997916666666667;63
4.0;1.9979166666666668;68
6.0;1.9979166666666668;72
8.0;2.997916666666667;75
11.0;0.9979166666666668;75
12.0;0.9979166666666668;74
13.0;0.9979166666666668;75
14.0;0.9979166666666668;77
15.0;0.9979166666666668;75
16.0;0.997916666666665;75
17.0;0.997916666666665;73
19.0;0.997916666666665;73
20.0;0.997916666666665;73
21.0;0.997916666666665;72
