"Start";"Duration";"Pitch"
0.0;0.4979166666666667;70
0.5;0.4979166666666667;69
1.0;0.49791666666666656;65
1.5;0.49791666666666656;70
2.0;0.4979166666666668;72
2.5;0.9979166666666668;74
3.5;0.4979166666666668;72
4.0;0.4979166666666668;74
4.5;0.060416666666666785;77
4.5625;0.4354166666666668;75
5.0;0.4979166666666668;74
5.5;0.4979166666666668;72
6.0;0.4979166666666668;70
6.5;0.4979166666666668;69
7.0;0.4979166666666668;67
7.5;0.4979166666666668;65
