"Start";"Duration";"Pitch"
0.0;1.9979166666666666;61
2.0;0.9979166666666668;59
3.0;1.9979166666666668;61
5.0;0.9979166666666668;57
6.0;0.9979166666666668;61
7.0;0.9979166666666668;59
8.0;0.9979166666666668;57
9.0;0.9979166666666668;56
10.0;0.9979166666666668;62
11.0;0.9979166666666668;61
12.0;2.997916666666667;60
15.0;2.997916666666665;59
