"Start";"Duration";"Pitch"
0.0;1.4979166666666666;72
1.5;0.49791666666666656;73
2.0;0.4979166666666668;68
3.5;0.4979166666666668;70
4.0;0.7479166666666668;71
4.75;0.24791666666666679;70
5.0;0.4979166666666668;68
5.5;0.4979166666666668;66
6.0;0.9979166666666668;65
