"Start";"Duration";"Pitch"
0.0;0.9979166666666667;48
1.0;0.9979166666666666;53
2.0;0.9979166666666668;56
3.0;0.9979166666666668;52
4.0;0.9979166666666668;53
5.0;0.9979166666666668;56
6.0;0.9979166666666668;60
7.0;0.9979166666666668;61
8.0;0.9979166666666668;58
9.0;0.9979166666666668;64
10.0;0.9979166666666668;65
11.0;0.9979166666666668;60
12.0;0.9979166666666668;67
13.0;1.9979166666666668;68
15.0;0.9979166666666668;70
16.0;1.997916666666665;72
