"Start";"Duration";"Pitch"
0.0;0.4979166666666667;65
0.5;1.9979166666666668;74
2.5;1.9979166666666668;69
4.5;1.9979166666666668;70
6.5;1.9979166666666668;75
8.5;0.9979166666666668;74
9.5;0.9979166666666668;72
10.5;0.9979166666666668;70
11.5;0.9979166666666668;70
12.5;0.4979166666666668;70
13.0;0.4979166666666668;69
13.5;0.4979166666666668;72
14.0;0.4979166666666668;69
14.5;0.9979166666666668;65
