"Start";"Duration";"Pitch"
0.0;0.9979166666666667;79
1.0;0.9979166666666666;83
2.0;0.9979166666666668;79
3.0;1.9979166666666668;86
5.0;0.4979166666666668;84
5.5;0.4979166666666668;83
6.0;0.4979166666666668;81
6.5;0.4979166666666668;79
7.0;0.4979166666666668;78
7.5;0.4979166666666668;79
8.0;0.4979166666666668;83
8.5;0.4979166666666668;79
9.0;0.9979166666666668;78
10.0;0.9979166666666668;76
