"Start";"Duration";"Pitch"
0.0;1.9979166666666666;81
2.0;1.9979166666666668;83
4.0;0.9979166666666668;81
5.0;1.9979166666666668;79
7.0;0.9979166666666668;78
8.0;0.9979166666666668;76
9.0;0.9979166666666668;74
10.0;0.9979166666666668;73
11.0;0.9979166666666668;74
12.0;0.9979166666666668;76
16.0;1.997916666666665;79
18.0;1.997916666666665;78
20.0;2.997916666666665;83
23.0;0.997916666666665;81
