"Start";"Duration";"Pitch"
0.0;5.997916666666667;69
6.0;1.4979166666666668;74
7.5;1.4979166666666668;76
9.0;2.497916666666667;77
11.5;0.24791666666666679;76
11.75;0.24791666666666679;74
12.0;0.24791666666666679;74
12.25;0.12291666666666679;76
12.375;0.12291666666666679;74
12.5;0.24791666666666679;73
12.75;0.24791666666666679;74
13.0;0.24791666666666679;77
13.25;0.24791666666666679;76
13.5;1.4979166666666668;74
15.0;0.9979166666666668;73
