"Start";"Duration";"Pitch"
2.5;0.47291666666666643;70
3.0;0.47291666666666643;70
3.5;0.2354166666666666;70
3.75;0.2354166666666666;70
4.0;1.8979166666666663;75
6.5;0.47291666666666643;72
7.0;0.47291666666666643;72
7.5;0.2354166666666666;72
7.75;0.2354166666666666;72
8.0;0.9479166666666661;77
