"Start";"Duration";"Pitch"
0.0;1.4979166666666666;67
1.5;0.9979166666666668;70
2.5;0.4979166666666668;72
3.0;0.9979166666666668;74
4.0;0.4979166666666668;74
4.5;0.9979166666666668;74
5.5;0.4979166666666668;70
6.0;0.9979166666666668;67
7.0;0.4979166666666668;70
7.5;1.4979166666666668;69
