"Start";"Duration";"Pitch"
0.0;0.7479166666666667;64
0.75;0.24791666666666667;69
1.0;1.7479166666666668;73
2.75;0.24791666666666679;69
3.0;0.4979166666666668;71
3.75;0.24791666666666679;73
4.0;0.4979166666666668;74
5.0;0.4979166666666668;73
8.0;0.7479166666666668;69
8.75;0.24791666666666679;73
9.0;1.7479166666666668;76
10.75;0.24791666666666679;73
11.0;0.4979166666666668;74
11.75;0.24791666666666679;78
12.0;0.4979166666666668;73
13.0;0.4979166666666668;71
