"Start";"Duration";"Pitch"
0.0;0.9979166666666667;76
1.25;0.24791666666666656;76
1.5;0.24791666666666656;79
1.75;0.24791666666666656;77
2.0;0.9979166666666668;76
3.25;0.24791666666666679;76
3.5;0.24791666666666679;79
3.75;0.24791666666666679;77
4.0;0.24791666666666679;76
4.25;0.24791666666666679;76
4.5;0.24791666666666679;79
4.75;0.24791666666666679;77
5.0;0.24791666666666679;76
5.25;0.24791666666666679;76
5.5;0.24791666666666679;79
5.75;0.24791666666666679;84
6.0;0.9979166666666668;88
