"Start";"Duration";"Pitch"
0.0;0.7479166666666667;69
0.75;0.24791666666666667;67
1.0;0.7479166666666666;66
1.75;0.24791666666666656;69
2.0;0.7479166666666668;74
2.75;0.24791666666666679;69
3.0;0.7479166666666668;78
3.75;0.24791666666666679;74
4.0;0.7479166666666668;81
4.75;0.24791666666666679;78
5.0;0.4979166666666668;78
5.5;0.4979166666666668;76
6.0;0.9979166666666668;74
