"Start";"Duration";"Pitch"
0.0;2.747916666666667;93
2.75;0.24791666666666679;80
3.0;0.9979166666666668;75
6.0;2.747916666666667;81
8.75;0.24791666666666679;80
9.0;0.9979166666666668;75
11.0;2.997916666666667;79
14.0;0.9979166666666668;76
15.0;0.9979166666666668;72
16.0;0.997916666666665;68
17.0;0.497916666666665;63
17.5;0.497916666666665;64
18.0;1.997916666666665;67
20.0;0.997916666666665;66
