"Start";"Duration";"Pitch"
0.0;1.4979166666666666;74
1.5;1.4979166666666668;72
3.0;1.4979166666666668;70
4.5;0.9979166666666668;67
6.0;1.4979166666666668;75
7.5;1.4979166666666668;74
9.0;1.4979166666666668;72
10.5;0.9979166666666668;69
12.0;1.4979166666666668;69
13.5;1.4979166666666668;70
15.0;1.497916666666665;72
16.5;1.497916666666665;74
18.0;1.497916666666665;77
