"Start";"Duration";"Pitch"
0.0;1.4979166666666666;60
1.5;0.49791666666666656;61
2.0;1.4979166666666668;63
3.5;0.4979166666666668;65
4.0;0.4979166666666668;61
4.5;0.4979166666666668;63
5.0;0.4979166666666668;60
5.5;0.4979166666666668;56
6.0;1.2479166666666668;58
