"Start";"Duration";"Pitch"
0.5;0.4979166666666667;49
1.0;0.49791666666666656;53
1.5;0.49791666666666656;49
2.0;0.4979166666666668;56
3.0;0.4979166666666668;54
4.0;0.24791666666666679;53
4.25;0.24791666666666679;51
4.5;0.7479166666666668;49
5.25;0.24791666666666679;51
5.5;0.24791666666666679;53
5.75;0.24791666666666679;49
6.0;0.4979166666666668;54
7.0;0.4979166666666668;42
