"Start";"Duration";"Pitch"
0.0;0.9979166666666667;58
1.0;0.9979166666666666;65
2.0;0.9979166666666668;65
3.0;0.9979166666666668;65
4.0;0.9979166666666668;65
5.0;2.997916666666667;70
8.0;0.9979166666666668;70
9.0;1.9979166666666668;68
11.0;1.9979166666666668;69
13.0;2.997916666666667;70
