"Start";"Duration";"Pitch"
0.5;0.4979166666666667;62
1.0;0.49791666666666656;63
1.5;0.49791666666666656;55
2.0;0.9979166666666668;54
3.0;0.9979166666666668;55
4.5;0.24791666666666679;57
4.75;0.24791666666666679;58
5.0;0.4979166666666668;60
5.5;0.24791666666666679;58
5.75;0.24791666666666679;57
6.0;0.9979166666666668;58
7.0;0.9979166666666668;55
