"Start";"Duration";"Pitch"
0.0;0.9979166666666667;77
1.0;0.9979166666666666;75
2.0;0.4979166666666668;74
2.5;0.4979166666666668;74
3.0;0.4979166666666668;72
3.5;0.4979166666666668;70
4.0;0.9979166666666668;72
5.0;0.4979166666666668;70
5.5;0.4979166666666668;70
6.0;0.4979166666666668;69
6.5;0.4979166666666668;70
7.0;0.9979166666666668;72
8.0;0.4979166666666668;74
8.5;0.4979166666666668;74
9.0;0.4979166666666668;72
9.5;0.4979166666666668;74
10.0;0.4979166666666668;75
10.5;0.9979166666666668;72
