"Start";"Duration";"Pitch"
0.0;0.7479166666666667;63
0.75;0.24791666666666667;63
1.0;0.9979166666666666;63
2.0;0.7479166666666668;63
2.75;0.24791666666666679;63
3.0;0.7479166666666668;63
3.75;0.24791666666666679;63
4.0;0.7479166666666668;63
4.75;0.24791666666666679;63
5.0;2.997916666666667;63
