"Start";"Duration";"Pitch"
0.5;0.4979166666666667;74
1.0;0.49791666666666656;74
1.5;0.49791666666666656;74
2.0;0.4979166666666668;74
2.5;0.24791666666666679;72
2.75;0.24791666666666679;70
3.0;0.4979166666666668;72
3.5;0.4979166666666668;69
4.0;0.4979166666666668;70
