"Start";"Duration";"Pitch"
0.0;0.9979166666666667;74
1.0;0.49791666666666656;74
1.5;0.49791666666666656;74
2.0;0.9979166666666668;74
3.0;0.8729166666666668;70
3.875;0.12291666666666679;72
4.0;0.8729166666666668;74
4.875;0.12291666666666679;75
5.0;0.4979166666666668;77
5.5;0.4979166666666668;77
6.0;0.060416666666666785;76
6.0625;0.060416666666666785;77
6.125;0.060416666666666785;79
6.1875;1.8104166666666668;77
