"Start";"Duration";"Pitch"
0.0;0.8729166666666667;63
0.875;0.12291666666666667;62
1.0;0.9979166666666666;62
3.0;0.8729166666666668;62
3.875;0.12291666666666679;63
4.0;0.9979166666666668;63
6.0;0.8729166666666668;63
6.875;0.12291666666666679;67
7.0;1.8729166666666668;70
8.875;0.12291666666666679;72
9.0;0.4979166666666668;70
9.5;0.4979166666666668;68
10.0;0.9979166666666668;67
11.0;0.9979166666666668;63
