"Start";"Duration";"Pitch"
0.0;0.4979166666666667;58
1.0;0.49791666666666656;58
1.5;0.49791666666666656;63
2.5;0.4979166666666668;63
3.0;0.4979166666666668;58
4.0;0.4979166666666668;58
4.5;0.4979166666666668;63
5.5;0.4979166666666668;63
6.0;0.4979166666666668;58
7.0;0.4979166666666668;58
7.5;0.4979166666666668;63
8.5;0.4979166666666668;63
9.0;0.4979166666666668;58
10.0;0.4979166666666668;58
10.5;0.4979166666666668;65
