"Start";"Duration";"Pitch"
0.0;1.9979166666666666;69
2.0;0.9979166666666668;78
3.0;0.9979166666666668;76
4.0;0.9979166666666668;74
5.0;0.9979166666666668;73
6.0;0.9979166666666668;76
7.0;3.997916666666667;74
11.0;0.9979166666666668;69
12.0;0.9979166666666668;71
13.0;0.9979166666666668;69
14.0;0.9979166666666668;67
15.0;0.9979166666666668;69
16.0;0.997916666666665;67
17.0;0.997916666666665;66
18.0;0.997916666666665;67
19.0;2.997916666666665;66
22.0;0.997916666666665;64
