"Start";"Duration";"Pitch"
0.0;0.4979166666666667;74
0.5;0.4979166666666667;71
1.0;0.24791666666666656;74
1.5;1.4979166666666668;67
3.0;0.24791666666666679;69
3.25;0.24791666666666679;71
3.5;0.4979166666666668;72
4.0;0.24791666666666679;76
4.5;0.4979166666666668;67
5.0;0.9979166666666668;66
