"Start";"Duration";"Pitch"
0.0;3.997916666666667;49
4.0;1.9979166666666668;48
6.0;1.9979166666666668;52
8.0;3.997916666666667;51
12.0;0.9979166666666668;49
13.0;0.9979166666666668;51
14.0;2.997916666666665;52
17.0;0.497916666666665;51
17.5;0.497916666666665;49
18.0;0.997916666666665;51
19.0;0.997916666666665;56
20.0;0.997916666666665;49
