"Start";"Duration";"Pitch"
0.0;0.4979166666666667;69
2.0;0.4979166666666668;68
2.5;0.4979166666666668;73
3.0;0.4979166666666668;69
3.5;0.4979166666666668;74
4.0;0.4979166666666668;71
4.5;0.4979166666666668;76
5.0;0.4979166666666668;73
5.5;0.4979166666666668;78
6.0;0.4979166666666668;76
6.5;0.4979166666666668;81
7.0;0.9979166666666668;74
8.0;0.4979166666666668;73
8.5;0.4979166666666668;75
9.0;0.4979166666666668;80
9.5;0.4979166666666668;76
10.0;0.4979166666666668;81
10.5;0.9979166666666668;80
