"Start";"Duration";"Pitch"
0.0;0.4979166666666667;73
0.5;0.4979166666666667;72
1.0;0.49791666666666656;70
1.5;0.49791666666666656;69
2.0;0.9979166666666668;70
3.0;0.9979166666666668;65
4.0;0.9979166666666668;66
5.0;0.9979166666666668;63
6.0;0.9979166666666668;60
7.0;0.9979166666666668;65
8.0;0.9979166666666668;61
9.0;0.9979166666666668;58
