"Start";"Duration";"Pitch"
0.0;0.7479166666666667;70
0.75;0.24791666666666667;68
1.0;0.49791666666666656;67
2.0;0.7479166666666668;75
2.75;0.24791666666666679;74
3.0;0.4979166666666668;72
4.0;0.7479166666666668;72
4.75;0.24791666666666679;70
5.0;0.4979166666666668;68
6.0;0.7479166666666668;68
6.75;0.24791666666666679;67
7.0;0.4979166666666668;65
