"Start";"Duration";"Pitch"
0.0;0.4979166666666667;59
0.5;0.4979166666666667;66
1.0;0.49791666666666656;71
1.5;0.49791666666666656;69
2.0;0.9979166666666668;74
3.0;0.9979166666666668;71
4.0;1.9979166666666668;66
6.0;0.4979166666666668;69
6.5;0.4979166666666668;68
7.0;0.4979166666666668;69
7.5;0.4979166666666668;71
8.0;0.9979166666666668;64
9.0;0.9979166666666668;66
10.0;1.9979166666666668;62
