"Start";"Duration";"Pitch"
0.0;2.497916666666667;63
2.5;0.1645833333333333;65
2.6666666666666665;0.1645833333333333;63
2.8333333333333335;0.1645833333333333;62
3.0;0.4979166666666668;63
3.5;0.4979166666666668;65
4.0;0.9979166666666668;67
5.0;0.9979166666666668;63
6.0;0.9979166666666668;60
7.0;0.7479166666666668;58
7.75;0.24791666666666679;58
8.0;1.9979166666666668;63
