"Start";"Duration";"Pitch"
0.0;0.9979166666666667;70
1.0;0.9979166666666666;70
2.0;1.9979166666666668;67
4.0;0.9979166666666668;65
5.0;0.9979166666666668;65
6.0;1.9979166666666668;70
8.0;0.9979166666666668;70
9.0;0.9979166666666668;70
10.0;1.9979166666666668;67
12.0;0.4979166666666668;65
12.5;0.9979166666666668;70
13.5;0.4979166666666668;70
14.0;0.9979166666666668;63
