"Start";"Duration";"Pitch"
0.0;0.24791666666666667;72
0.25;0.24791666666666667;72
0.5;0.24791666666666667;70
0.75;0.24791666666666667;69
1.0;0.49791666666666656;74
2.0;0.24791666666666679;70
2.25;0.24791666666666679;70
2.5;0.24791666666666679;69
2.75;0.24791666666666679;67
3.0;0.4979166666666668;72
