"Start";"Duration";"Pitch"
0.0;0.4979166666666667;59
0.5;0.9979166666666666;67
1.5;0.49791666666666656;63
2.0;0.9979166666666668;64
3.0;0.4979166666666668;59
3.5;0.9979166666666668;60
4.5;0.24791666666666679;62
4.75;0.24791666666666679;60
5.0;0.9979166666666668;59
6.0;0.4979166666666668;59
6.5;0.9979166666666668;64
7.5;0.4979166666666668;66
8.0;0.9979166666666668;67
9.0;0.4979166666666668;69
9.5;0.9979166666666668;69
10.5;0.4979166666666668;67
11.0;0.9979166666666668;66
