"Start";"Duration";"Pitch"
0.0;0.9479166666666666;69
1.0;1.8979166666666667;72
3.0;1.8979166666666663;67
8.0;0.9479166666666661;67
9.0;1.8979166666666671;70
11.0;1.8979166666666671;65
