"Start";"Duration";"Pitch"
0.0;0.4979166666666667;64
0.5;0.4979166666666667;71
1.0;1.4979166666666668;76
2.5;0.4979166666666668;79
3.5;0.4979166666666668;78
4.0;1.4979166666666668;75
5.5;0.4979166666666668;71
6.5;0.4979166666666668;71
7.0;1.4979166666666668;72
8.5;0.4979166666666668;69
9.5;0.4979166666666668;69
10.0;1.4979166666666668;66
11.5;0.4979166666666668;67
