"Start";"Duration";"Pitch"
0.0;1.2479166666666666;75
1.25;0.7479166666666666;73
2.0;0.24791666666666679;71
2.25;0.24791666666666679;70
2.5;0.24791666666666679;71
2.75;0.24791666666666679;68
3.0;1.4979166666666668;68
4.5;1.9979166666666668;67
6.5;0.7479166666666668;76
7.25;0.24791666666666679;75
7.5;0.4979166666666668;75
8.0;0.7479166666666668;80
