"Start";"Duration";"Pitch"
0.0;0.47291666666666665;78
0.5;0.47291666666666665;76
1.0;0.47291666666666665;75
1.5;0.47291666666666665;73
2.0;1.8979166666666667;71
4.0;0.947916666666667;72
5.0;0.947916666666667;73
6.0;0.947916666666667;74
7.0;0.947916666666667;75
8.0;0.9479166666666661;76
9.0;0.9479166666666661;78
10.0;0.9479166666666661;79
11.0;1.8979166666666671;80
13.0;1.8979166666666671;78
15.0;0.9479166666666661;76
