"Start";"Duration";"Pitch"
0.0;0.4979166666666667;82
0.5;0.9979166666666666;82
1.5;0.49791666666666656;80
2.0;0.9979166666666668;77
3.0;0.4979166666666668;74
3.5;0.9979166666666668;75
6.0;0.4979166666666668;70
6.5;0.9979166666666668;70
7.5;0.4979166666666668;68
8.0;0.9979166666666668;65
9.0;0.4979166666666668;62
9.5;0.9979166666666668;63
