"Start";"Duration";"Pitch"
1.0;0.9979166666666666;46
2.0;0.9979166666666668;51
3.0;0.9979166666666668;53
4.0;0.9979166666666668;54
5.0;0.9979166666666668;70
6.0;0.9979166666666668;75
7.0;0.9979166666666668;77
8.0;0.060416666666666785;70
8.0625;2.935416666666667;78
11.0;0.9979166666666668;75
12.0;0.060416666666666785;70
12.0625;2.935416666666667;78
15.0;0.9979166666666668;75
16.0;0.997916666666665;74
