"Start";"Duration";"Pitch"
0.0;0.9979166666666667;60
1.0;0.9979166666666666;69
3.0;1.4979166666666668;69
4.5;0.4979166666666668;69
5.0;3.497916666666667;69
8.5;0.4979166666666668;69
9.0;0.060416666666666785;72
9.0625;1.4354166666666668;70
10.5;0.4979166666666668;69
11.0;0.060416666666666785;72
11.0625;1.4354166666666668;70
12.5;0.4979166666666668;69
13.0;3.497916666666665;67
