"Start";"Duration";"Pitch"
0.0;1.4979166666666666;72
1.5;0.24791666666666656;71
1.75;0.24791666666666656;69
2.0;0.3729166666666668;68
2.375;0.12291666666666679;69
2.5;0.3729166666666668;71
2.875;0.12291666666666679;69
3.0;0.3729166666666668;72
3.375;0.12291666666666679;71
3.5;0.3729166666666668;74
3.875;0.12291666666666679;72
4.0;0.9979166666666668;76
5.0;0.7479166666666668;77
5.75;0.24791666666666679;74
6.0;0.4979166666666668;71
