"Start";"Duration";"Pitch"
0.0;1.9979166666666666;65
2.0;1.9979166666666668;68
4.0;0.4979166666666668;67
4.5;0.4979166666666668;64
5.0;0.4979166666666668;60
5.5;0.4979166666666668;64
6.0;0.4979166666666668;65
6.5;0.4979166666666668;60
7.0;0.4979166666666668;65
7.5;0.4979166666666668;68
8.0;0.4979166666666668;67
8.5;0.4979166666666668;64
9.0;0.4979166666666668;60
9.5;0.4979166666666668;64
10.0;0.4979166666666668;65
10.5;0.4979166666666668;60
11.0;0.4979166666666668;65
11.5;0.4979166666666668;68
