"Start";"Duration";"Pitch"
0.0;4.497916666666667;67
4.5;0.4979166666666668;70
5.0;0.9979166666666668;75
6.0;2.997916666666667;75
9.0;0.9979166666666668;74
12.0;4.497916666666665;70
16.5;0.06041666666666501;77
16.5625;0.06041666666666501;79
16.625;0.06041666666666501;77
16.6875;0.06041666666666501;75
16.75;0.247916666666665;77
17.0;0.997916666666665;80
18.0;2.997916666666665;80
21.0;0.997916666666665;79
