"Start";"Duration";"Pitch"
0.0;0.9979166666666667;73
1.0;0.49791666666666656;69
1.5;0.49791666666666656;69
2.0;0.4979166666666668;66
2.5;0.4979166666666668;68
3.0;1.4979166666666668;69
4.5;0.9979166666666668;71
5.5;0.4979166666666668;74
6.0;0.9979166666666668;74
7.0;0.4979166666666668;73
7.5;0.4979166666666668;73
8.0;0.4979166666666668;77
8.5;0.4979166666666668;78
9.0;1.4979166666666668;80
10.5;1.4979166666666668;74
