"Start";"Duration";"Pitch"
0.0;0.4979166666666667;58
0.5;0.4979166666666667;58
1.0;0.9979166666666666;63
2.0;0.4979166666666668;58
2.5;0.4979166666666668;58
3.0;0.9979166666666668;65
4.0;0.4979166666666668;58
4.5;0.4979166666666668;58
5.0;0.4979166666666668;67
5.5;0.4979166666666668;67
6.0;0.4979166666666668;67
6.5;0.24791666666666679;70
6.75;0.24791666666666679;68
7.0;0.4979166666666668;67
7.5;0.4979166666666668;65
