"Start";"Duration";"Pitch"
0.0;2.997916666666667;61
3.0;2.997916666666667;59
6.0;1.9979166666666668;62
8.0;0.9979166666666668;61
9.0;2.997916666666667;61
12.0;2.997916666666667;64
15.0;2.997916666666665;62
18.0;1.997916666666665;66
20.0;0.997916666666665;64
21.0;0.997916666666665;61
