"Start";"Duration";"Pitch"
0.0;0.06041666666666667;74
0.0625;0.6854166666666667;72
0.75;0.24791666666666667;71
1.0;0.9979166666666666;72
2.0;0.9979166666666668;67
3.0;0.9979166666666668;69
4.0;1.9979166666666668;67
6.0;0.060416666666666785;74
6.0625;0.6854166666666668;72
6.75;0.24791666666666679;71
7.0;0.9979166666666668;72
8.0;0.9979166666666668;72
9.0;0.9979166666666668;74
10.0;0.9979166666666668;76
11.0;0.4979166666666668;72
