"Start";"Duration";"Pitch"
0.0;0.4979166666666667;66
0.5;0.4979166666666667;68
1.0;0.49791666666666656;68
1.5;0.49791666666666656;70
2.0;0.4979166666666668;66
2.5;0.4979166666666668;68
3.0;0.4979166666666668;68
3.5;0.4979166666666668;70
4.0;0.4979166666666668;65
4.5;0.4979166666666668;66
5.0;0.4979166666666668;65
5.5;0.4979166666666668;66
6.0;0.9979166666666668;63
7.0;0.9979166666666668;63
