"Start";"Duration";"Pitch"
0.0;1.9979166666666666;72
2.0;0.24791666666666679;71
2.25;0.24791666666666679;72
2.5;0.24791666666666679;74
2.75;0.24791666666666679;76
3.0;1.9979166666666668;77
5.0;0.9979166666666668;76
6.0;1.9979166666666668;74
8.0;1.4979166666666668;81
9.5;0.9979166666666668;79
10.5;0.4979166666666668;78
11.0;0.3312500000000007;79
11.333333333333334;0.33124999999999893;77
11.666666666666666;0.3312500000000007;74
12.0;1.9979166666666668;72
