"Start";"Duration";"Pitch"
1.0;0.9979166666666666;66
2.0;0.9979166666666668;73
4.5;0.24791666666666679;66
4.75;0.24791666666666679;68
5.0;0.4979166666666668;70
5.5;0.4979166666666668;71
6.0;0.9979166666666668;73
7.0;0.24791666666666679;61
7.25;0.24791666666666679;62
7.5;0.4979166666666668;64
8.0;0.4979166666666668;66
8.5;0.9979166666666668;67
