"Start";"Duration";"Pitch"
1.5;0.49791666666666656;68
2.0;0.24791666666666679;70
2.25;0.24791666666666679;68
2.5;0.24791666666666679;66
2.75;0.24791666666666679;68
3.0;0.4979166666666668;77
3.5;0.4979166666666668;73
4.0;0.4979166666666668;68
4.5;0.24791666666666679;66
4.75;0.24791666666666679;65
5.0;0.4979166666666668;66
5.5;0.4979166666666668;75
6.0;0.4979166666666668;65
6.5;0.4979166666666668;73
7.0;0.4979166666666668;63
7.5;0.4979166666666668;72
8.0;0.4979166666666668;61
