"Start";"Duration";"Pitch"
0.0;0.4979166666666667;63
0.5;0.4979166666666667;68
1.0;0.49791666666666656;71
1.5;0.49791666666666656;70
2.0;0.4979166666666668;68
2.5;0.4979166666666668;67
3.0;0.4979166666666668;73
4.5;0.4979166666666668;68
5.0;0.4979166666666668;71
5.5;0.4979166666666668;70
6.0;0.4979166666666668;68
6.5;0.4979166666666668;68
7.0;0.4979166666666668;67
