"Start";"Duration";"Pitch"
0.0;0.4979166666666667;60
0.5;0.4979166666666667;59
1.0;0.49791666666666656;57
1.5;0.9979166666666668;55
2.5;0.24791666666666679;57
2.75;0.24791666666666679;59
3.0;0.24791666666666679;60
3.25;0.24791666666666679;62
3.5;0.24791666666666679;64
3.75;0.24791666666666679;60
4.0;0.24791666666666679;67
4.25;0.24791666666666679;67
4.5;0.4979166666666668;67
5.0;0.4979166666666668;65
5.5;0.4979166666666668;62
