"Start";"Duration";"Pitch"
0.0;0.4979166666666667;79
0.5;0.4979166666666667;80
1.0;0.49791666666666656;71
1.5;0.49791666666666656;71
2.0;0.4979166666666668;71
2.5;0.9979166666666668;72
3.5;0.24791666666666679;74
3.75;0.24791666666666679;72
4.0;0.24791666666666679;71
4.25;0.24791666666666679;72
4.5;0.4979166666666668;74
5.0;0.4979166666666668;74
5.5;0.4979166666666668;75
6.0;0.4979166666666668;75
6.5;0.7479166666666668;74
