"Start";"Duration";"Pitch"
0.0;0.9979166666666667;67
1.5;1.4979166666666668;67
3.0;0.4979166666666668;66
3.5;0.4979166666666668;64
4.5;0.4979166666666668;69
6.5;0.9979166666666668;69
7.5;1.4979166666666668;69
9.0;0.4979166666666668;67
9.5;0.9979166666666668;69
10.5;1.9979166666666668;71
