"Start";"Duration";"Pitch"
0.0;2.997916666666667;67
3.0;0.24791666666666679;63
3.25;0.24791666666666679;65
3.5;0.24791666666666679;67
3.75;0.24791666666666679;63
4.0;0.9979166666666668;60
8.0;2.997916666666667;72
11.0;0.24791666666666679;68
11.25;0.24791666666666679;70
11.5;0.24791666666666679;72
11.75;0.24791666666666679;68
12.0;0.9979166666666668;65
16.0;2.497916666666665;65
18.5;0.497916666666665;63
19.0;0.497916666666665;62
19.5;0.497916666666665;60
20.0;0.997916666666665;59
