"Start";"Duration";"Pitch"
0.0;0.9979166666666667;64
1.0;0.49791666666666656;65
3.0;0.7479166666666668;67
3.75;0.24791666666666679;62
4.0;0.4979166666666668;64
6.0;0.9979166666666668;64
7.0;0.4979166666666668;62
9.0;0.7479166666666668;62
9.75;0.24791666666666679;57
10.0;1.4979166666666668;60
11.5;0.4979166666666668;59
