"Start";"Duration";"Pitch"
0.0;0.47291666666666665;68
0.5;0.1166666666666667;70
0.625;0.1166666666666667;68
0.75;0.1166666666666667;67
0.875;0.1166666666666667;68
1.0;0.7104166666666667;72
1.75;0.2354166666666666;70
2.0;1.4229166666666666;68
3.5;0.47291666666666643;69
4.0;0.47291666666666643;70
4.5;0.11666666666666625;72
4.625;0.11666666666666625;70
4.75;0.11666666666666625;69
4.875;0.11666666666666625;70
5.0;0.7104166666666663;73
5.75;0.2354166666666666;72
6.0;1.4229166666666666;70
