"Start";"Duration";"Pitch"
0.0;0.9979166666666667;81
1.0;0.49791666666666656;79
1.5;0.49791666666666656;78
2.0;0.4979166666666668;76
2.5;0.4979166666666668;78
3.0;0.4979166666666668;74
3.5;0.4979166666666668;71
4.0;0.4979166666666668;76
4.5;0.4979166666666668;73
5.0;0.4979166666666668;74
