"Start";"Duration";"Pitch"
0.0;2.497916666666667;68
2.5;0.12291666666666679;70
2.625;0.12291666666666679;68
2.75;0.12291666666666679;67
2.875;0.12291666666666679;68
3.0;0.9979166666666668;72
4.0;0.4979166666666668;70
4.5;1.4979166666666668;68
6.0;1.9979166666666668;67
8.0;0.4979166666666668;67
8.5;0.4979166666666668;68
9.0;1.4979166666666668;70
