"Start";"Duration";"Pitch"
0.0;0.9979166666666667;48
1.0;0.9979166666666666;51
2.0;0.9979166666666668;55
3.0;0.9979166666666668;60
4.0;0.9979166666666668;63
5.0;0.9979166666666668;67
6.0;0.9979166666666668;79
7.0;0.9979166666666668;75
8.0;0.9979166666666668;72
9.0;0.9979166666666668;79
10.0;0.9979166666666668;74
11.0;0.9979166666666668;71
12.0;0.9979166666666668;67
13.0;0.9979166666666668;62
14.0;0.9979166666666668;59
