"Start";"Duration";"Pitch"
0.0;0.4979166666666667;56
0.5;0.4979166666666667;61
1.0;0.49791666666666656;64
1.5;0.49791666666666656;56
2.0;0.4979166666666668;61
2.5;0.4979166666666668;64
3.0;0.4979166666666668;56
3.5;0.4979166666666668;61
4.0;0.4979166666666668;64
4.5;0.4979166666666668;56
5.0;0.4979166666666668;61
5.5;0.4979166666666668;64
