"Start";"Duration";"Pitch"
0.0;0.4979166666666667;46
0.5;1.4979166666666666;62
2.0;0.4979166666666668;86
2.5;0.9979166666666668;86
3.5;0.4979166666666668;87
4.0;0.4979166666666668;86
4.5;0.9979166666666668;86
5.5;0.9979166666666668;82
8.0;0.4979166666666668;46
8.5;1.4979166666666668;65
10.0;0.4979166666666668;89
10.5;0.9979166666666668;89
11.5;0.4979166666666668;91
12.0;0.4979166666666668;89
12.5;0.9979166666666668;89
13.5;0.9979166666666668;86
