"Start";"Duration";"Pitch"
0.0;1.9979166666666666;64
3.0;1.9979166666666668;69
6.0;1.9979166666666668;71
8.0;0.060416666666666785;72
8.0625;0.4354166666666668;71
8.5;0.4979166666666668;69
9.0;0.9979166666666668;71
10.0;0.9979166666666668;72
12.0;1.9979166666666668;74
15.0;1.997916666666665;76
18.0;0.997916666666665;74
19.0;0.06041666666666501;74
19.0625;0.935416666666665;72
20.0;0.997916666666665;71
21.0;0.997916666666665;69
