"Start";"Duration";"Pitch"
0.0;0.9979166666666667;68
1.0;0.9979166666666666;70
2.0;0.9979166666666668;67
4.0;0.9979166666666668;68
5.0;0.9979166666666668;65
6.0;0.9979166666666668;65
7.0;0.9979166666666668;64
8.0;0.9979166666666668;65
9.0;0.9979166666666668;67
10.0;0.9979166666666668;70
11.0;0.9979166666666668;68
