"Start";"Duration";"Pitch"
0.0;0.9979166666666667;67
1.0;0.9979166666666666;69
2.0;0.9979166666666668;71
3.0;0.9979166666666668;72
4.0;0.4979166666666668;74
4.5;0.4979166666666668;72
5.0;2.997916666666667;71
8.0;0.9979166666666668;72
9.0;0.9979166666666668;74
10.0;0.9979166666666668;76
11.0;0.9979166666666668;77
12.0;0.9979166666666668;79
13.0;0.9979166666666668;80
14.0;0.9979166666666668;81
