"Start";"Duration";"Pitch"
0.0;0.4979166666666667;64
0.5;0.4979166666666667;64
1.0;0.49791666666666656;69
1.5;0.49791666666666656;73
2.0;0.4979166666666668;69
2.5;1.4979166666666668;74
4.0;0.24791666666666679;71
4.25;0.24791666666666679;68
4.5;0.4979166666666668;69
5.0;0.4979166666666668;68
5.5;0.4979166666666668;69
6.0;0.4979166666666668;71
6.5;0.9979166666666668;74
7.5;0.4979166666666668;73
8.0;0.4979166666666668;71
