"Start";"Duration";"Pitch"
0.0;0.4979166666666667;64
0.5;0.4979166666666667;59
1.0;0.49791666666666656;67
1.5;1.7479166666666668;71
3.25;0.24791666666666679;72
3.5;0.24791666666666679;69
3.75;0.24791666666666679;66
4.0;0.24791666666666679;63
4.25;0.24791666666666679;59
4.5;1.4979166666666668;64
