"Start";"Duration";"Pitch"
0.25;0.24791666666666667;82
0.5;0.24791666666666667;81
0.75;0.24791666666666667;79
1.0;0.24791666666666656;77
1.25;0.24791666666666656;75
1.5;0.7479166666666668;74
2.25;0.7479166666666668;75
3.0;0.4979166666666668;77
3.5;0.24791666666666679;74
3.75;0.4979166666666668;75
4.25;0.24791666666666679;79
4.5;0.24791666666666679;79
4.75;0.24791666666666679;77
5.0;0.24791666666666679;79
5.25;0.7479166666666668;77
