"Start";"Duration";"Pitch"
0.0;0.4979166666666667;61
0.5;0.4979166666666667;62
2.0;0.4979166666666668;64
2.5;0.4979166666666668;66
4.0;0.4979166666666668;64
4.5;0.4979166666666668;62
5.5;0.4979166666666668;61
6.5;0.4979166666666668;59
8.0;0.4979166666666668;61
8.5;0.4979166666666668;62
10.0;0.4979166666666668;64
10.5;0.4979166666666668;66
12.0;0.4979166666666668;69
12.5;0.4979166666666668;68
13.5;0.4979166666666668;63
14.5;0.4979166666666668;64
