"Start";"Duration";"Pitch"
0.0;0.4979166666666667;85
0.5;0.4979166666666667;84
1.0;0.49791666666666656;78
1.5;0.49791666666666656;82
2.5;0.4979166666666668;75
3.0;1.4979166666666668;79
4.5;0.9979166666666668;72
5.5;0.4979166666666668;76
6.0;0.9979166666666668;75
7.0;0.9979166666666668;69
