"Start";"Duration";"Pitch"
0.0;2.997916666666667;65
3.0;2.997916666666667;66
6.0;2.997916666666667;68
9.0;2.997916666666667;69
12.0;2.997916666666667;70
15.0;0.9979166666666668;71
16.0;0.997916666666665;73
17.0;0.997916666666665;74
18.0;1.997916666666665;69
20.0;0.997916666666665;68
21.0;0.497916666666665;69
