"Start";"Duration";"Pitch"
0.0;0.9979166666666667;72
1.0;0.9979166666666666;70
2.0;0.9979166666666668;68
3.0;0.9979166666666668;67
4.0;0.9979166666666668;65
5.0;0.9979166666666668;65
6.0;1.9979166666666668;64
8.0;0.9979166666666668;79
9.0;0.9979166666666668;76
10.0;0.9979166666666668;72
11.0;0.9979166666666668;72
12.0;0.9979166666666668;72
13.0;0.9979166666666668;74
14.0;1.9979166666666668;76
