"Start";"Duration";"Pitch"
0.0;0.4979166666666667;63
0.5;0.4979166666666667;63
1.0;0.49791666666666656;68
1.5;0.49791666666666656;68
2.0;0.24791666666666679;68
2.25;0.24791666666666679;67
2.5;0.3729166666666668;67
2.875;0.12291666666666679;65
3.0;0.3729166666666668;67
3.375;0.12291666666666679;63
3.5;0.9979166666666668;68
4.5;0.4979166666666668;70
5.0;0.3729166666666668;73
5.375;0.12291666666666679;72
5.5;0.4979166666666668;70
