"Start";"Duration";"Pitch"
0.0;0.9979166666666667;72
1.0;0.9979166666666666;72
2.0;0.4979166666666668;72
2.5;0.4979166666666668;71
3.0;0.4979166666666668;69
3.5;0.4979166666666668;71
4.0;0.12291666666666679;72
4.125;0.12291666666666679;74
4.25;0.12291666666666679;72
4.375;0.12291666666666679;71
4.5;0.4979166666666668;72
5.0;0.7479166666666668;72
5.75;0.24791666666666679;76
6.0;1.9979166666666668;79
