"Start";"Duration";"Pitch"
0.0;3.997916666666667;83
4.0;1.9979166666666668;84
6.0;1.9979166666666668;87
8.0;3.997916666666667;91
12.0;1.9979166666666668;87
14.0;1.9979166666666668;84
16.0;1.997916666666665;82
18.0;1.997916666666665;83
20.0;1.997916666666665;86
22.0;1.497916666666665;84
23.5;0.497916666666665;81
