"Start";"Duration";"Pitch"
1.0;0.9979166666666666;77
2.0;0.9979166666666668;75
3.0;0.9979166666666668;74
4.0;0.9979166666666668;72
5.0;0.9979166666666668;74
6.0;1.9979166666666668;75
9.0;0.9979166666666668;75
10.0;0.9979166666666668;74
11.0;0.9979166666666668;72
12.0;0.9979166666666668;70
13.0;0.9979166666666668;72
14.0;1.9979166666666668;74
