"Start";"Duration";"Pitch"
0.0;0.4979166666666667;72
0.5;0.4979166666666667;71
1.0;0.49791666666666656;69
1.5;0.37291666666666656;67
1.875;0.12291666666666656;69
2.0;0.24791666666666679;67
2.25;0.4979166666666668;65
2.75;0.12291666666666679;69
2.875;0.12291666666666679;71
3.0;0.24791666666666679;72
3.25;0.24791666666666679;74
3.5;0.24791666666666679;76
3.75;0.24791666666666679;72
4.0;0.24791666666666679;79
4.25;0.24791666666666679;79
4.5;0.9979166666666668;79
5.5;0.4979166666666668;76
