"Start";"Duration";"Pitch"
0.0;1.2479166666666666;60
1.25;0.24791666666666656;63
1.5;1.4979166666666668;68
3.0;1.2479166666666668;72
4.25;0.24791666666666679;68
4.5;1.4979166666666668;67
6.0;1.2479166666666668;70
7.25;0.24791666666666679;67
7.5;1.4979166666666668;68
9.0;2.997916666666667;63
