"Start";"Duration";"Pitch"
0.0;0.9979166666666667;68
1.0;0.49791666666666656;69
1.5;0.9979166666666668;71
2.5;0.4979166666666668;73
3.0;0.9979166666666668;76
4.0;0.4979166666666668;74
4.5;0.9979166666666668;71
5.5;0.4979166666666668;69
6.0;0.9979166666666668;81
7.0;0.4979166666666668;80
7.5;0.9979166666666668;78
8.5;0.4979166666666668;76
9.0;0.9979166666666668;78
10.0;0.9979166666666668;76
11.0;0.4979166666666668;73
11.5;0.4979166666666668;71
