"Start";"Duration";"Pitch"
0.0;0.4979166666666667;66
0.5;0.9979166666666666;75
1.5;0.49791666666666656;73
2.0;0.4979166666666668;71
2.5;0.9979166666666668;75
3.5;0.4979166666666668;71
4.0;0.4979166666666668;70
4.5;0.9979166666666668;78
5.5;0.9979166666666668;78
6.5;0.24791666666666679;80
6.75;0.24791666666666679;78
7.0;0.24791666666666679;76
7.25;0.24791666666666679;75
7.5;0.24791666666666679;76
7.75;0.24791666666666679;73
