"Start";"Duration";"Pitch"
0.0;0.9979166666666667;69
1.0;0.9979166666666666;69
2.0;0.9979166666666668;69
3.0;0.9979166666666668;67
4.0;3.997916666666667;69
8.0;0.9979166666666668;69
9.0;0.9979166666666668;69
10.0;0.9979166666666668;69
11.0;0.9979166666666668;72
12.0;1.4979166666666668;69
