"Start";"Duration";"Pitch"
0.0;1.9979166666666666;56
2.0;1.9979166666666668;56
5.5;0.4979166666666668;56
6.0;1.9979166666666668;58
8.0;1.9979166666666668;60
11.5;0.4979166666666668;60
12.0;1.9979166666666668;62
14.0;1.9979166666666668;63
17.5;0.497916666666665;59
18.0;0.997916666666665;60
