"Start";"Duration";"Pitch"
0.0;0.9979166666666667;67
1.0;0.9979166666666666;67
2.0;0.8729166666666668;68
2.875;0.12291666666666679;72
3.0;0.9979166666666668;67
4.0;0.4979166666666668;65
6.0;1.9979166666666668;68
8.0;0.9979166666666668;67
9.0;0.9979166666666668;67
10.0;0.4979166666666668;65
