"Start";"Duration";"Pitch"
0.25;0.24791666666666667;48
0.5;0.24791666666666667;53
0.75;0.24791666666666667;56
1.0;0.24791666666666656;60
1.25;0.24791666666666656;61
1.5;0.24791666666666656;60
1.75;0.24791666666666656;58
2.0;0.24791666666666679;56
2.25;0.24791666666666679;58
2.5;0.24791666666666679;56
2.75;0.24791666666666679;55
3.0;0.24791666666666679;53
3.25;0.24791666666666679;55
3.5;0.24791666666666679;56
3.75;0.24791666666666679;53
