"Start";"Duration";"Pitch"
0.0;0.9979166666666667;84
1.0;0.24791666666666656;85
1.25;0.24791666666666656;84
1.5;0.49791666666666656;84
2.0;0.4979166666666668;82
2.5;0.4979166666666668;84
3.0;0.4979166666666668;85
3.5;0.7479166666666668;84
4.25;0.24791666666666679;87
4.5;0.9979166666666668;82
