"Start";"Duration";"Pitch"
0.0;0.4979166666666667;63
0.5;0.8729166666666666;66
1.375;0.12291666666666656;63
1.5;0.49791666666666656;62
2.0;0.4979166666666668;65
2.5;0.9979166666666668;63
4.0;0.4979166666666668;63
4.5;0.8729166666666668;70
5.375;0.12291666666666679;70
5.5;0.4979166666666668;66
6.0;0.4979166666666668;63
6.5;0.9979166666666668;58
