"Start";"Duration";"Pitch"
0.0;1.4979166666666666;62
1.5;2.497916666666667;74
4.0;0.4979166666666668;73
4.5;0.9979166666666668;73
5.5;0.4979166666666668;70
6.0;0.9979166666666668;71
7.0;0.4979166666666668;73
7.5;0.9979166666666668;74
8.5;0.4979166666666668;73
9.0;0.4979166666666668;76
9.5;0.4979166666666668;74
10.0;0.4979166666666668;71
10.5;0.9979166666666668;71
11.5;0.4979166666666668;69
12.0;0.9979166666666668;74
