"Start";"Duration";"Pitch"
0.0;0.24791666666666667;68
0.25;0.24791666666666667;70
0.5;0.24791666666666667;71
0.75;0.24791666666666667;68
1.0;0.24791666666666656;70
1.25;0.24791666666666656;73
1.5;0.49791666666666656;76
2.0;0.4979166666666668;75
2.5;0.4979166666666668;73
3.0;0.4979166666666668;71
3.5;0.9979166666666668;80
4.5;1.4979166666666668;79
6.0;0.24791666666666679;80
