"Start";"Duration";"Pitch"
0.0;1.4979166666666666;72
1.5;0.9979166666666668;75
2.5;0.4979166666666668;80
3.0;0.9979166666666668;80
4.0;1.9979166666666668;79
6.0;1.4979166666666668;82
7.5;0.9979166666666668;79
8.5;0.4979166666666668;75
9.0;0.9979166666666668;75
10.0;0.9979166666666668;80
