"Start";"Duration";"Pitch"
0.0;0.9979166666666667;50
1.0;0.9979166666666666;55
2.0;1.4979166666666668;59
3.5;0.24791666666666679;57
3.75;0.24791666666666679;55
4.0;0.4979166666666668;54
4.5;0.4979166666666668;55
5.0;0.4979166666666668;57
5.5;0.4979166666666668;59
6.0;0.9979166666666668;60
