"Start";"Duration";"Pitch"
0.0;0.9479166666666666;66
1.0;0.9479166666666667;71
2.0;0.9479166666666665;73
3.0;1.8979166666666663;78
5.0;0.947916666666667;76
6.0;2.8479166666666664;74
9.0;0.47291666666666643;73
9.5;0.47291666666666643;71
10.0;0.9479166666666661;70
