"Start";"Duration";"Pitch"
0.0;0.4979166666666667;72
0.5;0.9979166666666666;76
2.0;0.4979166666666668;76
2.5;0.9979166666666668;79
4.0;0.4979166666666668;79
4.5;2.997916666666667;84
7.5;0.9979166666666668;88
8.5;0.9979166666666668;83
9.5;0.9979166666666668;84
10.5;0.9979166666666668;79
11.5;0.9979166666666668;81
12.5;0.9979166666666668;81
13.5;0.9979166666666668;79
14.5;0.9979166666666668;88
