"Start";"Duration";"Pitch"
0.0;0.4979166666666667;88
0.5;1.2479166666666666;85
1.75;0.24791666666666656;86
2.0;0.24791666666666679;88
2.25;0.24791666666666679;90
2.5;0.9979166666666668;83
4.0;0.4979166666666668;88
4.5;1.2479166666666668;81
5.75;0.24791666666666679;83
6.0;0.24791666666666679;85
6.25;0.24791666666666679;86
6.5;0.9979166666666668;80
