"Start";"Duration";"Pitch"
0.0;0.4979166666666667;72
0.5;0.4979166666666667;72
1.0;0.49791666666666656;72
1.5;1.4979166666666668;60
3.0;0.4979166666666668;75
3.5;0.4979166666666668;75
4.0;0.4979166666666668;75
4.5;1.4979166666666668;63
6.0;0.4979166666666668;79
6.5;0.4979166666666668;79
7.0;0.4979166666666668;79
7.5;0.9979166666666668;72
8.5;0.9979166666666668;87
9.5;0.9979166666666668;72
10.5;0.9979166666666668;71
