"Start";"Duration";"Pitch"
0.0;2.997916666666667;64
3.0;0.9979166666666668;62
4.0;0.9979166666666668;65
5.0;0.9979166666666668;59
6.0;0.9979166666666668;60
7.0;0.9979166666666668;64
8.0;1.9979166666666668;67
10.0;0.9979166666666668;66
11.0;0.9979166666666668;65
12.0;2.997916666666667;64
