"Start";"Duration";"Pitch"
0.0;0.4979166666666667;80
0.5;0.4979166666666667;78
1.0;2.997916666666667;74
4.0;0.4979166666666668;73
4.5;0.4979166666666668;68
5.0;1.9979166666666668;67
7.0;0.9979166666666668;66
8.0;3.997916666666667;70
12.0;3.997916666666667;70
