"Start";"Duration";"Pitch"
0.0;0.9979166666666667;68
1.0;1.9979166666666668;72
3.0;1.9979166666666668;73
5.0;2.997916666666667;69
8.0;0.9979166666666668;68
9.0;0.9979166666666668;66
10.0;0.9979166666666668;69
11.0;0.9979166666666668;68
12.0;0.9979166666666668;66
13.0;0.9979166666666668;64
14.0;0.9979166666666668;66
15.0;1.997916666666665;68
