"Start";"Duration";"Pitch"
0.0;3.997916666666667;68
4.0;3.997916666666667;73
8.0;3.997916666666667;66
12.0;3.997916666666667;71
16.0;1.997916666666665;64
18.0;3.997916666666665;69
22.0;2.997916666666665;68
25.0;1.997916666666665;66
27.0;1.997916666666665;64
29.0;0.997916666666665;63
30.0;0.997916666666665;66
31.0;0.997916666666665;71
