"Start";"Duration";"Pitch"
0.0;0.9979166666666667;70
1.0;0.9979166666666666;70
2.0;1.9979166666666668;70
4.0;0.060416666666666785;70
4.0625;0.9354166666666668;75
5.0;0.9979166666666668;70
6.0;1.9979166666666668;70
8.0;0.060416666666666785;70
8.0625;0.9354166666666668;75
9.0;0.9979166666666668;70
10.0;0.9979166666666668;70
11.0;0.9979166666666668;68
12.0;1.9979166666666668;66
14.0;1.9979166666666668;66
