"Start";"Duration";"Pitch"
0.0;0.7479166666666667;70
0.75;0.24791666666666667;71
1.0;0.9979166666666666;73
2.0;0.9979166666666668;66
3.0;0.9979166666666668;65
4.0;0.9979166666666668;66
5.0;2.997916666666667;71
8.0;0.9979166666666668;68
9.0;0.9979166666666668;70
10.0;0.9979166666666668;75
11.0;0.9979166666666668;73
12.0;0.9979166666666668;78
13.0;0.9979166666666668;77
14.0;0.9979166666666668;75
15.0;0.9979166666666668;73
