"Start";"Duration";"Pitch"
0.75;0.2354166666666666;64
1.0;0.2354166666666666;69
1.25;0.2354166666666666;74
1.5;2.6104166666666666;73
4.25;0.2354166666666666;68
4.5;1.4229166666666666;67
6.0;2.8479166666666664;70
9.0;0.15625;69
9.166666666666666;0.15625;70
9.333333333333334;0.15625;73
9.5;1.4229166666666657;70
