"Start";"Duration";"Pitch"
0.0;0.9979166666666667;73
1.0;0.7479166666666666;77
1.75;0.12291666666666656;75
1.875;0.12291666666666656;73
2.0;0.4979166666666668;75
2.5;0.4979166666666668;77
3.0;0.4979166666666668;78
4.0;0.9979166666666668;77
5.0;0.7479166666666668;80
5.75;0.12291666666666679;78
5.875;0.12291666666666679;77
6.0;0.4979166666666668;82
6.5;0.4979166666666668;84
7.0;0.4979166666666668;85
7.5;0.4979166666666668;87
8.0;0.9979166666666668;89
