"Start";"Duration";"Pitch"
0.0;0.7104166666666667;69
0.75;0.2354166666666666;71
1.0;0.9479166666666667;72
2.0;0.7104166666666667;71
2.75;0.2354166666666666;69
3.0;0.9479166666666665;69
4.0;1.8979166666666663;68
6.0;0.7104166666666663;65
6.75;0.2354166666666666;64
7.0;0.947916666666667;64
8.0;0.7104166666666671;65
8.75;0.23541666666666572;64
9.0;0.9479166666666661;64
10.0;0.7104166666666671;74
10.75;0.23541666666666572;71
11.0;0.9479166666666661;74
12.0;1.8979166666666671;72
