"Start";"Duration";"Pitch"
0.0;0.9979166666666667;78
1.0;0.9979166666666666;79
2.0;0.4979166666666668;78
2.5;0.4979166666666668;76
3.0;1.4979166666666668;78
4.5;0.4979166666666668;76
5.0;0.4979166666666668;74
5.5;0.4979166666666668;73
6.0;0.4979166666666668;71
6.5;0.4979166666666668;76
7.0;0.4979166666666668;74
7.5;0.4979166666666668;73
8.0;0.4979166666666668;74
8.5;0.4979166666666668;71
9.0;1.4979166666666668;70
