"Start";"Duration";"Pitch"
0.0;1.9979166666666666;91
2.0;0.3312499999999998;89
2.3333333333333335;0.3312499999999998;87
2.6666666666666665;0.33125000000000027;89
3.0;0.9979166666666668;91
4.0;1.9979166666666668;94
6.0;0.3312499999999998;92
6.333333333333333;0.3312499999999998;91
6.666666666666667;0.3312499999999998;89
7.0;0.9979166666666668;91
