"Start";"Duration";"Pitch"
0.0;0.9979166666666667;67
1.0;0.9979166666666666;67
2.0;0.9979166666666668;67
3.0;2.997916666666667;67
6.0;0.9979166666666668;67
7.0;0.9979166666666668;67
8.0;0.9979166666666668;67
9.0;2.997916666666667;67
12.0;0.9979166666666668;67
13.0;0.9979166666666668;67
14.0;0.9979166666666668;67
15.0;2.997916666666665;67
18.0;0.997916666666665;70
19.0;0.997916666666665;68
20.0;0.997916666666665;67
21.0;2.997916666666665;65
