"Start";"Duration";"Pitch"
0.0;1.9979166666666666;76
2.0;0.4979166666666668;77
4.0;1.9979166666666668;71
6.0;0.4979166666666668;72
8.0;1.9979166666666668;78
10.0;0.9979166666666668;78
11.0;0.9979166666666668;78
12.0;1.4979166666666668;79
13.5;0.4979166666666668;80
14.0;0.4979166666666668;81
14.5;0.4979166666666668;77
15.0;0.4979166666666668;74
15.5;0.4979166666666668;72
