"Start";"Duration";"Pitch"
0.0;0.9979166666666667;93
1.0;0.49791666666666656;91
2.0;0.9979166666666668;93
3.0;0.4979166666666668;88
4.0;0.9979166666666668;89
5.0;1.9979166666666668;91
7.0;0.4979166666666668;84
8.0;0.9979166666666668;93
9.0;0.4979166666666668;91
10.0;0.9979166666666668;93
11.0;0.4979166666666668;88
12.0;0.9979166666666668;89
13.0;1.9979166666666668;98
15.0;0.9979166666666668;96
16.0;0.997916666666665;98
17.0;0.997916666666665;99
18.0;0.997916666666665;100
