"Start";"Duration";"Pitch"
0.0;1.9979166666666666;66
2.0;0.4979166666666668;67
2.5;0.4979166666666668;69
3.0;0.9979166666666668;69
4.0;0.9979166666666668;61
5.0;0.9979166666666668;62
6.0;0.9979166666666668;64
