"Start";"Duration";"Pitch"
0.0;2.497916666666667;76
2.75;0.24791666666666679;78
3.0;0.4979166666666668;79
3.75;0.24791666666666679;76
4.0;0.4979166666666668;78
4.75;0.24791666666666679;76
5.0;0.4979166666666668;74
5.75;0.24791666666666679;78
6.0;0.4979166666666668;76
6.75;0.24791666666666679;78
7.0;0.4979166666666668;79
7.75;0.24791666666666679;76
8.0;0.4979166666666668;78
8.75;0.24791666666666679;76
9.0;0.4979166666666668;74
9.75;0.24791666666666679;78
