"Start";"Duration";"Pitch"
0.0;1.9979166666666666;87
2.0;0.6645833333333333;88
2.6666666666666665;0.6645833333333333;89
3.3333333333333335;0.6645833333333333;90
4.0;0.9979166666666668;90
5.0;1.9979166666666668;88
7.0;0.9979166666666668;87
8.0;1.9979166666666668;84
10.0;0.6645833333333329;85
10.666666666666666;0.6645833333333346;87
11.333333333333334;0.6645833333333329;88
12.0;1.9979166666666668;82
14.0;1.9979166666666668;83
