"Start";"Duration";"Pitch"
0.0;0.9979166666666667;69
1.0;0.9979166666666666;70
2.0;0.9979166666666668;72
3.0;0.9979166666666668;60
4.0;2.997916666666667;65
7.0;0.9979166666666668;67
8.0;0.9979166666666668;69
9.0;0.9979166666666668;65
10.0;0.9979166666666668;69
11.0;0.9979166666666668;70
12.0;2.997916666666667;72
15.0;0.9979166666666668;74
16.0;0.997916666666665;76
17.0;0.997916666666665;77
18.0;0.997916666666665;79
19.0;0.997916666666665;77
20.0;2.997916666666665;76
