"Start";"Duration";"Pitch"
0.0;0.9979166666666667;69
1.0;0.9979166666666666;78
2.0;0.9979166666666668;73
3.0;0.9979166666666668;74
4.0;0.9979166666666668;78
5.0;0.9979166666666668;71
6.0;0.4979166666666668;73
6.5;0.4979166666666668;74
7.0;0.9979166666666668;76
8.0;0.9979166666666668;78
9.0;0.9979166666666668;79
10.0;0.9979166666666668;81
11.0;0.9979166666666668;83
12.0;0.9979166666666668;85
13.0;3.997916666666665;85
