"Start";"Duration";"Pitch"
0.0;0.9979166666666667;72
1.0;0.9979166666666666;76
2.0;1.1645833333333333;79
3.1666666666666665;0.1645833333333333;77
3.3333333333333335;0.1645833333333333;76
3.5;0.1645833333333333;74
3.6666666666666665;0.1645833333333333;72
3.8333333333333335;0.1645833333333333;71
4.0;0.24791666666666679;71
4.25;0.7479166666666668;69
