"Start";"Duration";"Pitch"
0.0;0.4979166666666667;75
0.5;0.9979166666666666;79
1.5;0.49791666666666656;87
2.0;2.497916666666667;91
4.5;0.4979166666666668;88
5.0;0.9979166666666668;91
6.5;2.497916666666667;92
9.0;0.4979166666666668;89
9.5;0.9979166666666668;86
10.5;0.4979166666666668;84
11.0;0.4979166666666668;83
