"Start";"Duration";"Pitch"
0.0;0.9979166666666667;84
1.0;0.49791666666666656;86
1.5;0.49791666666666656;83
2.0;0.9979166666666668;84
3.0;0.9979166666666668;79
4.0;0.9979166666666668;81
5.0;0.9979166666666668;79
6.0;0.9979166666666668;81
7.0;0.4979166666666668;79
7.5;0.4979166666666668;77
8.0;0.7479166666666668;76
8.75;0.24791666666666679;76
9.0;0.7479166666666668;79
9.75;0.24791666666666679;79
10.0;1.9979166666666668;86
12.0;0.9979166666666668;84
