"Start";"Duration";"Pitch"
0.0;1.4979166666666666;84
1.5;0.49791666666666656;83
2.0;1.4979166666666668;90
3.5;0.4979166666666668;88
4.0;1.4979166666666668;93
5.5;0.4979166666666668;91
6.0;1.4979166666666668;90
7.5;0.4979166666666668;88
8.0;1.4979166666666668;85
9.5;0.4979166666666668;88
10.0;0.9979166666666668;86
11.5;0.4979166666666668;81
12.0;1.4979166666666668;85
13.5;0.4979166666666668;88
14.0;0.9979166666666668;86
