"Start";"Duration";"Pitch"
0.0;0.9979166666666667;43
1.0;0.9979166666666666;48
2.0;0.9979166666666668;43
3.0;0.9979166666666668;52
4.0;0.7479166666666668;50
4.75;0.24791666666666679;48
5.0;2.997916666666667;55
8.0;0.9979166666666668;64
9.0;0.9979166666666668;72
10.0;0.9979166666666668;67
11.0;0.9979166666666668;76
12.0;0.7479166666666668;74
12.75;0.24791666666666679;72
13.0;2.997916666666667;79
