"Start";"Duration";"Pitch"
0.0;0.9979166666666667;83
1.0;0.49791666666666656;83
1.5;0.9979166666666668;88
2.5;0.4979166666666668;88
3.0;0.4979166666666668;88
3.5;1.9979166666666668;87
5.5;0.4979166666666668;81
6.0;0.9979166666666668;80
7.0;0.4979166666666668;80
7.5;0.9979166666666668;85
8.5;0.4979166666666668;85
9.0;0.4979166666666668;85
9.5;1.9979166666666668;83
11.5;0.4979166666666668;78
12.0;0.9979166666666668;76
