"Start";"Duration";"Pitch"
0.0;1.4979166666666666;84
1.5;0.49791666666666656;79
2.0;0.4979166666666668;80
2.5;0.4979166666666668;76
3.0;0.4979166666666668;77
3.5;0.4979166666666668;72
4.0;0.4979166666666668;73
4.5;0.4979166666666668;72
5.0;0.4979166666666668;72
5.5;0.4979166666666668;70
6.0;0.9979166666666668;68
