"Start";"Duration";"Pitch"
0.0;0.9979166666666667;84
1.0;0.49791666666666656;81
1.5;0.49791666666666656;82
2.0;0.4979166666666668;84
2.5;0.4979166666666668;81
3.0;1.9979166666666668;77
5.0;0.4979166666666668;72
5.5;0.4979166666666668;77
6.0;0.4979166666666668;77
6.5;0.4979166666666668;76
7.0;0.4979166666666668;76
7.5;0.4979166666666668;77
8.0;0.4979166666666668;79
8.5;0.4979166666666668;81
9.0;0.9979166666666668;82
