"Start";"Duration";"Pitch"
0.0;0.4979166666666667;69
0.5;0.4979166666666667;74
1.0;0.49791666666666656;76
1.5;0.49791666666666656;81
2.0;0.4979166666666668;78
2.5;0.4979166666666668;74
3.0;0.9979166666666668;71
4.0;0.9979166666666668;83
5.0;0.9979166666666668;81
6.0;0.4979166666666668;69
6.5;0.4979166666666668;74
7.0;0.4979166666666668;76
7.5;0.4979166666666668;78
8.0;0.4979166666666668;74
8.5;0.4979166666666668;71
9.0;0.9979166666666668;68
10.0;0.9979166666666668;80
11.0;0.9979166666666668;81
