"Start";"Duration";"Pitch"
1.0;1.4979166666666668;79
2.5;0.4979166666666668;77
3.0;0.9979166666666668;76
4.0;1.4979166666666668;77
5.5;0.4979166666666668;75
6.0;0.9979166666666668;72
7.0;1.4979166666666668;87
8.5;0.4979166666666668;84
9.0;0.9979166666666668;81
10.0;1.4979166666666668;84
11.5;0.4979166666666668;75
12.0;0.9979166666666668;74
