"Start";"Duration";"Pitch"
0.5;0.4979166666666667;67
1.0;0.49791666666666656;67
1.5;0.49791666666666656;67
2.5;0.4979166666666668;68
3.0;0.4979166666666668;68
3.5;0.4979166666666668;68
4.5;0.4979166666666668;75
5.0;0.4979166666666668;75
5.5;0.4979166666666668;75
6.0;2.497916666666667;72
