"Start";"Duration";"Pitch"
0.0;1.9979166666666666;76
2.0;0.9979166666666668;73
3.0;0.9979166666666668;69
4.0;0.9979166666666668;73
5.0;0.9979166666666668;73
6.0;1.9979166666666668;71
8.0;0.9979166666666668;69
9.0;0.9979166666666668;68
10.0;0.9979166666666668;69
11.0;0.9979166666666668;71
12.0;0.9979166666666668;73
13.0;0.9979166666666668;74
14.0;0.9979166666666668;76
15.0;0.9979166666666668;74
16.0;0.497916666666665;73
