"Start";"Duration";"Pitch"
0.0;2.997916666666667;60
3.0;1.9979166666666668;63
5.0;0.9979166666666668;60
6.0;1.4979166666666668;59
7.5;0.4979166666666668;62
8.0;0.9979166666666668;67
9.0;0.9979166666666668;67
12.0;1.4979166666666668;60
13.5;0.4979166666666668;63
14.0;0.9979166666666668;68
15.0;0.9979166666666668;68
