"Start";"Duration";"Pitch"
0.0;1.9979166666666666;69
2.0;0.9979166666666668;71
3.0;0.9979166666666668;73
4.0;2.997916666666667;74
7.0;0.9979166666666668;74
8.0;0.9979166666666668;74
9.0;0.9979166666666668;73
10.0;0.9979166666666668;71
11.0;0.9979166666666668;69
12.0;2.997916666666667;74
15.0;0.9979166666666668;74
16.0;0.997916666666665;74
17.0;0.997916666666665;73
18.0;0.997916666666665;76
19.0;0.997916666666665;74
20.0;0.997916666666665;73
