"Start";"Duration";"Pitch"
0.0;0.9979166666666667;65
1.0;0.49791666666666656;67
1.5;0.49791666666666656;68
2.0;1.4979166666666668;70
3.5;0.12291666666666679;68
3.625;0.12291666666666679;70
3.75;0.12291666666666679;68
3.875;0.12291666666666679;70
4.0;0.4979166666666668;67
4.5;0.4979166666666668;73
5.0;0.4979166666666668;72
5.5;0.4979166666666668;70
6.0;0.24791666666666679;68
