"Start";"Duration";"Pitch"
0.0;2.997916666666667;50
3.0;0.24791666666666679;50
3.25;0.24791666666666679;49
3.5;0.24791666666666679;50
3.75;0.24791666666666679;52
4.0;2.997916666666667;54
7.0;0.24791666666666679;54
7.25;0.24791666666666679;52
7.5;0.24791666666666679;54
7.75;0.24791666666666679;55
8.0;0.9979166666666668;57
9.0;0.9979166666666668;57
10.0;0.9979166666666668;54
11.0;0.9979166666666668;54
12.0;0.9979166666666668;50
