"Start";"Duration";"Pitch"
0.0;0.16458333333333333;81
0.16666666666666666;0.16458333333333333;82
0.3333333333333333;0.16458333333333336;84
0.5;0.4979166666666667;86
1.5;0.49791666666666656;82
2.5;0.4979166666666668;77
3.5;0.4979166666666668;82
4.5;0.4979166666666668;74
5.5;0.4979166666666668;77
6.5;0.4979166666666668;70
7.5;0.4979166666666668;74
8.5;0.4979166666666668;67
9.5;0.4979166666666668;75
10.5;0.4979166666666668;72
11.5;0.4979166666666668;70
12.5;0.4979166666666668;69
