"Start";"Duration";"Pitch"
0.0;5.997916666666667;74
6.0;0.9979166666666668;76
7.0;0.9979166666666668;78
8.0;0.060416666666666785;81
8.0625;1.9354166666666668;79
10.0;0.9979166666666668;78
11.0;0.9979166666666668;79
12.0;1.9979166666666668;76
14.0;1.9979166666666668;81
16.0;0.997916666666665;74
