"Start";"Duration";"Pitch"
0.5;0.4979166666666667;69
1.0;0.49791666666666656;70
1.5;0.49791666666666656;74
2.0;0.4979166666666668;72
2.5;0.24791666666666679;70
2.75;0.24791666666666679;69
3.0;0.4979166666666668;67
3.5;0.4979166666666668;60
4.0;0.4979166666666668;65
4.5;0.4979166666666668;67
5.0;0.4979166666666668;69
5.5;0.24791666666666679;70
5.75;0.24791666666666679;69
6.0;1.9979166666666668;67
