"Start";"Duration";"Pitch"
0.0;1.4979166666666666;82
1.5;1.4979166666666668;85
3.0;1.4979166666666668;90
4.5;1.4979166666666668;83
6.0;1.4979166666666668;92
7.5;0.4979166666666668;90
8.0;0.9979166666666668;89
9.0;1.4979166666666668;87
10.5;0.4979166666666668;85
11.0;0.4979166666666668;84
11.5;0.4979166666666668;83
12.0;0.4979166666666668;82
