"Start";"Duration";"Pitch"
0.0;0.4979166666666667;88
0.5;1.4979166666666666;87
2.0;0.4979166666666668;88
2.5;1.4979166666666668;80
4.0;0.4979166666666668;81
4.5;1.4979166666666668;86
6.0;0.4979166666666668;84
6.5;1.4979166666666668;83
8.0;0.4979166666666668;93
8.5;1.4979166666666668;92
10.0;0.4979166666666668;93
10.5;1.4979166666666668;87
12.0;0.4979166666666668;88
12.5;1.4979166666666668;91
14.0;0.4979166666666668;87
14.5;1.4979166666666668;90
16.0;0.497916666666665;88
