"Start";"Duration";"Pitch"
0.0;0.24791666666666667;74
0.25;1.4979166666666666;74
1.75;0.4979166666666668;78
2.25;0.4979166666666668;76
2.75;0.4979166666666668;74
3.25;0.9979166666666668;74
4.25;0.9979166666666668;73
5.25;0.9979166666666668;75
6.25;1.4979166666666668;76
7.75;0.4979166666666668;78
8.25;0.4979166666666668;79
8.75;0.4979166666666668;83
9.25;0.9979166666666668;74
10.25;0.4979166666666668;73
