"Start";"Duration";"Pitch"
0.0;1.4979166666666666;79
1.5;0.24791666666666656;81
1.75;0.24791666666666656;83
2.0;0.4979166666666668;84
2.5;0.24791666666666679;83
2.75;0.24791666666666679;81
3.0;0.4979166666666668;79
3.5;0.24791666666666679;81
3.75;0.24791666666666679;83
4.0;0.4979166666666668;84
4.5;0.24791666666666679;83
4.75;0.24791666666666679;81
5.0;0.4979166666666668;79
5.5;0.24791666666666679;81
5.75;0.24791666666666679;83
6.0;0.4979166666666668;84
