"Start";"Duration";"Pitch"
0.0;1.4979166666666666;86
1.5;0.49791666666666656;85
2.0;0.4979166666666668;91
2.5;0.4979166666666668;88
3.0;0.4979166666666668;85
3.5;0.4979166666666668;89
4.0;1.4979166666666668;86
5.5;0.4979166666666668;85
6.0;0.9979166666666668;84
7.5;0.4979166666666668;77
8.0;1.4979166666666668;82
9.5;0.4979166666666668;81
10.0;1.4979166666666668;81
11.5;0.4979166666666668;79
12.0;1.4979166666666668;82
13.5;0.4979166666666668;81
