"Start";"Duration";"Pitch"
0.0;0.7479166666666667;76
0.75;0.24791666666666667;76
1.0;0.9979166666666666;74
2.0;0.7479166666666668;77
2.75;0.24791666666666679;77
3.0;0.9979166666666668;76
4.0;0.7479166666666668;81
4.75;0.24791666666666679;81
5.0;0.9979166666666668;79
6.0;0.7479166666666668;81
6.75;0.24791666666666679;81
7.0;1.9979166666666668;79
