"Start";"Duration";"Pitch"
0.0;0.9979166666666667;71
1.0;1.4979166666666668;76
2.5;0.4979166666666668;83
3.0;0.9979166666666668;81
4.0;1.4979166666666668;84
5.5;0.4979166666666668;75
6.0;0.9979166666666668;71
7.0;1.4979166666666668;83
8.5;0.4979166666666668;88
9.0;0.9979166666666668;87
10.0;1.4979166666666668;90
