"Start";"Duration";"Pitch"
0.0;0.4979166666666667;98
0.5;0.4979166666666667;96
1.0;0.49791666666666656;95
1.5;0.49791666666666656;96
2.0;0.4979166666666668;95
2.5;0.4979166666666668;93
3.0;0.4979166666666668;95
3.5;0.4979166666666668;93
4.0;0.4979166666666668;91
4.5;0.4979166666666668;93
5.0;0.4979166666666668;91
5.5;0.4979166666666668;89
6.0;0.4979166666666668;88
6.5;0.9979166666666668;86
7.5;0.4979166666666668;88
8.0;0.9979166666666668;89
