"Start";"Duration";"Pitch"
0.0;0.9979166666666667;74
1.0;2.497916666666667;79
3.5;0.4979166666666668;78
4.0;0.4979166666666668;76
4.5;0.4979166666666668;74
5.0;2.497916666666667;84
7.5;0.4979166666666668;83
8.0;0.4979166666666668;81
8.5;0.4979166666666668;79
9.0;2.497916666666667;81
11.5;0.4979166666666668;78
12.0;0.4979166666666668;74
12.5;0.4979166666666668;72
13.0;2.497916666666667;86
15.5;0.4979166666666668;83
16.0;0.497916666666665;81
16.5;0.497916666666665;79
