"Start";"Duration";"Pitch"
0.0;1.4979166666666666;85
1.5;0.49791666666666656;80
2.0;0.9979166666666668;80
3.0;0.9979166666666668;80
4.0;0.9979166666666668;85
5.0;0.9979166666666668;89
6.0;0.4979166666666668;89
6.5;0.4979166666666668;87
7.0;0.4979166666666668;86
7.5;0.4979166666666668;87
8.0;0.9979166666666668;84
9.0;0.4979166666666668;89
9.5;0.4979166666666668;87
10.0;0.4979166666666668;86
10.5;0.4979166666666668;87
11.0;0.9979166666666668;84
