"Start";"Duration";"Pitch"
0.0;1.9979166666666666;74
2.0;1.9979166666666668;69
4.0;1.9979166666666668;70
6.0;1.4979166666666668;65
7.5;0.4979166666666668;63
8.0;0.9979166666666668;62
9.0;0.9979166666666668;65
10.0;1.4979166666666668;70
11.5;0.4979166666666668;72
12.0;0.9979166666666668;74
13.0;0.4979166666666668;77
13.5;0.4979166666666668;75
14.0;0.9979166666666668;72
