"Start";"Duration";"Pitch"
0.0;2.997916666666667;88
3.0;2.997916666666667;90
6.0;2.997916666666667;91
9.0;2.997916666666667;93
12.0;2.997916666666667;94
15.0;2.997916666666665;95
18.0;2.997916666666665;83
21.0;2.997916666666665;88
