"Start";"Duration";"Pitch"
0.0;1.9979166666666666;61
2.0;1.7479166666666668;64
3.75;0.24791666666666679;69
4.0;2.997916666666667;73
7.0;0.7479166666666668;73
7.75;0.24791666666666679;74
8.0;0.9979166666666668;76
9.0;0.9979166666666668;76
10.0;0.9979166666666668;76
11.0;0.9979166666666668;78
12.0;1.9979166666666668;76
14.0;0.9979166666666668;73
