"Start";"Duration";"Pitch"
0.0;0.47291666666666665;77
0.5;0.35416666666666663;76
0.875;0.1166666666666667;76
1.0;0.49791666666666656;77
2.0;0.47291666666666643;79
2.5;0.3541666666666665;78
2.875;0.1166666666666667;78
3.0;0.4979166666666668;79
4.0;1.4229166666666666;79
5.5;0.2354166666666666;81
5.75;0.2354166666666666;82
6.0;0.947916666666667;74
7.0;0.2354166666666666;72
7.25;0.2354166666666666;74
7.5;0.47291666666666643;75
8.0;0.4979166666666668;77
