"Start";"Duration";"Pitch"
0.0;0.9979166666666667;67
1.0;0.9979166666666666;68
2.0;0.9979166666666668;65
3.0;0.9979166666666668;67
4.0;0.9979166666666668;63
5.0;0.4979166666666668;62
5.5;0.4979166666666668;63
6.0;0.4979166666666668;68
6.5;0.4979166666666668;67
7.0;0.4979166666666668;65
