"Start";"Duration";"Pitch"
0.0;0.9979166666666667;82
1.0;0.9979166666666666;86
2.0;0.9979166666666668;81
3.0;0.9979166666666668;82
4.0;2.997916666666667;77
7.0;0.7479166666666668;74
7.75;0.24791666666666679;75
8.0;0.9979166666666668;77
9.0;0.9979166666666668;79
10.0;0.9979166666666668;81
11.0;0.9979166666666668;82
12.0;3.997916666666667;79
16.0;0.997916666666665;77
17.0;0.997916666666665;82
18.0;1.997916666666665;79
