"Start";"Duration";"Pitch"
0.0;1.4229166666666666;81
1.5;0.47291666666666665;80
2.0;0.47291666666666643;81
2.5;0.47291666666666643;78
3.0;0.47291666666666643;76
3.5;0.47291666666666643;74
4.0;0.47291666666666643;69
4.5;0.47291666666666643;74
5.0;0.47291666666666643;78
5.5;0.47291666666666643;81
6.0;3.7979166666666657;86
10.0;0.9479166666666661;85
11.0;0.9479166666666661;83
12.0;0.9479166666666661;81
