"Start";"Duration";"Pitch"
0.0;4.997916666666667;86
5.0;0.9979166666666668;86
6.0;0.9979166666666668;91
7.0;0.9979166666666668;90
8.0;0.9979166666666668;88
9.0;0.9979166666666668;86
10.0;0.9979166666666668;85
11.0;0.9979166666666668;83
12.0;1.9979166666666668;81
14.0;0.9979166666666668;79
15.0;1.997916666666665;78
17.0;0.997916666666665;81
18.0;0.997916666666665;86
19.0;0.997916666666665;86
20.0;0.997916666666665;88
21.0;1.997916666666665;90
23.0;0.997916666666665;92
24.0;4.997916666666665;93
