"Start";"Duration";"Pitch"
0.0;0.7479166666666667;76
0.75;0.24791666666666667;75
1.0;0.9979166666666666;76
2.0;0.7479166666666668;75
2.75;0.24791666666666679;73
3.0;0.9979166666666668;75
4.0;0.7479166666666668;73
4.75;0.24791666666666679;72
5.0;0.9979166666666668;73
6.0;0.7479166666666668;75
6.75;0.24791666666666679;73
7.0;0.9979166666666668;75
8.0;0.4979166666666668;76
