"Start";"Duration";"Pitch"
0.0;0.4979166666666667;67
0.5;0.4979166666666667;63
1.0;0.49791666666666656;65
1.5;0.49791666666666656;67
2.0;0.4979166666666668;68
2.5;0.4979166666666668;72
3.0;0.9979166666666668;65
4.0;0.4979166666666668;65
4.5;0.4979166666666668;67
5.0;0.4979166666666668;68
5.5;0.4979166666666668;70
6.0;0.4979166666666668;70
6.5;0.4979166666666668;69
7.0;0.9979166666666668;70
