"Start";"Duration";"Pitch"
0.0;0.4979166666666667;74
0.5;0.9979166666666666;71
1.5;0.49791666666666656;71
2.0;0.9979166666666668;69
3.0;0.4979166666666668;69
3.5;0.9979166666666668;67
4.5;0.4979166666666668;67
6.0;0.4979166666666668;74
6.5;0.9979166666666668;74
7.5;0.4979166666666668;67
8.0;0.9979166666666668;76
9.0;0.4979166666666668;76
9.5;1.4979166666666668;69
