"Start";"Duration";"Pitch"
0.0;0.9979166666666667;70
5.0;0.24791666666666679;70
5.25;0.24791666666666679;72
5.5;0.24791666666666679;74
5.75;0.24791666666666679;72
6.0;0.4979166666666668;72
6.5;0.9979166666666668;70
11.0;0.24791666666666679;70
11.25;0.24791666666666679;72
11.5;0.24791666666666679;74
11.75;0.24791666666666679;70
12.0;0.060416666666666785;69
12.0625;0.060416666666666785;70
12.125;0.060416666666666785;72
12.1875;0.3104166666666668;70
12.5;0.9979166666666668;69
