"Start";"Duration";"Pitch"
0.0;1.4979166666666666;85
1.5;0.49791666666666656;83
2.0;0.4979166666666668;81
2.5;0.4979166666666668;85
3.0;0.4979166666666668;83
3.5;0.4979166666666668;81
4.0;0.4979166666666668;83
4.5;0.4979166666666668;81
5.0;0.4979166666666668;80
5.5;0.4979166666666668;78
6.0;0.4979166666666668;76
6.5;0.4979166666666668;74
7.0;0.4979166666666668;73
7.5;0.4979166666666668;71
8.0;0.9979166666666668;69
