"Start";"Duration";"Pitch"
0.0;0.4979166666666667;76
0.75;0.24791666666666667;88
1.0;1.4979166666666668;100
2.5;0.9979166666666668;85
3.75;0.24791666666666679;86
4.0;0.9979166666666668;83
5.0;0.4979166666666668;76
5.75;0.24791666666666679;88
6.0;1.4979166666666668;100
7.5;0.9979166666666668;85
8.75;0.24791666666666679;86
9.0;0.4979166666666668;87
9.75;0.24791666666666679;87
10.0;0.9979166666666668;86
11.0;0.9979166666666668;80
12.0;0.9979166666666668;81
