"Start";"Duration";"Pitch"
0.0;2.497916666666667;74
2.5;0.4979166666666668;73
3.0;0.9979166666666668;74
6.0;2.497916666666667;74
8.5;0.4979166666666668;73
9.0;0.9979166666666668;74
12.0;1.9979166666666668;74
14.0;0.9979166666666668;76
15.0;0.9979166666666668;78
16.0;0.997916666666665;79
17.0;0.997916666666665;78
18.0;0.997916666666665;76
