"Start";"Duration";"Pitch"
0.0;0.9979166666666667;83
1.0;1.9979166666666668;79
4.0;0.9979166666666668;76
5.0;1.9979166666666668;84
8.0;0.9979166666666668;81
9.0;1.9979166666666668;78
12.0;0.9979166666666668;75
13.0;1.9979166666666668;83
16.0;0.997916666666665;88
17.0;1.997916666666665;76
20.0;0.997916666666665;79
21.0;1.997916666666665;83
24.0;0.997916666666665;86
25.0;1.997916666666665;74
28.0;0.997916666666665;77
29.0;1.997916666666665;81
