"Start";"Duration";"Pitch"
1.0;1.7479166666666668;72
2.75;0.24791666666666679;75
3.0;0.4979166666666668;74
4.0;1.4979166666666668;67
5.5;0.12291666666666679;67
5.625;0.12291666666666679;69
5.75;0.08124999999999982;71
5.833333333333333;0.08124999999999982;72
5.916666666666667;0.08124999999999982;74
6.0;0.4979166666666668;76
7.0;1.7479166666666668;76
8.75;0.24791666666666679;79
9.0;0.4979166666666668;77
10.0;1.4979166666666668;65
