"Start";"Duration";"Pitch"
0.0;1.9979166666666666;80
2.0;1.9979166666666668;83
5.0;0.9979166666666668;85
6.0;1.9979166666666668;85
8.0;1.9979166666666668;87
12.0;1.9979166666666668;87
14.0;1.9979166666666668;88
17.0;0.997916666666665;83
18.0;1.997916666666665;84
20.0;1.997916666666665;85
