"Start";"Duration";"Pitch"
0.0;1.4979166666666666;96
1.5;1.4979166666666668;94
3.0;1.4979166666666668;93
4.5;0.9979166666666668;92
5.5;0.4979166666666668;91
6.0;1.4979166666666668;89
7.5;1.4979166666666668;99
9.0;1.4979166666666668;98
10.5;0.4979166666666668;98
11.0;0.4979166666666668;99
11.5;0.4979166666666668;101
12.0;1.4979166666666668;98
13.5;0.4979166666666668;98
14.0;0.4979166666666668;99
14.5;0.4979166666666668;101
15.0;1.497916666666665;103
