"Start";"Duration";"Pitch"
0.0;0.7479166666666667;67
0.75;0.24791666666666667;74
1.0;0.49791666666666656;74
2.0;0.7479166666666668;67
2.75;0.24791666666666679;74
3.0;0.4979166666666668;74
4.0;0.4979166666666668;67
4.5;0.4979166666666668;74
5.0;0.4979166666666668;72
5.5;0.4979166666666668;75
6.0;1.4979166666666668;74
