"Start";"Duration";"Pitch"
0.0;0.24791666666666667;60
0.25;0.24791666666666667;63
0.5;0.4979166666666667;66
1.0;0.24791666666666656;66
1.25;0.24791666666666656;65
1.5;0.24791666666666656;63
1.75;0.24791666666666656;66
2.0;0.9979166666666668;65
3.0;0.24791666666666679;61
3.25;0.24791666666666679;63
3.5;0.4979166666666668;64
4.0;0.24791666666666679;64
4.25;0.24791666666666679;63
4.5;0.24791666666666679;61
4.75;0.24791666666666679;64
5.0;0.9979166666666668;63
