"Start";"Duration";"Pitch"
0.0;1.9979166666666666;77
2.0;1.9979166666666668;78
4.0;2.997916666666667;79
7.0;0.9979166666666668;75
8.0;0.9979166666666668;72
9.0;0.9979166666666668;69
10.0;0.9979166666666668;65
11.0;0.9979166666666668;63
12.0;0.9979166666666668;62
13.0;0.9979166666666668;70
