"Start";"Duration";"Pitch"
0.0;0.9979166666666667;77
1.0;1.4979166666666668;76
2.5;1.9979166666666668;72
4.5;0.4979166666666668;77
5.0;1.4979166666666668;80
6.5;0.4979166666666668;76
7.0;1.4979166666666668;80
8.5;0.4979166666666668;77
9.0;1.4979166666666668;76
10.5;1.9979166666666668;72
12.5;0.4979166666666668;74
13.0;1.4979166666666668;76
