"Start";"Duration";"Pitch"
1.0;0.9979166666666666;76
2.0;0.9979166666666668;75
3.0;0.9979166666666668;76
4.0;0.9979166666666668;78
5.0;0.9979166666666668;79
6.0;0.9979166666666668;78
7.0;0.9979166666666668;83
8.0;0.9979166666666668;82
9.0;1.4979166666666668;83
10.5;0.4979166666666668;81
11.0;0.4979166666666668;79
11.5;0.4979166666666668;78
12.0;0.9979166666666668;76
