"Start";"Duration";"Pitch"
0.0;0.9979166666666667;70
1.0;1.4979166666666668;72
2.5;0.4979166666666668;72
3.0;0.7479166666666668;72
3.75;0.24791666666666679;74
4.0;1.4979166666666668;75
5.5;0.24791666666666679;77
5.75;0.24791666666666679;78
6.0;0.4979166666666668;77
