"Start";"Duration";"Pitch"
0.0;2.997916666666667;74
3.0;0.9979166666666668;78
4.0;0.9979166666666668;74
5.0;0.9979166666666668;71
6.0;1.9979166666666668;69
8.0;0.9979166666666668;66
9.0;0.9979166666666668;69
10.0;0.9979166666666668;74
11.0;0.9979166666666668;78
12.0;1.9979166666666668;81
14.0;0.9979166666666668;78
15.0;0.9979166666666668;74
16.0;0.997916666666665;69
17.0;0.997916666666665;78
18.0;2.997916666666665;76
