"Start";"Duration";"Pitch"
0.0;0.4979166666666667;79
0.5;0.4979166666666667;77
1.0;0.49791666666666656;74
1.5;0.49791666666666656;71
2.0;0.4979166666666668;67
2.5;0.4979166666666668;74
3.0;0.4979166666666668;71
3.5;0.4979166666666668;67
4.0;0.4979166666666668;81
4.5;0.4979166666666668;79
5.0;0.4979166666666668;76
5.5;0.4979166666666668;72
6.0;0.4979166666666668;67
6.5;0.4979166666666668;76
7.0;0.4979166666666668;72
7.5;0.4979166666666668;67
