"Start";"Duration";"Pitch"
0.0;3.997916666666667;76
4.0;1.9979166666666668;73
6.0;1.9979166666666668;69
8.0;3.997916666666667;76
13.0;0.4979166666666668;83
13.5;0.4979166666666668;81
14.0;0.4979166666666668;80
14.5;0.4979166666666668;78
15.0;0.4979166666666668;76
15.5;0.4979166666666668;80
16.0;3.997916666666665;81
20.0;1.997916666666665;73
22.0;1.997916666666665;69
