"Start";"Duration";"Pitch"
0.0;2.997916666666667;81
3.0;0.060416666666666785;79
3.0625;0.060416666666666785;81
3.125;1.8729166666666668;79
5.0;0.9979166666666668;77
6.0;0.060416666666666785;76
6.0625;0.060416666666666785;77
6.125;1.8729166666666668;76
8.0;0.9979166666666668;74
9.0;1.9979166666666668;72
11.0;0.9979166666666668;76
12.0;2.997916666666667;77
15.0;2.997916666666665;79
18.0;2.997916666666665;81
21.0;2.997916666666665;79
