"Start";"Duration";"Pitch"
0.0;1.9979166666666666;80
2.0;1.9979166666666668;85
4.0;1.9979166666666668;83
6.0;0.9979166666666668;81
7.0;0.9979166666666668;81
8.0;0.9979166666666668;81
9.0;0.9979166666666668;81
10.0;0.4979166666666668;80
10.5;0.4979166666666668;78
11.0;0.4979166666666668;76
11.5;0.4979166666666668;78
12.0;0.9979166666666668;80
13.0;0.9979166666666668;76
