"Start";"Duration";"Pitch"
0.0;0.4979166666666667;62
1.0;0.06041666666666656;63
1.0625;0.06041666666666656;65
1.125;0.37291666666666656;63
1.5;0.37291666666666656;62
1.875;0.12291666666666656;63
2.0;0.4979166666666668;65
4.0;0.9979166666666668;62
5.0;0.060416666666666785;63
5.0625;0.060416666666666785;65
5.125;0.3729166666666668;63
5.5;0.3729166666666668;62
5.875;0.12291666666666679;63
6.0;0.4979166666666668;65
