"Start";"Duration";"Pitch"
0.0;0.4979166666666667;63
2.0;0.4979166666666668;70
4.0;0.4979166666666668;58
6.0;0.4979166666666668;63
8.0;0.4979166666666668;63
9.0;0.4979166666666668;62
10.0;0.9979166666666668;63
11.5;0.4979166666666668;64
12.0;0.4979166666666668;65
12.5;0.4979166666666668;62
13.0;0.4979166666666668;63
13.5;0.4979166666666668;57
14.0;0.9979166666666668;58
