"Start";"Duration";"Pitch"
0.0;2.997916666666667;60
3.0;2.997916666666667;62
6.0;0.060416666666666785;65
6.0625;0.9354166666666668;64
7.0;0.4979166666666668;64
7.5;0.4979166666666668;62
8.0;0.4979166666666668;64
8.5;0.4979166666666668;65
9.0;0.9979166666666668;62
