"Start";"Duration";"Pitch"
0.0;1.4979166666666666;95
1.5;0.49791666666666656;94
2.0;1.4979166666666668;92
3.5;0.4979166666666668;90
4.0;1.4979166666666668;89
5.5;0.4979166666666668;87
6.0;1.4979166666666668;85
7.5;0.4979166666666668;92
8.0;1.4979166666666668;90
9.5;0.4979166666666668;87
10.0;1.4979166666666668;85
11.5;0.4979166666666668;92
