"Start";"Duration";"Pitch"
0.0;0.7479166666666667;70
0.75;0.24791666666666667;75
1.0;0.9979166666666666;75
3.0;0.7479166666666668;75
3.75;0.24791666666666679;74
4.0;0.9979166666666668;74
6.0;0.7479166666666668;70
6.75;0.24791666666666679;77
7.0;0.9979166666666668;77
9.0;0.7479166666666668;77
9.75;0.24791666666666679;75
10.0;0.9979166666666668;75
