"Start";"Duration";"Pitch"
0.0;0.9979166666666667;79
1.0;0.24791666666666656;84
1.25;0.24791666666666656;83
1.5;0.24791666666666656;81
1.75;0.24791666666666656;79
2.0;0.4979166666666668;81
2.5;0.4979166666666668;86
3.0;0.4979166666666668;86
4.0;0.9979166666666668;83
5.0;0.24791666666666679;84
5.25;0.24791666666666679;83
5.5;0.24791666666666679;81
5.75;0.24791666666666679;79
6.0;0.4979166666666668;83
6.5;0.4979166666666668;81
7.0;0.4979166666666668;81
