"Start";"Duration";"Pitch"
0.0;0.4979166666666667;73
0.5;0.9979166666666666;73
1.5;0.49791666666666656;73
2.0;0.9979166666666668;73
3.0;0.4979166666666668;73
3.5;0.9979166666666668;73
4.5;0.4979166666666668;73
5.0;0.9979166666666668;73
6.0;0.4979166666666668;75
6.5;1.4979166666666668;76
8.0;0.9979166666666668;73
9.0;0.4979166666666668;75
9.5;1.4979166666666668;76
11.0;0.9979166666666668;73
12.0;0.4979166666666668;75
12.5;1.4979166666666668;76
