"Start";"Duration";"Pitch"
0.0;1.4979166666666666;78
1.5;0.24791666666666656;78
1.75;0.24791666666666656;82
2.0;0.6645833333333333;85
2.6666666666666665;0.6645833333333333;82
3.3333333333333335;0.6645833333333333;86
4.0;1.4979166666666668;85
5.5;0.4979166666666668;82
6.0;0.9979166666666668;78
7.0;0.9979166666666668;90
8.0;1.4979166666666668;86
9.5;0.4979166666666668;85
10.0;0.9979166666666668;85
