"Start";"Duration";"Pitch"
3.0;0.9979166666666668;83
4.0;0.9979166666666668;88
5.0;0.9979166666666668;83
6.0;0.9979166666666668;84
7.0;0.9979166666666668;85
9.0;0.9979166666666668;85
10.0;0.9979166666666668;90
11.0;0.9979166666666668;87
12.0;0.9979166666666668;85
13.0;0.9979166666666668;83
15.0;0.9979166666666668;83
16.0;0.997916666666665;92
17.0;0.997916666666665;88
18.0;0.997916666666665;87
19.0;0.997916666666665;85
