"Start";"Duration";"Pitch"
0.0;0.9979166666666667;91
1.0;0.9979166666666666;87
2.0;0.9979166666666668;88
3.0;1.4979166666666668;81
4.5;0.4979166666666668;83
5.0;0.4979166666666668;84
5.5;0.4979166666666668;88
6.0;0.9979166666666668;86
7.0;0.9979166666666668;82
8.0;0.9979166666666668;83
9.0;1.4979166666666668;76
10.5;0.4979166666666668;78
11.0;0.4979166666666668;79
11.5;0.4979166666666668;83
