"Start";"Duration";"Pitch"
0.0;5.997916666666667;74
6.0;1.9979166666666668;76
8.0;2.997916666666667;78
11.0;0.4979166666666668;79
11.5;0.4979166666666668;81
12.0;0.9979166666666668;79
13.0;0.9979166666666668;79
14.0;0.9979166666666668;78
15.0;0.9979166666666668;78
16.0;1.997916666666665;76
18.0;3.997916666666665;74
