"Start";"Duration";"Pitch"
0.0;2.497916666666667;66
2.5;0.4979166666666668;67
3.0;0.4979166666666668;69
3.5;0.4979166666666668;66
4.0;0.9979166666666668;67
5.0;0.9979166666666668;67
6.0;0.9979166666666668;67
7.0;0.9979166666666668;67
8.0;1.4979166666666668;67
9.5;0.4979166666666668;66
10.0;1.9979166666666668;66
