"Start";"Duration";"Pitch"
0.0;0.4979166666666667;79
0.5;0.4979166666666667;91
1.0;0.49791666666666656;84
1.5;0.49791666666666656;86
2.0;0.4979166666666668;88
2.5;0.7479166666666668;86
3.25;0.24791666666666679;83
3.5;0.4979166666666668;79
4.0;0.4979166666666668;83
4.5;0.7479166666666668;81
5.25;0.24791666666666679;78
5.5;0.4979166666666668;74
6.0;0.4979166666666668;83
6.5;1.4979166666666668;81
