"Start";"Duration";"Pitch"
0.0;2.997916666666667;82
3.0;0.9979166666666668;77
4.0;1.7479166666666668;78
5.75;0.24791666666666679;83
6.0;3.997916666666667;82
10.0;3.747916666666667;89
13.75;0.24791666666666679;87
14.0;0.9979166666666668;85
15.0;1.997916666666665;87
17.0;0.997916666666665;89
18.0;1.747916666666665;92
19.75;0.247916666666665;90
20.0;0.997916666666665;89
21.0;1.997916666666665;90
23.0;0.997916666666665;92
