"Start";"Duration";"Pitch"
0.0;0.4979166666666667;76
0.5;0.4979166666666667;74
1.0;0.49791666666666656;73
1.5;0.49791666666666656;76
2.0;0.4979166666666668;78
2.5;0.4979166666666668;76
3.0;0.9979166666666668;81
4.0;0.9979166666666668;76
5.0;0.9979166666666668;73
6.0;0.9979166666666668;78
7.0;0.9979166666666668;76
8.0;0.9979166666666668;73
9.0;0.9979166666666668;74
10.0;0.9979166666666668;73
11.0;0.9979166666666668;69
