"Start";"Duration";"Pitch"
2.0;0.24791666666666679;80
2.25;3.747916666666667;81
6.0;1.9979166666666668;80
8.0;0.24791666666666679;80
8.25;4.747916666666667;78
14.0;1.9979166666666668;72
16.0;0.6645833333333329;72
16.666666666666668;0.6645833333333329;72
17.333333333333332;0.6645833333333329;72
18.0;1.997916666666665;72
