"Start";"Duration";"Pitch"
0.5;0.4979166666666667;85
1.0;0.9979166666666666;83
2.0;0.9979166666666668;81
3.0;0.7479166666666668;80
3.75;0.24791666666666679;76
4.0;0.9979166666666668;73
5.0;0.9979166666666668;74
6.0;0.7479166666666668;76
6.75;0.24791666666666679;78
7.0;0.9979166666666668;80
8.0;0.060416666666666785;83
8.0625;0.9354166666666668;81
9.0;0.7479166666666668;80
9.75;0.24791666666666679;76
10.0;0.9979166666666668;73
11.0;0.9979166666666668;74
12.0;0.7479166666666668;76
