"Start";"Duration";"Pitch"
0.0;0.24791666666666667;79
0.25;0.4979166666666667;78
0.75;0.37291666666666656;79
1.125;2.747916666666667;80
3.875;0.24791666666666679;79
4.125;0.7479166666666668;77
4.875;0.24791666666666679;75
5.125;2.747916666666667;77
7.875;0.24791666666666679;75
8.125;0.7479166666666668;74
8.875;0.24791666666666679;75
9.125;2.747916666666667;77
11.875;0.24791666666666679;75
12.125;0.7479166666666668;74
12.875;0.24791666666666679;72
13.125;1.9979166666666668;70
