"Start";"Duration";"Pitch"
0.0;0.24791666666666667;85
0.25;0.4979166666666667;85
0.75;0.49791666666666656;85
1.25;0.24791666666666656;85
1.5;0.24791666666666656;84
1.75;0.24791666666666656;87
2.0;0.24791666666666679;82
2.25;0.4979166666666668;82
2.75;0.24791666666666679;82
3.0;0.4979166666666668;80
3.5;0.4979166666666668;82
4.0;0.9979166666666668;85
