"Start";"Duration";"Pitch"
0.0;0.06041666666666667;76
0.0625;0.4354166666666667;77
0.5;0.4979166666666667;70
1.0;0.06041666666666656;76
1.0625;0.43541666666666656;77
1.5;0.49791666666666656;70
2.0;0.060416666666666785;76
2.0625;0.4354166666666668;77
2.5;0.4979166666666668;70
3.0;0.9979166666666668;77
4.0;0.4979166666666668;75
4.5;0.4979166666666668;73
5.0;0.4979166666666668;71
5.5;0.4979166666666668;70
6.0;0.4979166666666668;69
6.5;0.4979166666666668;68
7.0;0.9979166666666668;66
