"Start";"Duration";"Pitch"
0.0;0.3729166666666667;82
0.375;0.12291666666666667;83
0.5;0.24791666666666667;82
0.75;0.24791666666666667;80
1.0;0.24791666666666656;77
1.25;0.24791666666666656;73
1.5;0.49791666666666656;73
2.0;0.4979166666666668;73
2.5;0.6229166666666668;73
3.125;0.12291666666666679;78
3.25;0.12291666666666679;82
3.375;0.12291666666666679;87
3.5;0.4979166666666668;85
