"Start";"Duration";"Pitch"
1.0;0.47291666666666665;76
1.5;0.47291666666666665;76
2.0;0.47291666666666643;76
2.5;0.47291666666666643;76
3.0;0.47291666666666643;76
4.0;1.4229166666666666;79
5.5;0.47291666666666643;77
6.0;0.47291666666666643;71
7.0;1.4229166666666657;74
8.5;0.47291666666666643;72
9.0;0.47291666666666643;69
10.0;1.8979166666666671;67
