"Start";"Duration";"Pitch"
0.0;1.4979166666666666;92
1.5;0.24791666666666656;90
1.75;0.24791666666666656;88
2.0;0.4979166666666668;86
2.5;0.1645833333333333;88
2.6666666666666665;0.1645833333333333;86
2.8333333333333335;0.1645833333333333;85
3.0;0.4979166666666668;83
3.5;0.4979166666666668;95
4.0;2.497916666666667;92
6.5;0.24791666666666679;90
6.75;0.24791666666666679;88
7.0;0.9979166666666668;86
