"Start";"Duration";"Pitch"
0.0;0.9979166666666667;73
1.0;0.9979166666666666;78
2.0;0.9979166666666668;80
3.0;0.4979166666666668;78
3.5;0.4979166666666668;80
4.0;0.9979166666666668;82
5.0;0.9979166666666668;83
6.0;0.9979166666666668;85
7.0;0.9979166666666668;80
8.0;0.9979166666666668;82
9.0;0.9979166666666668;83
10.0;0.9979166666666668;80
11.0;0.9979166666666668;82
12.0;0.9979166666666668;78
13.0;0.9979166666666668;75
14.0;2.997916666666665;73
17.0;0.997916666666665;75
18.0;2.997916666666665;73
