"Start";"Duration";"Pitch"
0.0;0.9479166666666666;72
1.0;0.47291666666666665;64
1.5;0.9479166666666665;71
2.5;0.47291666666666643;71
3.0;0.9479166666666665;71
4.0;0.47291666666666643;60
4.5;1.4229166666666666;69
6.0;0.47291666666666643;69
6.5;0.47291666666666643;72
7.0;0.47291666666666643;69
7.5;0.11666666666666625;69
7.625;0.11666666666666625;71
7.75;0.7104166666666671;69
8.5;0.47291666666666643;67
9.0;0.47291666666666643;67
9.5;1.8979166666666671;64
