"Start";"Duration";"Pitch"
0.0;0.4979166666666667;69
0.5;0.24791666666666667;71
0.75;0.7479166666666666;69
1.5;0.24791666666666656;71
1.75;0.7479166666666668;69
2.5;0.4979166666666668;71
3.0;0.4979166666666668;72
3.5;0.4979166666666668;73
4.0;0.7479166666666668;74
4.75;0.24791666666666679;76
5.0;1.4979166666666668;78
6.5;0.4979166666666668;79
7.0;0.4979166666666668;81
7.5;0.4979166666666668;76
