"Start";"Duration";"Pitch"
0.0;0.4979166666666667;67
0.5;0.4979166666666667;69
1.0;0.49791666666666656;71
1.5;0.37291666666666656;72
1.875;0.12291666666666656;74
2.0;0.9979166666666668;76
3.0;0.4979166666666668;77
3.5;0.4979166666666668;76
4.0;0.4979166666666668;74
4.5;0.3729166666666668;72
4.875;0.12291666666666679;69
5.0;0.9979166666666668;72
