"Start";"Duration";"Pitch"
0.0;1.9979166666666666;76
2.0;0.9979166666666668;74
3.0;0.7479166666666668;76
3.75;0.24791666666666679;77
4.0;0.9979166666666668;76
5.0;0.9979166666666668;67
6.0;0.9979166666666668;72
7.0;0.9979166666666668;76
8.0;1.9979166666666668;79
10.0;0.9979166666666668;76
11.0;0.060416666666666785;76
11.0625;0.6854166666666668;74
11.75;0.24791666666666679;72
12.0;1.9979166666666668;74
