"Start";"Duration";"Pitch"
0.0;1.9979166666666666;88
2.0;0.9979166666666668;89
3.0;0.9979166666666668;89
4.0;1.9979166666666668;89
6.0;2.997916666666667;90
9.0;0.7479166666666668;88
9.75;0.24791666666666679;86
10.0;0.9979166666666668;85
11.0;0.9979166666666668;84
12.0;0.9979166666666668;85
