"Start";"Duration";"Pitch"
0.0;0.9979166666666667;77
1.0;2.997916666666667;89
4.0;1.9979166666666668;89
6.0;2.997916666666667;87
9.0;0.9979166666666668;85
10.0;0.9979166666666668;84
11.0;0.9979166666666668;82
12.0;0.9979166666666668;77
13.0;0.9979166666666668;78
