"Start";"Duration";"Pitch"
1.0;1.9979166666666668;78
4.0;0.9979166666666668;80
5.0;0.9979166666666668;81
7.0;1.9979166666666668;78
9.5;0.4979166666666668;76
10.0;0.4979166666666668;76
10.5;0.4979166666666668;80
11.0;0.9979166666666668;80
13.0;1.9979166666666668;78
16.0;0.997916666666665;80
17.0;0.997916666666665;81
19.0;0.497916666666665;83
19.5;0.497916666666665;81
20.0;0.997916666666665;80
21.0;0.997916666666665;78
22.0;0.997916666666665;76
23.0;0.997916666666665;74
