"Start";"Duration";"Pitch"
0.0;0.9979166666666667;89
1.0;0.9979166666666666;88
2.0;0.9979166666666668;88
3.0;0.9979166666666668;89
4.0;0.9979166666666668;89
5.0;0.9979166666666668;88
6.0;1.9979166666666668;88
8.0;0.9979166666666668;77
9.0;0.9979166666666668;76
10.0;0.9979166666666668;76
11.0;0.3312500000000007;77
11.333333333333334;0.33124999999999893;81
11.666666666666666;0.3312500000000007;77
12.0;0.9979166666666668;76
13.0;0.9979166666666668;74
14.0;1.9979166666666668;72
