"Start";"Duration";"Pitch"
0.0;2.997916666666667;88
3.0;2.497916666666667;90
5.5;0.4979166666666668;88
6.0;2.997916666666667;93
9.0;2.497916666666667;91
11.5;0.4979166666666668;90
12.0;2.997916666666667;88
15.0;2.997916666666665;90
18.0;2.997916666666665;85
