"Start";"Duration";"Pitch"
0.0;0.7479166666666667;74
0.75;0.24791666666666667;76
1.0;0.49791666666666656;78
1.75;0.24791666666666656;78
2.0;0.4979166666666668;78
2.75;0.24791666666666679;78
3.0;0.4979166666666668;78
3.75;0.24791666666666679;78
4.0;0.7479166666666668;78
4.75;0.24791666666666679;76
5.0;0.7479166666666668;78
5.75;0.24791666666666679;79
6.0;0.7479166666666668;76
6.75;0.24791666666666679;74
7.0;0.7479166666666668;76
7.75;0.24791666666666679;78
