"Start";"Duration";"Pitch"
0.0;0.9979166666666667;80
1.0;0.49791666666666656;92
1.5;0.49791666666666656;93
2.0;0.4979166666666668;92
2.5;0.4979166666666668;90
3.0;0.4979166666666668;87
3.5;0.4979166666666668;80
4.0;0.4979166666666668;90
4.5;0.4979166666666668;92
5.0;0.4979166666666668;90
5.5;0.4979166666666668;88
6.0;0.4979166666666668;85
6.5;0.4979166666666668;80
