"Start";"Duration";"Pitch"
0.0;0.4979166666666667;83
0.5;0.4979166666666667;82
1.0;0.49791666666666656;80
1.5;0.49791666666666656;78
2.0;0.9979166666666668;87
3.0;0.4979166666666668;85
3.5;0.4979166666666668;83
4.0;0.4979166666666668;83
4.5;0.4979166666666668;82
5.0;0.060416666666666785;82
5.0625;0.4354166666666668;80
5.5;0.4979166666666668;78
6.0;0.9979166666666668;90
7.0;0.9979166666666668;90
8.0;0.9979166666666668;90
