"Start";"Duration";"Pitch"
0.75;0.7479166666666666;86
1.5;0.7479166666666668;86
2.25;0.7479166666666668;86
3.0;0.060416666666666785;85
3.0625;0.060416666666666785;86
3.125;1.3729166666666668;88
4.5;0.7479166666666668;86
5.25;0.7479166666666668;85
6.0;0.24791666666666679;83
6.25;0.24791666666666679;85
6.5;0.9979166666666668;86
