"Start";"Duration";"Pitch"
0.0;0.7479166666666667;66
0.75;0.7479166666666666;67
1.5;0.49791666666666656;69
2.0;0.4979166666666668;71
2.5;0.1645833333333333;71
2.6666666666666665;0.1645833333333333;69
2.8333333333333335;0.1645833333333333;67
3.0;0.7479166666666668;66
3.75;0.7479166666666668;67
4.5;0.4979166666666668;69
5.0;0.4979166666666668;71
5.5;0.16458333333333286;71
5.666666666666667;0.16458333333333286;69
5.833333333333333;0.16458333333333375;67
6.0;0.4979166666666668;66
