"Start";"Duration";"Pitch"
0.0;1.8979166666666667;80
2.0;0.47291666666666643;80
2.5;0.47291666666666643;83
3.0;0.47291666666666643;81
3.5;0.47291666666666643;80
4.0;0.47291666666666643;79
4.5;0.47291666666666643;75
5.0;1.4229166666666666;80
6.5;0.47291666666666643;78
7.0;2.8479166666666664;76
10.0;2.8479166666666664;75
13.0;0.9479166666666661;73
