"Start";"Duration";"Pitch"
0.0;0.47291666666666665;66
0.5;0.24791666666666667;75
1.25;0.2354166666666666;74
1.5;0.47291666666666665;75
2.0;0.24791666666666679;74
2.75;0.2354166666666666;73
3.0;0.47291666666666643;74
3.5;1.8979166666666663;73
5.5;0.47291666666666643;75
6.0;0.47291666666666643;76
6.5;0.47291666666666643;78
