"Start";"Duration";"Pitch"
0.0;0.9979166666666667;78
1.0;0.9979166666666666;90
2.0;0.9979166666666668;88
3.0;0.4979166666666668;86
3.5;0.4979166666666668;85
4.0;0.4979166666666668;88
4.5;0.4979166666666668;86
5.0;0.4979166666666668;85
5.5;0.4979166666666668;83
6.0;0.4979166666666668;85
6.5;0.4979166666666668;80
7.0;0.4979166666666668;81
7.5;0.060416666666666785;85
7.5625;0.4354166666666668;83
