"Start";"Duration";"Pitch"
1.5;0.49791666666666656;81
2.0;0.24791666666666679;83
2.25;0.24791666666666679;84
2.5;0.24791666666666679;85
2.75;0.24791666666666679;88
3.0;0.9979166666666668;86
