"Start";"Duration";"Pitch"
0.0;1.33125;75
1.3333333333333333;1.33125;75
2.6666666666666665;1.3312500000000003;75
4.0;1.9979166666666668;75
6.0;5.997916666666667;70
12.0;3.997916666666667;75
16.0;7.997916666666665;78
