"Start";"Duration";"Pitch"
0.0;0.9979166666666667;84
1.0;1.9979166666666668;89
3.0;0.9979166666666668;88
4.0;0.9979166666666668;86
5.0;0.9979166666666668;88
6.0;0.9979166666666668;84
7.0;0.7479166666666668;86
7.75;0.24791666666666679;88
8.0;0.9979166666666668;89
9.0;0.9979166666666668;91
10.0;2.997916666666667;93
