"Start";"Duration";"Pitch"
0.0;2.997916666666667;74
3.0;2.997916666666667;71
6.0;2.997916666666667;69
9.0;2.997916666666667;67
12.0;2.997916666666667;69
15.0;2.997916666666665;71
18.0;2.997916666666665;76
21.0;2.997916666666665;74
24.0;1.997916666666665;72
26.0;0.997916666666665;71
27.0;2.997916666666665;67
30.0;2.9979166666666686;69
33.0;2.9979166666666686;71
