"Start";"Duration";"Pitch"
0.0;0.4979166666666667;74
1.0;0.49791666666666656;78
1.5;0.49791666666666656;76
2.0;0.4979166666666668;74
2.5;0.4979166666666668;78
3.0;0.4979166666666668;81
3.75;0.24791666666666679;83
4.0;1.9979166666666668;84
6.0;0.4979166666666668;83
6.75;0.24791666666666679;81
7.0;0.9979166666666668;79
8.0;0.9979166666666668;83
9.0;0.9979166666666668;88
10.0;1.9979166666666668;86
