"Start";"Duration";"Pitch"
0.0;1.8979166666666667;60
2.0;0.9479166666666665;72
3.0;1.8979166666666663;72
5.0;0.947916666666667;72
6.0;0.3145833333333332;72
6.333333333333333;0.3145833333333332;70
6.666666666666667;0.3145833333333332;72
7.0;0.47291666666666643;74
7.5;0.47291666666666643;70
8.0;3.7979166666666657;72
