"Start";"Duration";"Pitch"
0.0;0.9979166666666667;86
1.0;1.9979166666666668;79
3.0;0.9979166666666668;82
4.0;0.4979166666666668;81
4.5;0.4979166666666668;82
5.0;0.9979166666666668;79
6.0;0.9979166666666668;81
7.0;0.4979166666666668;82
7.5;0.4979166666666668;84
8.0;0.9979166666666668;86
9.0;0.9979166666666668;91
10.0;2.997916666666667;89
