"Start";"Duration";"Pitch"
0.0;1.9979166666666666;80
2.0;0.12291666666666679;82
2.125;0.12291666666666679;84
2.25;0.12291666666666679;82
2.375;0.12291666666666679;84
2.5;0.4979166666666668;80
3.0;0.4979166666666668;85
3.5;0.4979166666666668;87
4.0;1.9979166666666668;89
6.0;1.9979166666666668;92
8.0;0.9979166666666668;90
9.0;0.9979166666666668;89
10.0;0.9979166666666668;87
11.0;0.7479166666666668;89
11.75;0.24791666666666679;85
12.0;1.9979166666666668;80
