"Start";"Duration";"Pitch"
0.0;0.9979166666666667;62
1.0;0.9979166666666666;69
2.0;0.24791666666666679;62
2.25;0.24791666666666679;64
2.5;0.24791666666666679;65
2.75;0.24791666666666679;62
3.0;0.9979166666666668;69
4.0;0.24791666666666679;62
4.25;0.24791666666666679;64
4.5;0.24791666666666679;65
4.75;0.24791666666666679;62
5.0;0.4979166666666668;69
5.5;0.4979166666666668;69
6.0;0.4979166666666668;62
6.5;0.4979166666666668;62
7.0;0.9979166666666668;69
