"Start";"Duration";"Pitch"
0.0;0.9979166666666667;64
2.0;0.4979166666666668;66
3.0;0.4979166666666668;67
4.0;0.4979166666666668;69
5.0;0.4979166666666668;67
6.0;0.4979166666666668;66
7.0;0.4979166666666668;71
8.0;0.4979166666666668;64
9.0;0.4979166666666668;64
10.0;0.4979166666666668;62
11.0;0.4979166666666668;62
12.0;0.4979166666666668;60
13.0;0.9479166666666661;60
14.0;0.9979166666666668;62
