"Start";"Duration";"Pitch"
0.0;0.9979166666666667;69
1.0;1.4979166666666668;77
2.5;0.4979166666666668;76
3.0;0.4979166666666668;75
3.5;0.060416666666666785;86
3.5625;0.4354166666666668;87
4.0;0.060416666666666785;84
4.0625;0.4354166666666668;85
4.5;0.060416666666666785;86
4.5625;0.4354166666666668;87
5.5;0.060416666666666785;86
5.5625;0.4354166666666668;87
6.0;0.060416666666666785;84
6.0625;0.4354166666666668;85
6.5;0.060416666666666785;86
6.5625;0.4354166666666668;87
