"Start";"Duration";"Pitch"
0.0;0.4979166666666667;74
0.5;0.4979166666666667;86
1.0;0.49791666666666656;85
1.5;0.49791666666666656;84
2.0;0.4979166666666668;83
2.5;0.24791666666666679;84
2.75;0.24791666666666679;83
3.0;0.4979166666666668;81
3.5;0.4979166666666668;79
4.0;0.4979166666666668;81
4.5;0.24791666666666679;83
4.75;0.24791666666666679;81
5.0;0.4979166666666668;79
5.5;0.4979166666666668;78
6.0;0.4979166666666668;79
6.5;0.4979166666666668;83
7.0;0.9979166666666668;74
