"Start";"Duration";"Pitch"
0.0;0.9979166666666667;79
1.0;0.9979166666666666;86
2.0;1.4979166666666668;88
3.5;0.4979166666666668;86
4.0;0.060416666666666785;86
4.0625;0.6854166666666668;84
4.75;0.24791666666666679;83
5.0;1.4979166666666668;84
6.5;0.4979166666666668;85
7.0;0.7479166666666668;86
7.75;0.24791666666666679;87
8.0;1.4979166666666668;88
9.5;0.4979166666666668;86
10.0;0.060416666666666785;86
10.0625;0.6854166666666668;84
10.75;0.24791666666666679;83
11.0;1.9979166666666668;84
