"Start";"Duration";"Pitch"
0.0;0.24791666666666667;72
0.25;0.24791666666666667;74
0.5;0.24791666666666667;76
0.75;0.24791666666666667;77
1.0;0.49791666666666656;79
1.5;0.49791666666666656;79
2.0;0.4979166666666668;79
2.5;0.4979166666666668;84
3.0;0.4979166666666668;79
3.5;0.4979166666666668;77
4.0;0.4979166666666668;76
4.5;0.4979166666666668;74
5.0;0.4979166666666668;72
5.5;0.4979166666666668;74
6.0;0.4979166666666668;76
6.5;0.4979166666666668;77
7.0;0.9979166666666668;79
