"Start";"Duration";"Pitch"
0.0;0.7479166666666667;71
0.75;0.24791666666666667;83
1.0;2.997916666666667;83
4.0;0.9979166666666668;84
5.0;2.997916666666667;83
8.0;0.9979166666666668;84
9.0;2.997916666666667;83
12.0;0.9979166666666668;84
13.0;2.997916666666667;83
16.0;0.997916666666665;82
17.0;2.997916666666665;81
20.0;0.997916666666665;83
21.0;2.997916666666665;81
24.0;0.997916666666665;83
25.0;2.997916666666665;81
28.0;0.747916666666665;83
28.75;0.247916666666665;81
29.0;2.997916666666665;81
