"Start";"Duration";"Pitch"
0.75;0.24791666666666667;85
1.0;0.49791666666666656;85
1.5;0.49791666666666656;87
2.75;0.24791666666666679;87
3.0;0.4979166666666668;87
3.5;0.4979166666666668;89
4.25;0.24791666666666679;85
4.5;0.24791666666666679;87
4.75;0.24791666666666679;89
5.0;0.4979166666666668;91
5.5;0.4979166666666668;89
6.0;0.060416666666666785;89
6.0625;0.060416666666666785;87
6.125;1.8729166666666668;85
