"Start";"Duration";"Pitch"
0.0;0.4979166666666667;94
0.5;0.4979166666666667;96
1.0;0.49791666666666656;97
1.5;0.49791666666666656;93
2.0;0.4979166666666668;94
2.5;0.4979166666666668;90
3.0;0.9979166666666668;89
4.0;0.9979166666666668;89
5.0;0.9979166666666668;89
6.0;0.9979166666666668;89
7.0;0.4979166666666668;90
7.5;0.4979166666666668;89
8.0;0.4979166666666668;87
8.5;0.4979166666666668;84
9.0;1.9979166666666668;85
11.0;0.9979166666666668;82
