"Start";"Duration";"Pitch"
0.0;1.9979166666666666;84
2.0;0.9979166666666668;89
3.0;0.9979166666666668;87
4.0;0.9979166666666668;85
5.0;0.7479166666666668;84
5.75;0.24791666666666679;83
6.0;0.7479166666666668;84
6.75;0.24791666666666679;85
7.0;1.9979166666666668;84
