"Start";"Duration";"Pitch"
0.0;1.4979166666666666;82
1.5;0.49791666666666656;81
2.0;0.4979166666666668;79
2.5;0.4979166666666668;77
3.0;0.4979166666666668;82
3.5;0.4979166666666668;81
4.0;0.9979166666666668;79
5.0;0.4979166666666668;82
5.5;0.4979166666666668;81
6.0;1.4979166666666668;78
7.5;0.4979166666666668;76
8.0;0.4979166666666668;75
8.5;0.4979166666666668;73
9.0;0.4979166666666668;75
9.5;0.4979166666666668;76
10.0;0.4979166666666668;78
10.5;0.9979166666666668;80
11.5;0.4979166666666668;85
