"Start";"Duration";"Pitch"
0.0;3.997916666666667;60
4.0;3.997916666666667;55
8.0;2.997916666666667;60
11.0;0.9979166666666668;59
12.0;3.997916666666667;55
16.0;2.997916666666665;60
19.0;0.997916666666665;59
20.0;1.997916666666665;57
22.0;0.997916666666665;59
23.0;0.997916666666665;60
24.0;3.997916666666665;62
28.0;3.997916666666665;67
