"Start";"Duration";"Pitch"
1.0;0.9979166666666666;73
2.0;0.9979166666666668;74
3.0;1.4979166666666668;76
4.5;0.4979166666666668;74
5.0;0.9979166666666668;73
6.0;0.9979166666666668;71
7.0;0.9979166666666668;71
8.0;0.9979166666666668;71
9.0;0.9979166666666668;71
10.0;0.9979166666666668;76
11.0;0.9979166666666668;74
12.0;0.9979166666666668;73
