"Start";"Duration";"Pitch"
0.0;1.4979166666666666;69
1.5;0.49791666666666656;69
2.0;1.4979166666666668;74
3.5;0.4979166666666668;74
4.0;0.7479166666666668;76
4.75;0.24791666666666679;76
5.0;0.4979166666666668;76
5.5;0.24791666666666679;78
5.75;0.24791666666666679;79
6.0;0.9979166666666668;78
7.0;0.4979166666666668;76
7.5;0.4979166666666668;74
8.0;1.4979166666666668;81
9.5;0.4979166666666668;81
10.0;0.9979166666666668;81
11.0;0.4979166666666668;78
11.5;0.4979166666666668;74
