"Start";"Duration";"Pitch"
0.0;0.4979166666666667;74
0.5;0.7479166666666666;62
1.25;0.12291666666666656;66
1.375;0.12291666666666656;69
1.5;0.49791666666666656;67
2.0;0.4979166666666668;64
2.5;0.4979166666666668;66
3.0;0.4979166666666668;67
3.5;0.4979166666666668;64
4.0;0.4979166666666668;69
4.5;0.4979166666666668;66
5.0;0.4979166666666668;71
5.5;0.4979166666666668;69
6.0;0.4979166666666668;68
6.5;0.9979166666666668;68
7.5;0.4979166666666668;69
