"Start";"Duration";"Pitch"
1.0;0.9979166666666666;58
2.0;0.9979166666666668;58
3.0;0.9979166666666668;58
4.0;0.060416666666666785;60
4.0625;0.9354166666666668;58
5.0;0.4979166666666668;56
5.5;0.4979166666666668;55
6.0;0.9979166666666668;56
7.0;0.9979166666666668;53
8.0;0.9979166666666668;61
9.0;0.9979166666666668;60
10.0;0.4979166666666668;58
10.5;0.4979166666666668;56
11.0;0.4979166666666668;55
11.5;0.4979166666666668;53
12.0;3.997916666666667;52
