"Start";"Duration";"Pitch"
0.0;0.9979166666666667;62
1.0;0.9979166666666666;59
2.0;0.9979166666666668;55
3.0;0.9979166666666668;60
4.0;0.9979166666666668;57
5.0;0.9979166666666668;54
6.0;0.4979166666666668;57
6.5;0.4979166666666668;54
7.0;0.9979166666666668;50
8.0;0.4979166666666668;52
8.5;0.4979166666666668;54
9.0;0.9979166666666668;55
10.0;0.9979166666666668;52
11.0;0.9979166666666668;47
12.0;0.9979166666666668;49
13.0;1.9979166666666668;50
15.0;0.9979166666666668;62
