"Start";"Duration";"Pitch"
0.0;0.4979166666666667;76
0.5;0.4979166666666667;64
1.0;0.49791666666666656;76
1.5;0.49791666666666656;64
2.0;0.4979166666666668;76
2.5;0.4979166666666668;64
3.0;0.4979166666666668;76
3.5;0.4979166666666668;64
4.0;0.4979166666666668;76
4.5;0.24791666666666679;64
4.75;0.24791666666666679;65
5.0;0.4979166666666668;67
5.5;0.4979166666666668;69
6.0;0.4979166666666668;71
6.5;0.4979166666666668;72
7.0;0.4979166666666668;74
7.5;0.4979166666666668;75
