"Start";"Duration";"Pitch"
0.0;0.24791666666666667;69
0.25;0.24791666666666667;67
0.5;0.9979166666666666;65
1.5;0.9979166666666668;64
2.5;0.9979166666666668;62
4.0;0.4979166666666668;74
4.5;0.4979166666666668;76
5.0;0.24791666666666679;79
5.25;0.24791666666666679;77
5.5;0.4979166666666668;76
6.0;0.4979166666666668;74
6.5;0.4979166666666668;73
7.0;0.4979166666666668;81
7.5;0.4979166666666668;69
