"Start";"Duration";"Pitch"
0.0;0.4979166666666667;74
0.5;0.24791666666666667;79
0.75;0.24791666666666667;78
1.0;0.24791666666666656;81
1.25;0.24791666666666656;79
1.5;0.49791666666666656;83
2.0;0.4979166666666668;79
2.5;0.4979166666666668;78
3.0;0.4979166666666668;81
3.5;0.4979166666666668;74
4.0;0.4979166666666668;86
5.0;0.4979166666666668;83
6.0;0.4979166666666668;84
7.0;0.4979166666666668;83
7.5;0.4979166666666668;81
