"Start";"Duration";"Pitch"
0.0;2.497916666666667;68
2.5;0.4979166666666668;73
3.0;0.4979166666666668;72
3.5;0.4979166666666668;73
4.0;0.4979166666666668;77
4.5;0.4979166666666668;75
5.0;0.4979166666666668;73
5.5;0.4979166666666668;72
6.0;0.060416666666666785;72
6.0625;0.4354166666666668;70
6.5;0.4979166666666668;68
7.0;0.4979166666666668;67
7.5;1.4979166666666668;68
