"Start";"Duration";"Pitch"
0.0;1.2479166666666666;73
1.25;0.24791666666666656;75
1.5;0.24791666666666656;73
1.75;0.24791666666666656;72
2.0;0.24791666666666679;73
2.25;0.24791666666666679;75
2.5;0.24791666666666679;76
2.75;0.24791666666666679;78
3.0;0.9979166666666668;80
4.0;0.9979166666666668;80
5.0;0.9979166666666668;80
6.0;1.9979166666666668;79
8.0;0.9979166666666668;79
9.0;2.997916666666667;75
