"Start";"Duration";"Pitch"
0.0;0.4979166666666667;81
0.5;0.24791666666666667;78
0.75;0.24791666666666667;79
1.0;0.24791666666666656;81
1.25;0.24791666666666656;78
1.5;0.49791666666666656;79
2.0;0.4979166666666668;76
2.5;0.060416666666666785;74
2.5625;0.4354166666666668;73
3.0;0.24791666666666679;71
3.25;0.24791666666666679;69
3.5;0.4979166666666668;71
4.0;0.4979166666666668;73
4.5;0.9979166666666668;74
5.5;0.9979166666666668;75
6.5;0.9979166666666668;76
