"Start";"Duration";"Pitch"
0.0;1.4979166666666666;70
1.5;0.49791666666666656;75
2.0;1.4979166666666668;72
3.5;0.4979166666666668;75
4.0;0.4979166666666668;74
4.5;0.4979166666666668;77
5.0;0.4979166666666668;70
5.5;0.4979166666666668;74
6.0;0.9979166666666668;75
7.5;0.4979166666666668;75
8.0;0.4979166666666668;74
8.5;0.4979166666666668;77
9.0;0.4979166666666668;70
9.5;0.4979166666666668;74
10.0;0.9979166666666668;75
