"Start";"Duration";"Pitch"
0.5;0.4979166666666667;69
1.0;0.49791666666666656;74
1.5;0.49791666666666656;74
2.0;0.4979166666666668;74
2.5;0.24791666666666679;76
2.75;0.24791666666666679;74
3.0;0.24791666666666679;73
3.25;0.24791666666666679;74
3.5;0.24791666666666679;76
3.75;0.24791666666666679;73
4.0;0.4979166666666668;69
4.5;0.4979166666666668;69
5.0;0.4979166666666668;77
5.5;0.4979166666666668;77
6.0;0.9979166666666668;77
7.0;0.9979166666666668;76
