"Start";"Duration";"Pitch"
0.0;0.4979166666666667;67
0.5;0.4979166666666667;70
1.0;0.49791666666666656;75
1.5;0.49791666666666656;70
2.0;0.4979166666666668;79
2.5;0.4979166666666668;77
3.0;0.4979166666666668;75
3.5;0.4979166666666668;74
4.0;0.4979166666666668;72
4.5;0.4979166666666668;70
5.0;0.4979166666666668;68
5.5;0.4979166666666668;67
6.0;0.4979166666666668;65
6.5;0.4979166666666668;63
7.0;1.9979166666666668;62
9.0;0.9979166666666668;65
10.0;0.9979166666666668;68
