"Start";"Duration";"Pitch"
0.0;0.24791666666666667;69
0.25;0.24791666666666667;74
0.5;0.4979166666666667;78
1.0;0.49791666666666656;78
1.5;0.1645833333333333;76
1.6666666666666667;0.1645833333333333;78
1.8333333333333333;0.1645833333333333;76
2.0;0.4979166666666668;74
2.5;0.4979166666666668;76
3.0;0.7479166666666668;78
3.75;0.24791666666666679;76
4.0;0.24791666666666679;78
4.25;0.24791666666666679;74
4.5;0.4979166666666668;76
5.0;0.060416666666666785;80
5.0625;0.9354166666666668;81
