"Start";"Duration";"Pitch"
0.0;1.9979166666666666;70
2.0;0.060416666666666785;74
2.0625;0.4354166666666668;72
2.5;0.4979166666666668;70
3.0;0.9979166666666668;70
4.0;0.9979166666666668;70
5.0;0.9979166666666668;70
6.0;0.9979166666666668;75
7.0;0.9979166666666668;75
8.0;0.9979166666666668;75
9.0;1.9979166666666668;75
11.0;0.9979166666666668;74
12.0;1.9979166666666668;72
14.0;0.9979166666666668;77
15.0;1.997916666666665;70
17.0;0.997916666666665;75
