"Start";"Duration";"Pitch"
0.0;0.4979166666666667;69
0.5;0.9979166666666666;74
1.5;0.49791666666666656;76
2.0;0.4979166666666668;77
2.5;0.4979166666666668;73
3.0;0.4979166666666668;74
3.5;0.9979166666666668;70
4.5;0.4979166666666668;69
5.0;0.3729166666666668;74
5.375;0.12291666666666679;62
5.5;0.7479166666666668;64
6.25;0.12291666666666679;65
6.375;0.12291666666666679;67
6.5;0.24791666666666679;65
6.75;0.12291666666666679;64
6.875;0.12291666666666679;62
7.0;0.4979166666666668;62
