"Start";"Duration";"Pitch"
0.0;0.9979166666666667;72
1.0;0.9979166666666666;71
2.0;0.9979166666666668;72
3.0;0.9979166666666668;74
4.0;0.9979166666666668;75
5.0;0.9979166666666668;77
6.0;0.9979166666666668;75
7.0;0.9979166666666668;74
8.0;0.9979166666666668;79
9.0;0.060416666666666785;77
9.0625;1.9354166666666668;75
11.0;0.9979166666666668;74
