"Start";"Duration";"Pitch"
0.0;0.9979166666666667;72
1.0;0.9979166666666666;69
2.0;0.9979166666666668;74
3.0;0.9979166666666668;72
4.0;0.9979166666666668;77
5.0;0.9979166666666668;76
6.0;0.9979166666666668;81
7.0;0.9979166666666668;79
8.0;0.9979166666666668;70
9.0;0.9979166666666668;69
10.0;0.9979166666666668;77
11.0;0.9979166666666668;79
12.0;0.4979166666666668;77
12.5;0.4979166666666668;76
13.0;0.9979166666666668;77
14.0;0.9979166666666668;72
15.0;0.9979166666666668;65
