"Start";"Duration";"Pitch"
0.0;0.4979166666666667;74
0.5;0.24791666666666667;74
0.75;0.24791666666666667;76
1.0;0.49791666666666656;72
1.5;0.49791666666666656;71
2.0;0.24791666666666679;71
2.25;0.24791666666666679;72
2.5;0.4979166666666668;69
3.0;0.4979166666666668;67
3.5;0.4979166666666668;67
4.0;0.4979166666666668;69
4.5;0.060416666666666785;72
4.5625;0.9354166666666668;71
5.5;0.4979166666666668;69
