"Start";"Duration";"Pitch"
0.0;0.7479166666666667;63
0.75;0.24791666666666667;67
1.0;0.9979166666666666;70
2.0;0.9979166666666668;70
3.0;0.9979166666666668;75
4.0;0.9979166666666668;74
5.0;0.9979166666666668;70
6.0;0.7479166666666668;70
6.75;0.24791666666666679;74
7.0;0.9979166666666668;75
8.0;0.9979166666666668;75
9.0;0.9979166666666668;79
10.0;0.9979166666666668;80
