"Start";"Duration";"Pitch"
0.0;0.9979166666666667;62
1.0;0.9979166666666666;67
2.0;0.4979166666666668;67
2.5;0.4979166666666668;69
3.0;0.4979166666666668;71
3.5;0.4979166666666668;67
4.0;1.9979166666666668;69
6.0;0.4979166666666668;71
6.5;0.4979166666666668;67
7.0;1.9979166666666668;69
9.0;0.9979166666666668;71
10.0;0.060416666666666785;74
10.0625;0.9354166666666668;72
11.0;0.9979166666666668;71
12.0;0.9979166666666668;69
13.0;1.9979166666666668;67
