"Start";"Duration";"Pitch"
0.0;1.9979166666666666;76
2.0;0.9979166666666668;76
3.0;1.9979166666666668;76
5.0;0.9979166666666668;75
7.0;1.4979166666666668;79
8.5;0.4979166666666668;78
9.0;1.9979166666666668;78
11.0;0.9979166666666668;76
13.0;1.4979166666666668;78
14.5;0.4979166666666668;76
15.0;1.997916666666665;76
17.0;0.997916666666665;75
19.0;1.497916666666665;79
20.5;0.497916666666665;78
21.0;1.997916666666665;78
23.0;0.997916666666665;76
