"Start";"Duration";"Pitch"
0.0;0.9979166666666667;51
1.0;2.997916666666667;60
4.0;2.997916666666667;60
7.0;4.997916666666667;60
12.0;0.9979166666666668;60
13.0;1.9979166666666668;60
15.0;0.9979166666666668;60
16.0;1.997916666666665;61
18.0;0.997916666666665;60
19.0;2.997916666666665;60
22.0;0.997916666666665;53
