"Start";"Duration";"Pitch"
0.0;0.9979166666666667;57
1.0;1.9979166666666668;62
3.0;0.9979166666666668;57
4.0;0.9979166666666668;57
5.0;1.9979166666666668;62
8.0;0.9979166666666668;57
9.0;1.4979166666666668;62
10.5;0.4979166666666668;57
11.0;0.9979166666666668;62
12.0;0.9979166666666668;66
13.0;1.9979166666666668;62
