"Start";"Duration";"Pitch"
0.0;0.9979166666666667;74
1.0;0.9979166666666666;79
2.0;0.9979166666666668;79
3.0;0.9979166666666668;82
4.0;0.9979166666666668;81
5.0;0.9979166666666668;81
6.0;0.9979166666666668;84
7.0;0.9979166666666668;78
8.0;0.9979166666666668;78
9.0;0.9979166666666668;81
10.0;1.9979166666666668;79
