"Start";"Duration";"Pitch"
0.0;1.9979166666666666;79
2.0;0.9979166666666668;78
3.0;0.9979166666666668;76
4.0;1.9979166666666668;74
6.0;0.9979166666666668;72
7.0;0.9979166666666668;74
8.0;3.997916666666667;76
12.0;3.997916666666667;76
