"Start";"Duration";"Pitch"
0.0;0.24791666666666667;58
0.25;0.24791666666666667;60
0.5;0.4979166666666667;62
1.0;0.49791666666666656;62
1.5;0.49791666666666656;63
2.0;0.9979166666666668;62
3.0;0.24791666666666679;58
3.25;0.24791666666666679;60
3.5;0.4979166666666668;62
4.0;0.4979166666666668;62
4.5;0.4979166666666668;63
5.0;1.4979166666666668;62
