"Start";"Duration";"Pitch"
0.0;1.9979166666666666;72
2.0;1.9979166666666668;70
4.0;1.9979166666666668;72
6.0;1.9979166666666668;68
8.0;0.9979166666666668;73
9.0;0.4979166666666668;72
9.5;0.4979166666666668;70
10.0;0.9979166666666668;72
11.0;0.9979166666666668;65
12.0;1.9979166666666668;70
14.0;1.9979166666666668;68
16.0;1.997916666666665;72
18.0;1.997916666666665;70
20.0;1.997916666666665;72
22.0;1.997916666666665;77
