"Start";"Duration";"Pitch"
0.0;1.9979166666666666;74
2.0;1.4979166666666668;74
3.5;0.4979166666666668;74
4.0;0.9979166666666668;74
5.0;0.9979166666666668;83
6.0;0.9979166666666668;79
7.0;0.9979166666666668;76
8.0;1.9979166666666668;74
10.0;1.4979166666666668;74
11.5;0.4979166666666668;74
12.0;0.9979166666666668;74
13.0;0.9979166666666668;79
14.0;0.9979166666666668;78
15.0;0.9979166666666668;77
16.0;1.997916666666665;76
