"Start";"Duration";"Pitch"
2.0;2.997916666666667;77
5.0;0.9979166666666668;76
6.0;0.9979166666666668;77
7.0;0.9979166666666668;68
8.0;1.9979166666666668;77
10.0;3.997916666666667;75
14.0;1.9979166666666668;77
16.0;2.997916666666665;73
19.0;0.997916666666665;74
20.0;0.997916666666665;75
21.0;0.997916666666665;77
22.0;0.997916666666665;78
23.0;0.997916666666665;80
24.0;1.997916666666665;78
26.0;1.997916666666665;77
