"Start";"Duration";"Pitch"
0.0;0.9979166666666667;72
1.0;0.9979166666666666;71
2.0;1.2479166666666668;67
3.25;0.4979166666666668;65
3.75;0.24791666666666679;63
4.0;0.9979166666666668;65
5.0;0.9979166666666668;68
6.0;1.9979166666666668;67
8.0;1.2479166666666668;65
9.25;0.7479166666666668;62
10.0;1.2479166666666668;63
11.25;0.7479166666666668;60
12.0;1.2479166666666668;62
13.25;0.7479166666666668;63
14.0;1.9979166666666668;62
