"Start";"Duration";"Pitch"
0.0;0.9979166666666667;65
1.0;0.9979166666666666;66
2.0;1.9979166666666668;68
4.0;0.9979166666666668;68
5.0;0.9979166666666668;70
6.0;1.9979166666666668;72
8.0;1.9979166666666668;73
10.0;1.9979166666666668;72
12.0;3.997916666666667;70
16.0;3.997916666666665;68
