"Start";"Duration";"Pitch"
0.0;0.4979166666666667;71
0.5;0.4979166666666667;71
1.0;0.49791666666666656;71
1.5;0.24791666666666656;72
1.75;0.24791666666666656;71
2.0;0.24791666666666679;69
2.25;0.24791666666666679;71
2.5;0.24791666666666679;72
3.0;0.4979166666666668;74
3.5;0.4979166666666668;76
4.0;0.4979166666666668;78
4.5;0.4979166666666668;81
5.0;0.24791666666666679;79
5.25;0.24791666666666679;78
5.5;0.4979166666666668;76
