"Start";"Duration";"Pitch"
0.0;0.4979166666666667;79
0.5;0.4979166666666667;83
1.0;0.49791666666666656;83
2.0;0.4979166666666668;79
2.5;0.4979166666666668;76
3.0;0.4979166666666668;76
4.0;0.4979166666666668;84
4.5;0.4979166666666668;88
5.0;0.4979166666666668;88
6.0;0.4979166666666668;84
6.5;0.4979166666666668;83
7.0;0.4979166666666668;83
8.0;0.4979166666666668;79
8.5;0.4979166666666668;78
9.0;0.4979166666666668;78
10.0;0.4979166666666668;79
10.5;0.4979166666666668;81
11.0;0.4979166666666668;81
