"Start";"Duration";"Pitch"
0.0;3.997916666666667;59
4.0;3.997916666666667;60
8.0;3.497916666666667;62
11.5;0.4979166666666668;64
12.0;3.997916666666667;64
16.0;2.997916666666665;66
19.0;0.997916666666665;67
20.0;1.997916666666665;69
22.0;0.997916666666665;66
23.0;0.997916666666665;67
24.0;0.997916666666665;69
25.0;0.997916666666665;72
26.0;0.997916666666665;71
27.0;0.997916666666665;67
28.0;0.997916666666665;66
29.0;0.997916666666665;64
30.0;0.997916666666665;62
