"Start";"Duration";"Pitch"
0.0;3.7979166666666666;82
4.0;1.8979166666666663;81
6.0;1.8979166666666663;79
8.0;1.8979166666666671;77
11.0;0.4979166666666668;81
12.0;0.9479166666666661;79
13.0;0.9479166666666661;77
14.0;0.9479166666666661;76
15.0;0.9479166666666661;74
16.0;0.47291666666666643;72
16.5;0.47291666666666643;82
17.0;1.497916666666665;82
