"Start";"Duration";"Pitch"
0.0;0.9979166666666667;75
1.0;0.9979166666666666;70
2.0;2.497916666666667;68
4.5;0.4979166666666668;65
5.0;0.4979166666666668;70
5.5;0.4979166666666668;68
6.0;1.4979166666666668;66
7.5;0.24791666666666679;63
7.75;0.24791666666666679;65
8.0;0.4979166666666668;66
8.5;0.24791666666666679;63
8.75;0.24791666666666679;65
9.0;0.4979166666666668;66
9.5;0.4979166666666668;63
10.0;1.9979166666666668;68
