"Start";"Duration";"Pitch"
1.5;0.49791666666666656;37
2.0;0.4979166666666668;39
2.5;0.4979166666666668;40
3.0;0.4979166666666668;42
3.5;0.4979166666666668;44
4.0;0.9979166666666668;40
5.0;0.4979166666666668;37
5.5;0.4979166666666668;39
6.0;0.4979166666666668;40
6.5;0.24791666666666679;42
6.75;0.24791666666666679;44
7.0;0.4979166666666668;45
7.5;0.4979166666666668;47
8.0;0.9979166666666668;44
