"Start";"Duration";"Pitch"
0.0;0.24791666666666667;69
0.25;0.24791666666666667;69
0.5;1.4979166666666666;69
2.0;0.24791666666666679;69
2.25;0.24791666666666679;69
2.5;1.4979166666666668;69
4.0;0.24791666666666679;69
4.25;0.24791666666666679;69
4.5;0.4979166666666668;72
5.5;0.4979166666666668;69
