"Start";"Duration";"Pitch"
0.0;1.4979166666666666;83
1.5;0.49791666666666656;83
2.0;1.9979166666666668;83
4.0;0.9979166666666668;79
5.0;0.9979166666666668;88
6.0;1.9979166666666668;88
8.0;0.9979166666666668;83
9.0;0.9979166666666668;91
10.0;0.9979166666666668;90
11.0;0.9979166666666668;88
12.0;0.9979166666666668;84
13.0;0.9979166666666668;88
14.0;2.997916666666665;83
