"Start";"Duration";"Pitch"
0.0;0.4979166666666667;57
0.5;0.4979166666666667;60
1.0;0.49791666666666656;64
1.5;1.9979166666666668;65
3.5;1.9979166666666668;68
5.5;0.4979166666666668;69
6.0;0.4979166666666668;68
6.5;0.4979166666666668;69
8.5;0.4979166666666668;69
9.5;1.9979166666666668;71
11.5;1.9979166666666668;72
13.5;2.997916666666665;74
16.5;0.497916666666665;74
17.5;0.497916666666665;77
18.5;0.497916666666665;75
19.5;0.497916666666665;74
20.5;0.497916666666665;72
