"Start";"Duration";"Pitch"
1.0;0.9979166666666666;69
2.0;0.9979166666666668;81
3.0;0.9979166666666668;73
4.0;1.4979166666666668;76
5.5;0.4979166666666668;74
6.0;1.9979166666666668;74
9.0;0.9979166666666668;74
10.0;0.9979166666666668;86
11.0;0.4979166666666668;84
11.5;0.4979166666666668;82
12.0;1.4979166666666668;81
13.5;0.4979166666666668;79
14.0;1.9979166666666668;79
