"Start";"Duration";"Pitch"
0.0;2.997916666666667;74
3.0;0.9979166666666668;67
4.0;2.497916666666667;66
6.5;0.4979166666666668;67
7.0;0.4979166666666668;69
7.5;0.4979166666666668;71
8.0;1.9979166666666668;72
10.0;0.9979166666666668;71
11.0;0.9979166666666668;69
12.0;2.997916666666667;71
15.0;0.9979166666666668;72
16.0;2.997916666666665;74
19.0;0.497916666666665;83
19.5;0.497916666666665;79
20.0;2.497916666666665;79
