"Start";"Duration";"Pitch"
0.0;0.9979166666666667;72
1.0;0.9979166666666666;67
2.0;0.9979166666666668;69
3.0;0.9979166666666668;70
4.0;0.9979166666666668;71
5.0;0.9979166666666668;72
6.0;0.9979166666666668;77
7.0;0.9979166666666668;81
8.0;0.9979166666666668;77
9.0;0.9979166666666668;76
10.0;0.9979166666666668;74
11.0;0.9979166666666668;72
12.0;0.9979166666666668;71
13.0;1.9979166666666668;71
15.0;0.9979166666666668;72
