"Start";"Duration";"Pitch"
0.0;0.4979166666666667;64
1.0;0.49791666666666656;69
2.5;0.4979166666666668;73
3.0;0.4979166666666668;64
4.0;1.4979166666666668;69
6.0;0.4979166666666668;64
7.0;0.4979166666666668;69
8.0;0.4979166666666668;69
8.5;0.4979166666666668;71
9.0;0.4979166666666668;73
9.5;0.4979166666666668;74
10.0;1.4979166666666668;76
12.0;0.4979166666666668;81
13.0;0.4979166666666668;76
14.0;0.4979166666666668;76
15.0;0.4979166666666668;81
16.0;0.997916666666665;76
