"Start";"Duration";"Pitch"
0.0;0.9979166666666667;65
1.0;0.7479166666666666;74
1.75;0.24791666666666656;72
2.0;0.24791666666666679;72
2.25;0.4979166666666668;70
2.75;0.24791666666666679;70
3.0;0.24791666666666679;70
3.25;0.4979166666666668;69
3.75;0.24791666666666679;70
4.0;0.9979166666666668;72
5.0;0.9979166666666668;67
6.0;1.9979166666666668;72
