"Start";"Duration";"Pitch"
0.0;0.4979166666666667;86
0.5;0.24791666666666667;84
0.75;0.24791666666666667;82
1.0;0.24791666666666656;84
1.25;0.24791666666666656;81
1.5;0.49791666666666656;82
2.0;0.4979166666666668;79
2.5;0.4979166666666668;74
3.0;0.4979166666666668;82
3.5;0.24791666666666679;81
3.75;0.24791666666666679;79
4.0;0.24791666666666679;81
4.25;0.24791666666666679;78
4.5;0.4979166666666668;79
5.0;0.4979166666666668;74
5.5;0.4979166666666668;70
6.0;1.4979166666666668;74
