"Start";"Duration";"Pitch"
0.0;0.9979166666666667;66
1.0;0.9979166666666666;66
2.0;1.4979166666666668;66
3.5;0.4979166666666668;66
4.0;0.4979166666666668;67
4.5;0.4979166666666668;66
5.0;0.4979166666666668;67
5.5;0.4979166666666668;64
6.0;0.9979166666666668;71
7.0;0.9979166666666668;69
8.0;1.4979166666666668;66
9.5;0.4979166666666668;66
10.0;0.4979166666666668;67
10.5;0.4979166666666668;66
11.0;0.4979166666666668;67
11.5;0.4979166666666668;64
12.0;1.4979166666666668;62
