"Start";"Duration";"Pitch"
1.0;0.06041666666666656;77
1.0625;1.9354166666666668;89
3.0;0.4979166666666668;87
3.75;0.24791666666666679;86
4.0;0.9979166666666668;89
5.0;1.9979166666666668;87
7.0;0.9979166666666668;77
8.0;2.747916666666667;87
10.75;0.24791666666666679;89
11.0;0.7479166666666668;87
11.75;0.24791666666666679;86
12.0;1.9979166666666668;84
