"Start";"Duration";"Pitch"
0.0;0.47291666666666665;63
0.5;0.47291666666666665;68
1.0;0.47291666666666665;70
1.5;0.2354166666666666;71
1.75;0.2354166666666666;75
2.0;0.9479166666666665;75
3.0;0.47291666666666643;75
3.5;0.2354166666666666;73
3.75;0.2354166666666666;71
4.0;0.2354166666666666;70
4.25;0.2354166666666666;71
4.5;0.2354166666666666;73
4.75;0.2354166666666666;76
5.0;0.947916666666667;76
