"Start";"Duration";"Pitch"
1.0;1.4979166666666668;78
2.5;0.9979166666666668;77
3.5;0.4979166666666668;76
4.0;0.4979166666666668;78
4.75;0.24791666666666679;77
5.0;1.6645833333333329;76
6.666666666666667;0.6645833333333329;75
7.333333333333333;0.6645833333333337;76
8.0;2.497916666666667;77
10.5;3.497916666666667;78
