"Start";"Duration";"Pitch"
0.0;0.4979166666666667;69
0.5;0.4979166666666667;71
1.0;1.4979166666666668;73
2.5;1.4979166666666668;73
4.0;2.497916666666667;73
6.5;0.4979166666666668;73
7.0;0.4979166666666668;73
7.5;0.4979166666666668;81
8.0;0.4979166666666668;80
8.5;0.4979166666666668;78
9.0;0.4979166666666668;76
9.5;0.4979166666666668;74
10.0;0.9979166666666668;73
11.5;1.4979166666666668;66
