"Start";"Duration";"Pitch"
0.0;0.9979166666666667;74
1.0;0.7479166666666666;78
1.75;0.24791666666666656;74
2.0;0.7479166666666668;81
2.75;0.24791666666666679;78
3.0;0.9979166666666668;86
5.0;0.9979166666666668;74
6.0;0.9979166666666668;76
7.0;0.7479166666666668;76
7.75;0.24791666666666679;78
8.0;0.9979166666666668;79
9.0;0.9979166666666668;78
