"Start";"Duration";"Pitch"
0.0;0.4979166666666667;67
0.5;0.4979166666666667;72
1.0;0.49791666666666656;75
1.5;0.49791666666666656;74
2.0;0.4979166666666668;72
2.5;0.4979166666666668;67
3.0;0.4979166666666668;67
3.5;0.4979166666666668;72
4.0;0.24791666666666679;72
4.25;0.24791666666666679;74
4.5;0.24791666666666679;75
4.75;0.24791666666666679;77
5.0;0.4979166666666668;79
5.5;0.4979166666666668;72
6.0;0.4979166666666668;84
