"Start";"Duration";"Pitch"
0.0;2.247916666666667;70
2.25;0.4979166666666668;72
2.75;0.24791666666666679;73
3.0;0.24791666666666679;75
3.25;0.4979166666666668;73
3.75;0.24791666666666679;75
4.0;1.4979166666666668;77
5.5;0.4979166666666668;73
6.0;1.4979166666666668;75
7.5;0.4979166666666668;72
8.0;0.9979166666666668;73
