"Start";"Duration";"Pitch"
0.0;0.9979166666666667;83
1.0;0.49791666666666656;78
1.75;0.24791666666666656;80
2.0;0.9979166666666668;80
3.0;0.4979166666666668;78
4.0;0.9979166666666668;76
5.0;0.4979166666666668;75
5.75;0.24791666666666679;73
6.0;1.4979166666666668;78
7.5;0.4979166666666668;75
