"Start";"Duration";"Pitch"
0.0;0.9979166666666667;74
1.0;0.06041666666666656;73
1.0625;0.43541666666666656;74
1.5;0.06041666666666656;73
1.5625;0.43541666666666656;74
2.0;0.060416666666666785;73
2.0625;0.4354166666666668;74
2.5;0.060416666666666785;73
2.5625;0.4354166666666668;74
3.0;0.060416666666666785;76
3.0625;0.4354166666666668;74
3.5;0.24791666666666679;72
3.75;0.24791666666666679;71
4.0;0.9979166666666668;71
