"Start";"Duration";"Pitch"
0.0;0.9979166666666667;67
1.0;0.49791666666666656;71
1.5;0.9979166666666668;69
2.5;0.4979166666666668;67
3.0;2.497916666666667;72
5.5;0.9979166666666668;71
6.5;0.4979166666666668;68
7.0;0.4979166666666668;69
7.5;0.24791666666666679;61
7.75;0.24791666666666679;62
8.0;0.24791666666666679;63
8.25;0.24791666666666679;64
8.5;0.24791666666666679;65
8.75;0.24791666666666679;66
9.0;0.24791666666666679;67
