"Start";"Duration";"Pitch"
0.0;0.9979166666666667;74
1.0;0.9979166666666666;74
2.0;0.9979166666666668;74
3.0;1.9979166666666668;74
5.0;0.060416666666666785;79
5.0625;0.4354166666666668;78
5.5;0.24791666666666679;76
5.75;0.24791666666666679;74
6.0;0.9979166666666668;83
7.0;0.9979166666666668;83
8.0;0.9979166666666668;83
9.0;1.9979166666666668;83
11.0;0.060416666666666785;86
11.0625;0.4354166666666668;85
11.5;0.24791666666666679;83
11.75;0.24791666666666679;81
12.0;0.9979166666666668;86
