"Start";"Duration";"Pitch"
0.0;4.997916666666667;98
5.0;0.9979166666666668;96
6.0;0.9979166666666668;94
7.0;1.9979166666666668;86
9.0;0.4979166666666668;87
9.5;0.4979166666666668;94
11.0;0.4979166666666668;87
11.5;0.4979166666666668;94
14.0;2.997916666666665;94
17.0;0.997916666666665;93
18.0;0.997916666666665;91
19.0;1.997916666666665;85
21.0;0.497916666666665;86
21.5;0.497916666666665;93
23.0;0.497916666666665;86
23.5;0.497916666666665;93
