"Start";"Duration";"Pitch"
0.0;1.4229166666666666;74
1.5;0.47291666666666665;71
3.0;0.0625;71
3.064583333333333;0.4104166666666669;69
3.5;0.47291666666666643;67
4.0;0.47291666666666643;69
4.5;0.47291666666666643;67
6.0;1.4229166666666666;79
7.5;1.4229166666666657;83
9.0;0.7104166666666671;86
9.75;0.23541666666666572;88
10.0;0.3541666666666661;84
10.375;0.11666666666666714;86
10.5;0.47291666666666643;83
