"Start";"Duration";"Pitch"
0.0;3.997916666666667;57
4.0;0.9979166666666668;59
5.0;1.9979166666666668;60
7.0;0.9979166666666668;57
8.0;0.9979166666666668;59
9.0;1.9979166666666668;60
11.0;0.9979166666666668;57
12.0;1.9979166666666668;59
14.0;1.9979166666666668;57
16.0;1.997916666666665;59
18.0;1.997916666666665;61
20.0;0.997916666666665;62
