"Start";"Duration";"Pitch"
0.0;1.4979166666666666;95
1.5;1.4979166666666668;94
3.0;1.4979166666666668;95
4.5;5.497916666666667;85
11.0;0.9979166666666668;84
12.0;0.9979166666666668;85
13.0;0.9979166666666668;88
14.0;0.9979166666666668;91
15.0;1.997916666666665;95
17.0;4.997916666666665;86
22.0;0.997916666666665;98
23.0;0.997916666666665;97
24.0;0.997916666666665;98
25.0;0.997916666666665;95
26.0;0.997916666666665;90
27.0;2.997916666666665;97
