"Start";"Duration";"Pitch"
0.0;0.9979166666666667;76
1.0;0.24791666666666656;74
1.25;0.24791666666666656;67
1.5;0.24791666666666656;77
1.75;0.24791666666666656;76
2.0;0.9979166666666668;76
3.0;0.24791666666666679;74
3.25;0.24791666666666679;67
3.5;0.24791666666666679;77
3.75;0.24791666666666679;76
4.0;0.9979166666666668;76
5.0;0.4979166666666668;74
