"Start";"Duration";"Pitch"
0.0;1.9979166666666666;64
2.0;1.9979166666666668;64
4.0;0.9979166666666668;64
5.0;1.9979166666666668;64
7.0;0.9979166666666668;69
8.0;0.9979166666666668;67
9.0;0.4979166666666668;66
9.5;0.4979166666666668;67
10.0;0.9979166666666668;64
11.0;0.9979166666666668;62
12.0;0.9979166666666668;66
13.0;2.997916666666667;64
16.0;0.997916666666665;64
17.0;0.997916666666665;66
18.0;1.997916666666665;62
20.0;3.997916666666665;61
