"Start";"Duration";"Pitch"
0.0;0.4979166666666667;62
0.5;0.4979166666666667;65
1.0;1.9979166666666668;70
3.0;0.9979166666666668;69
4.0;0.9979166666666668;67
5.0;0.9979166666666668;72
6.0;0.9979166666666668;70
7.0;0.9979166666666668;69
8.0;0.9979166666666668;77
9.0;0.9979166666666668;75
10.0;0.9979166666666668;74
11.0;0.9979166666666668;77
