"Start";"Duration";"Pitch"
0.0;0.9979166666666667;82
1.5;0.49791666666666656;77
2.0;1.4979166666666668;74
3.5;0.4979166666666668;75
4.0;1.4979166666666668;72
5.5;0.4979166666666668;74
6.0;1.4979166666666668;75
7.5;0.4979166666666668;77
8.0;1.4979166666666668;74
9.5;0.4979166666666668;77
10.0;1.4979166666666668;82
11.5;0.4979166666666668;86
12.0;1.4979166666666668;84
13.5;0.4979166666666668;87
14.0;1.4979166666666668;77
15.5;0.4979166666666668;81
