"Start";"Duration";"Pitch"
0.0;0.9979166666666667;63
1.0;0.49791666666666656;58
1.75;0.24791666666666656;67
2.0;0.9979166666666668;67
3.0;0.4979166666666668;65
4.0;0.7479166666666668;70
4.75;0.12291666666666679;72
4.875;0.12291666666666679;74
5.0;0.4979166666666668;75
5.75;0.24791666666666679;63
6.0;0.9979166666666668;67
7.0;0.4979166666666668;65
