"Start";"Duration";"Pitch"
0.0;0.9979166666666667;69
1.0;0.9979166666666666;66
2.0;0.9979166666666668;67
3.0;1.4979166666666668;69
4.5;0.4979166666666668;67
5.0;0.9979166666666668;66
6.0;0.9979166666666668;64
7.0;0.9979166666666668;66
8.0;0.9979166666666668;67
9.0;0.9979166666666668;67
10.0;0.9979166666666668;66
