"Start";"Duration";"Pitch"
0.0;1.9979166666666666;63
2.0;1.9979166666666668;67
4.0;0.4979166666666668;70
4.5;0.4979166666666668;70
5.0;0.4979166666666668;70
5.5;0.4979166666666668;70
6.0;0.4979166666666668;70
6.5;0.4979166666666668;70
7.0;0.4979166666666668;70
7.5;0.4979166666666668;70
8.0;0.9979166666666668;67
9.0;0.9979166666666668;63
