"Start";"Duration";"Pitch"
0.0;0.9979166666666667;74
1.0;0.9979166666666666;79
2.0;0.9979166666666668;81
3.0;0.9979166666666668;83
4.0;1.9979166666666668;84
6.0;0.9979166666666668;81
7.0;0.9979166666666668;83
8.0;0.9979166666666668;79
9.0;0.9979166666666668;81
10.0;0.060416666666666785;79
10.0625;0.9354166666666668;78
11.0;0.4979166666666668;76
11.5;0.4979166666666668;74
12.0;0.4979166666666668;76
12.5;0.4979166666666668;78
13.0;0.9979166666666668;79
