"Start";"Duration";"Pitch"
0.0;3.997916666666667;70
4.0;3.997916666666667;82
8.0;0.12291666666666679;81
8.125;0.12291666666666679;79
8.25;0.7479166666666668;77
9.0;0.4979166666666668;77
9.5;0.4979166666666668;77
10.0;0.9979166666666668;77
12.0;0.12291666666666679;81
12.125;0.12291666666666679;79
12.25;0.7479166666666668;77
13.0;0.4979166666666668;77
13.5;0.4979166666666668;77
14.0;0.9979166666666668;77
