"Start";"Duration";"Pitch"
2.0;1.9979166666666668;74
4.0;1.9979166666666668;71
6.0;2.497916666666667;76
8.5;0.4979166666666668;74
9.0;0.4979166666666668;72
9.5;0.4979166666666668;71
10.0;0.4979166666666668;72
10.5;0.4979166666666668;71
11.0;0.4979166666666668;69
11.5;0.4979166666666668;67
12.0;1.9979166666666668;66
14.0;1.9979166666666668;74
