"Start";"Duration";"Pitch"
0.0;3.997916666666667;74
4.0;3.747916666666667;86
7.75;0.24791666666666679;74
8.0;0.9979166666666668;73
9.0;0.9979166666666668;85
11.75;0.24791666666666679;73
12.0;0.9979166666666668;71
13.0;0.7479166666666668;71
13.75;0.24791666666666679;71
14.0;1.4979166666666668;71
15.5;0.24791666666666679;69
15.75;0.24791666666666679;71
16.0;0.997916666666665;69
17.0;0.997916666666665;81
