"Start";"Duration";"Pitch"
0.0;0.06041666666666667;62
0.0625;0.06041666666666666;70
0.125;0.8729166666666667;82
1.0;0.9979166666666666;70
2.0;0.4979166666666668;70
2.5;0.4979166666666668;70
3.0;0.4979166666666668;70
3.5;0.12291666666666679;69
3.625;0.12291666666666679;72
4.0;0.12291666666666679;70
4.125;0.12291666666666679;74
4.5;0.12291666666666679;72
4.625;0.12291666666666679;75
