"Start";"Duration";"Pitch"
0.0;0.9979166666666667;53
1.0;0.9979166666666666;57
2.0;0.9979166666666668;58
3.0;0.9979166666666668;55
4.0;0.9979166666666668;62
5.0;0.9979166666666668;60
6.0;0.9979166666666668;58
7.0;0.9979166666666668;57
8.0;0.9979166666666668;57
9.0;0.9979166666666668;55
10.0;0.9979166666666668;60
11.0;0.4979166666666668;58
11.5;0.4979166666666668;62
12.0;0.9979166666666668;57
13.0;0.9979166666666668;55
14.0;1.9979166666666668;65
