"Start";"Duration";"Pitch"
0.0;0.9979166666666667;84
1.0;0.7479166666666666;81
1.75;0.24791666666666656;82
2.0;0.9979166666666668;84
3.0;0.4979166666666668;86
4.0;0.4979166666666668;82
5.0;0.4979166666666668;79
6.0;0.9979166666666668;81
7.0;0.7479166666666668;77
7.75;0.24791666666666679;79
8.0;0.9979166666666668;81
9.0;0.4979166666666668;82
10.0;0.4979166666666668;79
11.0;0.4979166666666668;76
