"Start";"Duration";"Pitch"
1.0;0.9979166666666666;62
2.0;0.9979166666666668;67
3.0;0.9979166666666668;71
4.0;0.9979166666666668;74
5.0;1.9979166666666668;79
7.0;0.9979166666666668;78
8.0;0.9979166666666668;76
9.0;0.9979166666666668;74
10.0;0.9979166666666668;76
11.0;0.9979166666666668;71
12.0;0.9979166666666668;74
13.0;0.9979166666666668;72
14.0;0.9979166666666668;74
15.0;0.9979166666666668;69
16.0;0.997916666666665;71
17.0;0.997916666666665;66
18.0;1.997916666666665;64
