"Start";"Duration";"Pitch"
0.0;1.9979166666666666;69
2.0;3.497916666666667;74
5.5;0.4979166666666668;69
6.0;1.9979166666666668;74
8.0;0.9979166666666668;81
13.0;2.997916666666667;74
16.0;1.997916666666665;66
18.0;1.997916666666665;67
20.0;0.997916666666665;73
22.0;1.997916666666665;73
