"Start";"Duration";"Pitch"
0.0;1.9979166666666666;81
2.0;1.9979166666666668;75
4.0;1.4979166666666668;76
5.5;0.24791666666666679;78
5.75;0.24791666666666679;80
6.0;0.9979166666666668;71
8.0;1.9979166666666668;81
10.0;1.9979166666666668;75
12.0;1.4979166666666668;76
13.5;0.24791666666666679;78
13.75;0.24791666666666679;80
14.0;0.9979166666666668;71
