"Start";"Duration";"Pitch"
0.0;0.9479166666666666;60
1.5;0.15625;55
1.6666666666666667;0.15625;57
1.8333333333333333;0.15625;59
2.0;0.9479166666666665;60
3.5;0.15625;55
3.6666666666666665;0.15625;57
3.8333333333333335;0.15625;59
4.0;0.947916666666667;60
7.5;0.47291666666666643;72
8.0;1.4229166666666657;72
9.5;0.47291666666666643;71
10.0;1.4229166666666657;74
11.5;0.47291666666666643;72
12.0;1.8979166666666671;79
14.0;0.9479166666666661;77
