"Start";"Duration";"Pitch"
0.0;0.9979166666666667;67
1.0;0.9979166666666666;71
2.0;0.9979166666666668;74
3.0;0.9979166666666668;72
4.0;0.9979166666666668;69
6.0;0.9979166666666668;69
7.0;0.9979166666666668;72
8.0;0.9979166666666668;76
9.0;0.9979166666666668;74
10.0;0.9979166666666668;71
13.0;0.9979166666666668;69
14.0;0.060416666666666785;71
14.0625;0.4354166666666668;69
14.5;0.4979166666666668;67
15.0;0.4979166666666668;69
15.5;0.4979166666666668;71
16.0;0.997916666666665;67
