"Start";"Duration";"Pitch"
0.0;0.9979166666666667;84
1.0;0.9979166666666666;80
2.0;0.9979166666666668;81
3.0;0.9979166666666668;76
4.0;0.9979166666666668;77
5.0;5.997916666666667;72
11.0;1.9979166666666668;82
13.0;0.9979166666666668;78
14.0;0.9979166666666668;79
15.0;0.9979166666666668;75
16.0;0.997916666666665;76
17.0;5.997916666666665;70
