"Start";"Duration";"Pitch"
0.0;2.997916666666667;70
3.0;2.997916666666667;72
6.0;0.9979166666666668;74
7.0;0.9979166666666668;79
8.0;0.9979166666666668;77
9.0;0.4979166666666668;77
9.5;0.4979166666666668;75
10.0;0.4979166666666668;75
10.5;0.4979166666666668;74
11.0;0.4979166666666668;74
11.5;0.4979166666666668;72
12.0;1.4979166666666668;72
13.5;0.4979166666666668;73
14.0;0.9979166666666668;74
