"Start";"Duration";"Pitch"
0.0;2.997916666666667;82
4.0;0.4979166666666668;70
5.0;0.4979166666666668;72
6.0;0.4979166666666668;74
7.0;0.4979166666666668;75
8.0;0.4979166666666668;76
9.0;0.4979166666666668;77
10.0;0.4979166666666668;79
11.0;0.4979166666666668;74
12.0;1.4979166666666668;75
13.5;0.4979166666666668;74
14.0;0.9979166666666668;72
