"Start";"Duration";"Pitch"
0.0;1.4979166666666666;73
1.5;0.49791666666666656;74
2.0;0.9979166666666668;76
3.0;0.060416666666666785;76
3.0625;0.9354166666666668;74
4.0;0.9979166666666668;73
5.0;0.9979166666666668;71
6.0;2.997916666666667;69
9.0;2.997916666666667;71
12.0;1.4979166666666668;73
13.5;0.4979166666666668;74
14.0;0.9979166666666668;76
15.0;0.060416666666666785;76
15.0625;0.9354166666666668;74
16.0;0.997916666666665;73
17.0;0.997916666666665;71
18.0;1.497916666666665;69
