"Start";"Duration";"Pitch"
0.5;0.9979166666666666;68
1.5;0.9979166666666668;71
2.5;0.9979166666666668;69
3.5;0.4979166666666668;68
4.0;0.4979166666666668;66
4.5;0.7479166666666668;68
5.25;0.24791666666666679;69
5.5;0.9979166666666668;68
6.5;0.9979166666666668;69
7.5;0.4979166666666668;68
8.0;0.4979166666666668;69
8.5;0.9979166666666668;71
9.5;0.9979166666666668;71
10.5;0.4979166666666668;71
11.0;0.7479166666666668;69
11.75;0.24791666666666679;68
12.0;0.9979166666666668;66
