"Start";"Duration";"Pitch"
0.0;0.4979166666666667;76
1.0;0.49791666666666656;76
2.0;1.4229166666666666;76
3.5;0.47291666666666643;79
4.0;0.47291666666666643;77
4.5;0.47291666666666643;74
5.0;0.47291666666666643;77
5.5;0.47291666666666643;81
6.0;0.7104166666666663;79
6.75;0.2354166666666666;76
7.0;0.4979166666666668;79
8.0;0.47291666666666643;84
8.5;0.9479166666666661;84
9.5;0.47291666666666643;83
10.0;0.47291666666666643;81
10.5;0.9479166666666661;81
11.5;0.47291666666666643;79
