"Start";"Duration";"Pitch"
0.0;1.4979166666666666;81
1.5;0.06041666666666656;79
1.5625;0.43541666666666656;77
2.0;0.4979166666666668;76
2.5;0.4979166666666668;74
3.0;1.4979166666666668;82
4.5;0.060416666666666785;81
4.5625;0.4354166666666668;79
5.0;0.4979166666666668;77
5.5;0.4979166666666668;76
6.0;1.4979166666666668;81
7.5;0.4979166666666668;79
8.0;0.4979166666666668;77
8.5;0.4979166666666668;76
9.0;0.9979166666666668;74
