"Start";"Duration";"Pitch"
0.0;0.4979166666666667;75
0.5;0.4979166666666667;79
1.0;0.9979166666666666;82
2.0;0.9979166666666668;82
3.0;0.9979166666666668;82
4.0;0.9979166666666668;82
5.0;0.4979166666666668;84
5.5;0.4979166666666668;86
6.0;0.4979166666666668;87
6.5;0.4979166666666668;89
7.0;0.9979166666666668;91
8.0;0.9979166666666668;87
9.0;0.9979166666666668;84
10.0;1.9979166666666668;82
12.0;0.9979166666666668;87
