"Start";"Duration";"Pitch"
0.0;0.7479166666666667;79
0.75;0.24791666666666667;82
1.0;0.9979166666666666;86
3.0;0.7479166666666668;87
3.75;0.24791666666666679;85
4.0;0.9979166666666668;86
6.0;0.7479166666666668;84
6.75;0.24791666666666679;81
7.0;0.7479166666666668;82
7.75;0.24791666666666679;78
8.0;0.7479166666666668;79
8.75;0.24791666666666679;74
9.0;0.7479166666666668;75
9.75;0.24791666666666679;73
10.0;1.9979166666666668;74
