"Start";"Duration";"Pitch"
1.0;0.9979166666666666;90
2.0;0.9979166666666668;93
3.0;0.9979166666666668;91
4.0;0.9979166666666668;90
5.0;0.9979166666666668;85
6.0;0.9979166666666668;83
7.0;0.9979166666666668;85
8.0;0.9979166666666668;86
9.0;2.997916666666667;81
12.0;5.997916666666665;78
