"Start";"Duration";"Pitch"
0.0;0.24791666666666667;81
0.25;0.24791666666666667;83
0.5;0.24791666666666667;85
0.75;1.2479166666666666;86
2.0;0.12291666666666679;85
2.125;0.12291666666666679;83
2.25;0.7479166666666668;81
3.0;0.24791666666666679;81
3.25;0.24791666666666679;83
3.5;0.24791666666666679;79
3.75;0.3729166666666668;78
4.125;0.12291666666666679;79
4.25;0.4979166666666668;81
4.75;0.24791666666666679;83
5.0;0.24791666666666679;85
5.25;0.4979166666666668;85
5.75;0.24791666666666679;86
