"Start";"Duration";"Pitch"
0.0;0.4979166666666667;82
0.5;0.4979166666666667;81
1.0;0.49791666666666656;82
1.5;0.49791666666666656;91
3.0;0.4979166666666668;89
4.5;1.4979166666666668;87
6.0;0.060416666666666785;84
6.0625;0.4354166666666668;82
6.5;0.4979166666666668;80
7.0;0.4979166666666668;82
7.5;0.9979166666666668;84
9.0;0.060416666666666785;82
9.0625;0.4354166666666668;80
9.5;0.4979166666666668;79
10.0;0.4979166666666668;80
10.5;1.4979166666666668;87
