"Start";"Duration";"Pitch"
0.0;2.497916666666667;81
2.5;0.24791666666666679;82
2.75;0.24791666666666679;81
3.0;0.9979166666666668;79
4.0;0.9979166666666668;82
5.0;0.9979166666666668;85
6.0;1.9979166666666668;84
8.0;0.9979166666666668;81
9.0;1.9979166666666668;84
11.0;0.9979166666666668;82
12.0;1.9979166666666668;81
