"Start";"Duration";"Pitch"
0.0;1.8979166666666667;75
2.0;0.9479166666666665;79
3.0;1.8979166666666663;77
5.0;0.947916666666667;74
6.0;0.947916666666667;75
7.0;0.947916666666667;79
8.0;0.9479166666666661;82
9.0;1.8979166666666671;82
11.0;0.9479166666666661;77
12.0;1.8979166666666671;75
14.0;0.9479166666666661;79
15.0;1.8979166666666671;77
17.0;0.9479166666666679;74
18.0;0.11666666666666714;77
18.125;0.8291666666666657;75
19.0;0.9479166666666679;74
20.0;0.9479166666666679;72
