"Start";"Duration";"Pitch"
0.0;3.997916666666667;94
4.0;3.997916666666667;86
8.0;0.9979166666666668;91
9.0;0.4979166666666668;87
9.5;0.4979166666666668;89
10.0;0.4979166666666668;91
10.5;0.4979166666666668;89
11.0;0.4979166666666668;87
11.5;0.4979166666666668;86
12.0;1.9979166666666668;89
14.0;1.9979166666666668;87
