"Start";"Duration";"Pitch"
0.0;2.997916666666667;88
3.0;0.9979166666666668;90
4.0;0.9979166666666668;91
5.0;0.9979166666666668;95
6.0;0.9979166666666668;93
7.0;0.9979166666666668;91
8.0;1.9979166666666668;90
10.0;9.997916666666665;88
20.0;2.997916666666665;93
23.0;0.997916666666665;95
24.0;0.997916666666665;96
25.0;0.997916666666665;100
26.0;0.997916666666665;98
27.0;0.997916666666665;96
28.0;1.997916666666665;95
30.0;1.997916666666665;93
