"Start";"Duration";"Pitch"
0.0;2.997916666666667;85
3.0;0.9979166666666668;90
4.0;1.9979166666666668;88
6.0;0.9979166666666668;85
7.0;0.9979166666666668;82
8.0;2.997916666666667;83
11.0;0.9979166666666668;90
12.0;1.4979166666666668;88
13.5;0.4979166666666668;86
14.0;0.9979166666666668;83
15.0;0.9979166666666668;84
16.0;1.497916666666665;85
17.5;0.497916666666665;84
18.0;1.497916666666665;85
19.5;0.497916666666665;88
20.0;0.997916666666665;93
