"Start";"Duration";"Pitch"
0.0;1.9979166666666666;93
2.0;1.4979166666666668;91
3.5;0.4979166666666668;88
4.0;0.9979166666666668;88
5.0;0.9979166666666668;89
6.0;1.9979166666666668;84
8.0;0.9979166666666668;86
9.0;0.9979166666666668;86
10.0;0.9979166666666668;90
11.0;0.9979166666666668;90
12.0;0.060416666666666785;93
12.0625;0.4354166666666668;91
12.5;0.4979166666666668;90
13.0;0.4979166666666668;91
13.5;0.4979166666666668;93
14.0;0.9979166666666668;94
