"Start";"Duration";"Pitch"
0.0;0.4979166666666667;73
0.5;0.4979166666666667;74
1.0;0.49791666666666656;72
1.5;0.49791666666666656;70
2.0;0.4979166666666668;69
2.5;0.4979166666666668;70
3.0;0.4979166666666668;72
3.5;1.4979166666666668;70
5.0;0.4979166666666668;75
5.5;0.4979166666666668;77
6.0;0.4979166666666668;79
6.5;0.4979166666666668;77
7.0;0.4979166666666668;75
7.5;0.4979166666666668;74
8.0;0.4979166666666668;72
8.5;0.4979166666666668;74
9.0;0.4979166666666668;75
9.5;1.4979166666666668;74
