"Start";"Duration";"Pitch"
0.0;0.24791666666666667;83
0.25;0.4979166666666667;86
0.75;0.49791666666666656;80
1.5;0.24791666666666656;86
1.75;0.4979166666666668;85
2.25;0.4979166666666668;78
3.0;0.24791666666666679;85
3.25;0.24791666666666679;85
3.5;0.24791666666666679;85
3.75;0.24791666666666679;85
4.0;0.24791666666666679;85
4.25;0.12291666666666679;84
4.375;0.12291666666666679;85
4.5;0.12291666666666679;86
4.625;0.12291666666666679;85
4.75;0.4979166666666668;85
5.25;0.4979166666666668;78
