"Start";"Duration";"Pitch"
0.0;0.9979166666666667;92
1.0;0.49791666666666656;91
1.5;0.49791666666666656;89
2.0;0.9979166666666668;89
3.0;0.4979166666666668;84
3.5;0.4979166666666668;84
4.0;0.9979166666666668;89
5.0;0.4979166666666668;85
5.5;0.4979166666666668;85
6.0;0.9979166666666668;89
7.0;0.4979166666666668;84
7.5;0.4979166666666668;84
