"Start";"Duration";"Pitch"
0.0;1.9979166666666666;74
2.0;1.9979166666666668;78
4.0;2.997916666666667;81
7.0;0.4979166666666668;78
7.5;0.4979166666666668;74
8.0;0.9979166666666668;73
9.0;0.9979166666666668;74
10.0;0.9979166666666668;75
11.0;0.9979166666666668;76
12.0;1.9979166666666668;69
16.0;1.997916666666665;76
18.0;1.997916666666665;79
20.0;2.997916666666665;83
23.0;0.497916666666665;79
23.5;0.497916666666665;76
24.0;0.997916666666665;74
