"Start";"Duration";"Pitch"
1.0;0.9979166666666666;93
2.0;0.9979166666666668;94
3.0;0.9979166666666668;86
4.0;0.9979166666666668;87
5.0;0.9979166666666668;89
6.0;0.9979166666666668;91
7.0;0.9979166666666668;82
8.0;0.9979166666666668;84
9.0;0.9979166666666668;86
10.0;0.9979166666666668;87
11.0;0.9979166666666668;79
12.0;0.9979166666666668;77
13.0;1.9979166666666668;87
15.0;0.9979166666666668;86
16.0;0.997916666666665;87
