"Start";"Duration";"Pitch"
0.0;1.4979166666666666;76
1.5;1.4979166666666668;80
3.0;1.4979166666666668;83
4.5;1.4979166666666668;86
6.0;1.9979166666666668;87
8.0;0.4979166666666668;88
8.5;0.4979166666666668;82
9.0;0.9979166666666668;83
10.0;0.4979166666666668;78
10.5;0.4979166666666668;78
11.0;0.4979166666666668;83
11.5;0.4979166666666668;87
12.0;1.9979166666666668;90
14.0;0.4979166666666668;92
14.5;0.4979166666666668;88
15.0;0.9979166666666668;87
