"Start";"Duration";"Pitch"
0.0;1.4979166666666666;95
1.5;1.4979166666666668;97
3.0;0.4979166666666668;95
3.5;0.4979166666666668;92
4.0;0.4979166666666668;88
4.5;1.4979166666666668;90
6.0;0.4979166666666668;92
9.0;1.4979166666666668;95
10.5;1.4979166666666668;97
12.0;0.4979166666666668;95
12.5;0.4979166666666668;92
13.0;0.4979166666666668;88
13.5;1.4979166666666668;87
15.0;1.497916666666665;85
