"Start";"Duration";"Pitch"
0.0;0.4979166666666667;76
0.5;1.4979166666666666;77
2.0;0.4979166666666668;81
2.5;1.4979166666666668;76
4.0;0.4979166666666668;81
4.5;1.4979166666666668;84
6.0;0.4979166666666668;83
6.5;0.9979166666666668;81
7.5;0.9979166666666668;76
8.5;1.4979166666666668;77
10.0;0.4979166666666668;81
10.5;0.9979166666666668;76
11.5;0.4979166666666668;81
12.0;0.4979166666666668;84
12.5;2.997916666666667;88
