"Start";"Duration";"Pitch"
0.0;0.9979166666666667;94
1.0;0.9979166666666666;93
2.0;0.9979166666666668;94
3.0;0.9979166666666668;91
4.0;0.4979166666666668;93
4.5;0.4979166666666668;94
5.0;0.4979166666666668;96
5.5;0.4979166666666668;98
6.0;0.9979166666666668;94
7.0;0.4979166666666668;96
7.5;0.4979166666666668;94
8.0;0.4979166666666668;93
8.5;0.4979166666666668;91
9.0;0.9979166666666668;89
10.0;0.9979166666666668;89
11.0;0.9979166666666668;89
