"Start";"Duration";"Pitch"
0.0;2.747916666666667;83
2.75;0.24791666666666679;81
3.0;2.747916666666667;83
5.75;0.24791666666666679;81
6.0;0.4979166666666668;83
6.5;0.4979166666666668;84
7.0;0.4979166666666668;86
7.5;0.4979166666666668;86
8.0;0.4979166666666668;84
8.5;0.4979166666666668;84
9.0;1.4979166666666668;83
