"Start";"Duration";"Pitch"
0.0;0.9979166666666667;86
1.0;0.49791666666666656;86
1.5;0.49791666666666656;86
2.0;0.4979166666666668;86
2.5;0.4979166666666668;86
3.0;0.9979166666666668;83
4.0;0.4979166666666668;83
4.5;0.4979166666666668;83
5.0;0.4979166666666668;83
5.5;0.4979166666666668;83
6.0;0.9979166666666668;85
7.0;0.4979166666666668;85
7.5;0.4979166666666668;90
8.0;0.4979166666666668;90
8.5;0.4979166666666668;88
9.0;2.997916666666667;86
