"Start";"Duration";"Pitch"
0.0;1.9979166666666666;81
2.0;1.9979166666666668;88
4.0;1.9979166666666668;87
6.0;0.4979166666666668;88
7.0;0.7479166666666668;84
7.75;0.24791666666666679;83
8.0;1.9979166666666668;81
10.0;1.9979166666666668;76
12.0;1.9979166666666668;72
14.0;0.4979166666666668;69
