"Start";"Duration";"Pitch"
0.0;0.24791666666666667;95
0.25;0.24791666666666667;93
0.5;0.24791666666666667;92
0.75;0.24791666666666667;90
1.0;0.24791666666666656;88
1.25;0.24791666666666656;86
1.5;0.49791666666666656;85
2.0;0.4979166666666668;85
2.5;0.4979166666666668;85
3.0;0.4979166666666668;86
3.5;0.7479166666666668;90
4.25;0.24791666666666679;88
4.5;0.9979166666666668;85
