"Start";"Duration";"Pitch"
0.0;0.24791666666666667;76
0.25;0.060416666666666674;79
0.3125;0.4354166666666667;77
1.0;0.24791666666666656;76
1.25;0.9979166666666668;80
2.25;0.9979166666666668;81
3.25;0.9979166666666668;82
4.25;0.9979166666666668;83
5.25;0.9979166666666668;86
6.25;1.9979166666666668;84
8.25;1.9979166666666668;83
10.25;0.9979166666666668;81
