"Start";"Duration";"Pitch"
0.0;0.9979166666666667;78
1.0;0.9979166666666666;86
2.0;0.4979166666666668;86
2.5;0.4979166666666668;86
3.0;0.4979166666666668;86
3.5;0.4979166666666668;86
4.0;0.9979166666666668;83
5.0;0.9979166666666668;83
6.0;0.9979166666666668;83
7.0;0.9979166666666668;85
8.0;0.4979166666666668;85
8.5;0.4979166666666668;85
9.0;0.4979166666666668;85
9.5;0.4979166666666668;85
10.0;2.997916666666667;78
