"Start";"Duration";"Pitch"
0.0;2.997916666666667;91
3.0;0.9979166666666668;93
4.0;0.9979166666666668;91
5.0;0.9979166666666668;89
6.0;0.9979166666666668;88
7.0;0.9979166666666668;89
8.0;0.9979166666666668;91
9.0;2.997916666666667;86
12.0;2.997916666666667;91
15.0;0.9979166666666668;93
16.0;0.997916666666665;91
17.0;0.997916666666665;89
18.0;0.997916666666665;88
19.0;0.997916666666665;89
20.0;0.997916666666665;91
21.0;0.997916666666665;89
22.0;1.997916666666665;84
