"Start";"Duration";"Pitch"
0.0;0.9979166666666667;67
1.0;1.9979166666666668;72
3.0;0.9979166666666668;74
4.0;0.7479166666666668;75
4.75;0.24791666666666679;68
5.0;0.9979166666666668;70
6.0;0.9979166666666668;72
7.0;2.997916666666667;75
10.0;2.997916666666667;74
13.0;1.9979166666666668;73
