"Start";"Duration";"Pitch"
0.0;2.997916666666667;83
3.0;2.997916666666667;83
6.0;0.9979166666666668;83
7.0;0.9979166666666668;85
8.0;0.9979166666666668;86
9.0;2.997916666666667;85
12.0;2.997916666666667;90
15.0;2.997916666666665;86
18.0;0.997916666666665;85
19.0;0.997916666666665;88
20.0;0.997916666666665;85
21.0;2.997916666666665;86
