"Start";"Duration";"Pitch"
0.0;1.9979166666666666;79
2.0;0.9979166666666668;79
3.0;0.9979166666666668;79
4.0;1.9979166666666668;79
6.0;0.9979166666666668;81
7.0;0.9979166666666668;82
8.0;1.9979166666666668;81
10.0;0.9979166666666668;79
11.0;0.9979166666666668;78
12.0;1.9979166666666668;79
