"Start";"Duration";"Pitch"
0.0;0.7479166666666667;82
0.75;0.24791666666666667;82
1.0;0.9979166666666666;83
2.0;0.9979166666666668;86
3.0;0.9979166666666668;91
4.0;0.7479166666666668;87
4.75;0.24791666666666679;87
5.0;0.9979166666666668;86
6.0;0.9979166666666668;83
7.0;0.9979166666666668;79
