"Start";"Duration";"Pitch"
0.0;2.997916666666667;87
3.0;1.9979166666666668;82
5.0;0.9979166666666668;79
6.0;0.9979166666666668;80
7.0;0.9979166666666668;84
8.0;0.4979166666666668;82
8.5;0.4979166666666668;79
9.0;0.9979166666666668;75
12.0;0.9979166666666668;75
13.0;0.9979166666666668;79
14.0;0.4979166666666668;75
14.5;0.4979166666666668;72
15.0;0.9979166666666668;79
16.0;0.997916666666665;79
