"Start";"Duration";"Pitch"
0.0;1.4979166666666666;85
1.5;1.4979166666666668;85
3.0;1.4979166666666668;85
4.5;4.497916666666667;86
9.0;0.9979166666666668;88
10.0;0.4979166666666668;86
10.5;0.9979166666666668;86
11.5;0.4979166666666668;85
12.0;0.9979166666666668;85
13.0;0.4979166666666668;83
13.5;2.997916666666665;85
