"Start";"Duration";"Pitch"
0.0;0.9979166666666667;48
1.0;0.9979166666666666;53
2.0;0.9979166666666668;57
3.0;0.9979166666666668;60
4.0;0.9979166666666668;61
5.0;0.9979166666666668;67
6.0;0.9979166666666668;65
7.0;0.9979166666666668;64
8.0;0.9979166666666668;65
9.0;0.9979166666666668;57
10.0;0.9979166666666668;60
11.0;0.9979166666666668;61
12.0;2.497916666666667;60
