"Start";"Duration";"Pitch"
0.0;0.9979166666666667;86
1.0;0.9979166666666666;91
2.0;1.2479166666666668;87
3.25;0.24791666666666679;86
3.5;0.24791666666666679;84
3.75;0.24791666666666679;82
4.0;0.9979166666666668;81
5.0;0.9979166666666668;86
6.0;0.24791666666666679;84
6.25;0.24791666666666679;82
6.5;0.24791666666666679;81
6.75;0.24791666666666679;82
7.0;0.9979166666666668;79
