"Start";"Duration";"Pitch"
0.0;0.9979166666666667;73
1.0;1.4979166666666668;73
2.5;0.4979166666666668;71
3.0;0.4979166666666668;69
4.0;0.9979166666666668;69
5.0;1.4979166666666668;69
6.5;0.4979166666666668;68
7.0;0.4979166666666668;66
8.0;0.9979166666666668;66
9.0;0.9979166666666668;66
10.0;0.9979166666666668;68
11.0;0.9979166666666668;69
12.0;0.9979166666666668;71
13.0;0.9979166666666668;73
