"Start";"Duration";"Pitch"
0.0;0.4979166666666667;81
0.5;0.24791666666666667;82
0.75;0.24791666666666667;84
1.0;0.24791666666666656;86
1.25;0.24791666666666656;88
1.5;0.24791666666666656;89
1.75;0.24791666666666656;91
2.0;0.7479166666666668;93
2.75;0.24791666666666679;94
3.0;0.7479166666666668;93
3.75;0.24791666666666679;98
4.0;2.997916666666667;93
