"Start";"Duration";"Pitch"
0.5;0.4979166666666667;81
1.0;1.4979166666666668;88
2.5;0.9979166666666668;86
3.5;0.4979166666666668;85
4.0;0.9979166666666668;89
5.0;0.3312499999999998;85
5.333333333333333;0.3312499999999998;86
5.666666666666667;0.3312499999999998;87
6.0;2.497916666666667;93
10.0;1.4979166666666668;91
12.0;0.4979166666666668;94
12.5;0.9979166666666668;91
13.5;0.4979166666666668;92
14.5;1.4979166666666668;95
16.0;0.497916666666665;92
16.5;0.497916666666665;93
