"Start";"Duration";"Pitch"
0.0;0.4979166666666667;95
0.5;2.497916666666667;96
3.0;0.4979166666666668;95
3.5;2.497916666666667;96
6.0;0.4979166666666668;94
6.5;5.497916666666667;95
12.0;0.4979166666666668;94
12.5;2.497916666666667;95
15.0;0.4979166666666668;92
15.5;2.497916666666665;93
18.0;0.497916666666665;90
18.5;4.997916666666665;91
