"Start";"Duration";"Pitch"
0.0;0.9979166666666667;93
1.0;0.9979166666666666;91
3.0;0.9979166666666668;93
4.0;0.9979166666666668;91
6.0;0.9979166666666668;93
7.0;3.997916666666667;102
11.0;0.9979166666666668;100
12.0;0.9979166666666668;93
13.0;0.9979166666666668;90
15.0;0.9979166666666668;93
16.0;0.997916666666665;90
18.0;0.997916666666665;93
19.0;3.997916666666665;100
23.0;0.997916666666665;98
