"Start";"Duration";"Pitch"
0.0;2.997916666666667;94
3.0;2.497916666666667;94
5.5;0.4979166666666668;92
6.0;1.9979166666666668;92
8.0;0.9979166666666668;91
9.0;0.9979166666666668;91
10.0;0.9979166666666668;89
11.0;0.9979166666666668;91
12.0;4.497916666666665;94
16.5;0.497916666666665;92
17.0;0.497916666666665;89
17.5;0.497916666666665;86
18.0;2.997916666666665;84
21.0;0.997916666666665;82
