"Start";"Duration";"Pitch"
0.0;0.9979166666666667;81
1.0;1.4979166666666668;86
2.5;0.4979166666666668;81
3.0;2.997916666666667;86
6.0;0.9979166666666668;79
7.0;1.4979166666666668;84
8.5;0.4979166666666668;79
9.0;2.997916666666667;84
12.0;0.9979166666666668;77
13.0;1.4979166666666668;83
14.5;0.4979166666666668;83
15.0;0.9979166666666668;83
16.0;0.997916666666665;84
17.0;0.997916666666665;86
18.0;0.997916666666665;88
20.0;0.997916666666665;93
21.0;2.997916666666665;91
