"Start";"Duration";"Pitch"
0.0;1.4979166666666666;76
1.5;0.49791666666666656;79
2.0;0.4979166666666668;91
4.0;1.9979166666666668;91
6.0;0.9979166666666668;88
7.0;0.4979166666666668;83
7.5;0.4979166666666668;84
8.0;3.997916666666667;89
13.0;0.4979166666666668;77
13.5;0.4979166666666668;79
14.0;0.4979166666666668;91
16.0;1.997916666666665;91
18.0;0.997916666666665;89
19.0;0.497916666666665;85
19.5;0.497916666666665;86
20.0;3.997916666666665;88
