"Start";"Duration";"Pitch"
0.0;0.23541666666666666;75
0.25;2.6104166666666666;76
3.0;0.2354166666666666;75
3.25;2.6104166666666666;67
6.0;0.2354166666666666;68
6.25;2.6104166666666657;76
9.0;0.23541666666666572;75
9.25;3.7979166666666657;74
13.25;0.9479166666666661;75
14.25;0.9479166666666661;76
15.25;1.4229166666666657;76
16.75;0.47291666666666643;78
17.25;0.47291666666666643;80
17.75;0.47291666666666643;81
18.25;2.6104166666666657;81
21.0;0.23541666666666572;88
21.25;1.8979166666666671;87
