"Start";"Duration";"Pitch"
0.0;0.9979166666666667;74
1.0;0.9979166666666666;78
2.0;0.9979166666666668;81
3.0;1.9979166666666668;81
5.0;0.9979166666666668;93
6.0;0.9979166666666668;93
8.0;0.9979166666666668;90
9.0;0.9979166666666668;90
11.0;0.9979166666666668;74
12.0;0.9979166666666668;74
13.0;0.9979166666666668;78
14.0;0.9979166666666668;81
15.0;1.997916666666665;81
17.0;0.997916666666665;93
18.0;0.997916666666665;93
20.0;0.997916666666665;91
21.0;0.997916666666665;91
