"Start";"Duration";"Pitch"
1.0;0.9979166666666666;92
2.0;0.9979166666666668;92
3.0;0.9979166666666668;92
4.0;0.9979166666666668;91
5.0;0.9979166666666668;84
6.0;2.997916666666667;84
9.0;2.997916666666667;82
13.0;0.9979166666666668;91
14.0;0.9979166666666668;91
15.0;0.9979166666666668;91
16.0;0.997916666666665;89
17.0;0.997916666666665;82
18.0;2.997916666666665;82
21.0;2.997916666666665;80
