"Start";"Duration";"Pitch"
0.0;0.9979166666666667;86
2.0;0.9979166666666668;84
3.0;1.9979166666666668;84
5.0;0.9979166666666668;77
6.0;0.9979166666666668;86
8.0;0.9979166666666668;84
9.0;1.9979166666666668;84
11.0;0.9979166666666668;76
12.0;0.9979166666666668;86
14.0;0.9979166666666668;84
15.0;2.997916666666665;88
18.0;1.997916666666665;91
20.0;0.997916666666665;82
21.0;2.997916666666665;81
