"Start";"Duration";"Pitch"
0.0;2.997916666666667;84
3.0;2.997916666666667;83
6.0;0.9979166666666668;83
7.0;0.9979166666666668;84
8.0;0.9979166666666668;79
9.0;2.997916666666667;81
12.0;2.997916666666667;84
15.0;2.997916666666665;83
18.0;0.997916666666665;83
19.0;0.997916666666665;84
20.0;0.997916666666665;79
21.0;2.997916666666665;81
24.0;2.997916666666665;86
27.0;2.997916666666665;84
30.0;0.997916666666665;83
31.0;0.997916666666665;84
32.0;0.9979166666666686;81
33.0;2.9979166666666686;79
