"Start";"Duration";"Pitch"
0.0;0.4979166666666667;98
1.0;0.49791666666666656;98
2.0;0.4979166666666668;97
3.0;0.4979166666666668;95
4.0;0.4979166666666668;95
5.0;0.4979166666666668;93
6.0;0.4979166666666668;91
7.0;0.4979166666666668;91
8.0;0.4979166666666668;90
9.0;0.4979166666666668;88
10.0;0.4979166666666668;88
11.5;0.4979166666666668;86
12.0;2.997916666666667;97
15.0;0.9979166666666668;95
17.5;0.497916666666665;88
18.0;2.997916666666665;97
21.0;0.997916666666665;95
