"Start";"Duration";"Pitch"
0.0;3.997916666666667;77
4.0;1.9979166666666668;75
6.0;1.9979166666666668;73
8.0;4.997916666666667;72
13.0;0.9979166666666668;70
14.0;0.9979166666666668;72
15.0;0.9979166666666668;73
16.0;1.997916666666665;72
18.0;0.997916666666665;70
19.0;0.997916666666665;68
20.0;1.997916666666665;67
22.0;1.997916666666665;67
24.0;7.497916666666665;68
