"Start";"Duration";"Pitch"
0.0;0.4979166666666667;92
1.0;1.4979166666666668;91
2.5;0.4979166666666668;89
3.0;0.9979166666666668;87
4.0;2.997916666666667;85
7.0;1.4979166666666668;84
8.5;0.4979166666666668;82
9.0;1.9979166666666668;82
11.0;1.9979166666666668;80
13.0;1.4979166666666668;82
14.5;0.4979166666666668;77
15.0;1.997916666666665;80
17.0;1.997916666666665;79
19.0;0.997916666666665;80
20.0;0.997916666666665;82
21.0;1.997916666666665;83
23.0;0.997916666666665;84
