"Start";"Duration";"Pitch"
0.0;1.9979166666666666;91
2.0;0.4979166666666668;90
2.5;0.4979166666666668;91
3.0;1.9979166666666668;100
6.0;1.9979166666666668;91
8.0;0.4979166666666668;90
8.5;0.4979166666666668;91
9.0;1.9979166666666668;101
12.0;1.9979166666666668;100
14.0;0.4979166666666668;98
14.5;0.4979166666666668;95
15.0;1.997916666666665;89
18.0;1.997916666666665;98
20.0;0.497916666666665;96
20.5;0.497916666666665;88
21.0;1.997916666666665;91
