"Start";"Duration";"Pitch"
0.0;0.9979166666666667;86
1.0;0.9979166666666666;85
2.0;0.9979166666666668;88
3.0;2.997916666666667;86
6.0;0.9979166666666668;86
7.0;0.9979166666666668;85
8.0;0.9979166666666668;88
9.0;2.997916666666667;86
12.0;0.9979166666666668;86
13.0;0.9979166666666668;88
14.0;0.9979166666666668;90
15.0;1.997916666666665;91
17.0;0.997916666666665;95
18.0;0.997916666666665;93
19.0;0.997916666666665;95
20.0;0.997916666666665;93
21.0;2.997916666666665;86
