"Start";"Duration";"Pitch"
0.0;0.9479166666666666;50
1.0;1.8979166666666667;55
3.0;0.9479166666666665;57
4.0;1.8979166666666663;59
6.0;0.947916666666667;62
7.0;1.8979166666666671;64
9.0;0.9479166666666661;62
10.0;1.8979166666666671;59
12.0;0.9479166666666661;62
13.0;1.8979166666666671;64
15.0;0.9479166666666661;62
16.0;1.8979166666666671;57
18.0;0.9479166666666679;62
19.0;1.8979166666666671;64
21.0;0.9479166666666679;62
22.0;1.8979166666666671;59
