"Start";"Duration";"Pitch"
0.0;0.4979166666666667;95
0.5;0.4979166666666667;98
1.0;0.9979166666666666;97
2.0;0.4979166666666668;92
2.5;0.4979166666666668;95
3.0;0.9979166666666668;93
4.0;0.9979166666666668;90
5.0;0.9979166666666668;88
6.0;0.9979166666666668;86
7.0;0.9979166666666668;85
8.0;1.9979166666666668;78
10.0;0.9979166666666668;80
11.0;1.9979166666666668;82
13.0;1.9979166666666668;77
