"Start";"Duration";"Pitch"
0.0;0.06041666666666667;86
0.0625;3.435416666666667;95
3.5;0.4979166666666668;93
4.0;0.4979166666666668;91
4.5;0.4979166666666668;90
5.0;0.4979166666666668;91
5.5;0.4979166666666668;88
6.0;1.4979166666666668;91
7.5;0.4979166666666668;87
8.0;0.4979166666666668;88
8.5;0.4979166666666668;91
9.0;1.9979166666666668;90
11.0;0.9979166666666668;88
12.0;5.997916666666665;86
