"Start";"Duration";"Pitch"
1.0;1.9979166666666668;90
3.0;0.9979166666666668;88
4.0;2.997916666666667;87
7.0;0.9979166666666668;85
8.0;2.997916666666667;87
11.0;0.9979166666666668;85
12.0;1.9979166666666668;90
14.0;3.997916666666665;83
18.0;0.997916666666665;83
19.0;0.997916666666665;82
20.0;1.997916666666665;81
22.0;1.997916666666665;85
24.0;1.997916666666665;88
26.0;1.997916666666665;97
28.0;3.997916666666665;92
