"Start";"Duration";"Pitch"
0.0;1.4979166666666666;93
1.5;0.49791666666666656;93
2.0;0.9979166666666668;93
4.0;1.9979166666666668;93
6.0;1.4979166666666668;93
7.5;0.4979166666666668;93
8.0;0.9979166666666668;93
10.0;1.9979166666666668;92
12.0;1.4979166666666668;92
13.5;0.4979166666666668;92
14.0;0.9979166666666668;92
16.0;1.997916666666665;90
18.0;1.497916666666665;90
19.5;0.497916666666665;90
20.0;0.997916666666665;90
22.0;0.997916666666665;88
