"Start";"Duration";"Pitch"
0.0;0.06041666666666667;86
0.0625;0.9354166666666667;98
3.0;0.060416666666666785;86
3.0625;0.9354166666666668;98
6.0;0.060416666666666785;86
6.0625;3.935416666666667;98
10.0;0.9979166666666668;93
11.0;0.9979166666666668;94
12.0;0.060416666666666785;93
12.0625;0.9354166666666668;96
15.0;0.060416666666666785;93
15.0625;0.9354166666666668;96
18.0;0.06041666666666501;93
18.0625;3.935416666666665;96
22.0;0.997916666666665;90
23.0;0.997916666666665;91
