"Start";"Duration";"Pitch"
0.0;0.9979166666666667;69
1.0;0.9979166666666666;74
2.0;0.9979166666666668;78
3.0;2.747916666666667;79
5.75;0.24791666666666679;78
6.0;5.997916666666667;78
12.0;0.9979166666666668;69
13.0;0.9979166666666668;74
14.0;0.9979166666666668;78
15.0;0.9979166666666668;79
16.0;1.747916666666665;78
17.75;0.247916666666665;76
18.0;1.997916666666665;81
20.0;0.997916666666665;74
