"Start";"Duration";"Pitch"
0.0;0.06041666666666667;76
0.0625;1.9354166666666666;88
2.0;0.24791666666666679;86
2.25;0.24791666666666679;84
2.5;1.4979166666666668;83
4.0;0.24791666666666679;84
4.25;0.24791666666666679;83
4.5;0.4979166666666668;81
5.0;0.4979166666666668;81
5.5;0.4979166666666668;84
6.0;1.9979166666666668;83
