"Start";"Duration";"Pitch"
0.0;1.9979166666666666;84
2.0;1.4979166666666668;72
3.5;0.4979166666666668;76
4.0;0.7479166666666668;79
4.75;0.24791666666666679;84
5.0;1.9979166666666668;88
7.0;0.7479166666666668;84
7.75;0.24791666666666679;84
8.0;3.997916666666667;91
