"Start";"Duration";"Pitch"
0.0;1.7479166666666666;72
1.75;0.24791666666666656;72
2.0;1.7479166666666668;75
3.75;0.12291666666666679;74
3.875;0.12291666666666679;72
4.0;1.9979166666666668;80
6.0;0.9979166666666668;72
7.0;0.7479166666666668;70
7.75;0.24791666666666679;68
8.0;1.7479166666666668;75
9.75;0.24791666666666679;75
10.0;1.7479166666666668;77
11.75;0.12291666666666679;75
11.875;0.12291666666666679;77
12.0;0.9979166666666668;79
