"Start";"Duration";"Pitch"
0.0;0.4979166666666667;103
0.5;0.4979166666666667;103
1.0;0.49791666666666656;98
1.5;0.49791666666666656;101
2.0;0.4979166666666668;96
2.5;0.4979166666666668;99
3.0;0.4979166666666668;94
3.5;0.4979166666666668;98
4.0;0.4979166666666668;93
4.5;0.4979166666666668;98
5.0;0.060416666666666785;94
5.0625;0.060416666666666785;93
5.125;0.3729166666666668;94
5.5;0.4979166666666668;91
6.0;0.4979166666666668;93
6.5;0.4979166666666668;98
7.0;0.9979166666666668;74
