"Start";"Duration";"Pitch"
0.0;0.9979166666666667;98
1.0;0.9979166666666666;99
2.0;1.9979166666666668;100
4.0;0.4979166666666668;93
6.0;0.9979166666666668;95
7.0;0.9979166666666668;96
8.0;1.9979166666666668;98
10.0;0.4979166666666668;91
12.0;0.9979166666666668;93
13.0;0.9979166666666668;95
14.0;1.9979166666666668;96
16.0;0.497916666666665;88
17.0;1.997916666666665;95
