"Start";"Duration";"Pitch"
0.5;0.4979166666666667;93
1.0;0.49791666666666656;91
1.5;0.49791666666666656;93
2.0;0.4979166666666668;88
2.5;0.4979166666666668;91
3.0;0.4979166666666668;89
3.5;0.4979166666666668;88
4.0;0.4979166666666668;89
4.5;0.4979166666666668;89
5.0;0.4979166666666668;88
5.5;0.4979166666666668;89
6.0;0.4979166666666668;86
6.5;0.4979166666666668;86
7.0;0.4979166666666668;86
7.5;0.4979166666666668;88
8.0;1.4979166666666668;85
