"Start";"Duration";"Pitch"
0.0;0.9979166666666667;82
1.0;0.49791666666666656;89
1.5;0.9979166666666668;89
2.5;0.4979166666666668;91
3.0;0.9979166666666668;86
4.0;0.4979166666666668;87
4.5;0.9979166666666668;89
5.5;0.4979166666666668;82
6.0;0.4979166666666668;86
6.5;0.4979166666666668;84
7.0;0.4979166666666668;82
7.5;0.9979166666666668;84
8.5;0.4979166666666668;87
9.0;0.4979166666666668;86
9.5;0.4979166666666668;84
10.0;0.4979166666666668;82
10.5;0.9979166666666668;84
11.5;0.4979166666666668;77
