"Start";"Duration";"Pitch"
0.0;0.4979166666666667;91
0.5;0.24791666666666667;91
0.75;0.24791666666666667;90
1.0;0.49791666666666656;91
1.5;0.49791666666666656;91
2.0;0.4979166666666668;88
2.5;0.4979166666666668;86
3.0;0.4979166666666668;84
3.5;0.4979166666666668;88
4.0;0.4979166666666668;86
4.5;0.24791666666666679;86
4.75;0.24791666666666679;85
5.0;0.4979166666666668;86
5.5;0.4979166666666668;86
6.0;0.4979166666666668;83
6.5;0.4979166666666668;81
7.0;0.4979166666666668;79
