"Start";"Duration";"Pitch"
0.0;0.9979166666666667;68
1.0;1.4979166666666668;68
2.5;0.4979166666666668;77
3.0;0.4979166666666668;75
3.5;0.4979166666666668;73
4.0;0.9979166666666668;73
5.0;0.4979166666666668;72
6.0;0.7479166666666668;80
6.75;0.24791666666666679;80
7.0;1.4979166666666668;80
8.5;0.4979166666666668;90
9.0;0.4979166666666668;89
9.5;0.4979166666666668;87
10.0;0.9979166666666668;85
