"Start";"Duration";"Pitch"
0.0;2.997916666666667;80
3.0;0.9979166666666668;72
4.0;0.9979166666666668;73
5.0;0.9979166666666668;75
6.0;0.9979166666666668;70
7.0;0.9979166666666668;68
8.0;3.997916666666667;73
12.0;0.9979166666666668;70
13.0;0.9979166666666668;72
14.0;1.9979166666666668;69
16.0;1.997916666666665;77
