"MID";"WAV"
0.00000;0.00000
1.00000;0.21342
2.50000;0.66342
3.00000;0.80011
3.50000;0.93680
4.00000;1.10842
5.00000;1.38687
6.50000;1.81690
7.00000;1.95361
7.50000;2.11028
8.00000;2.24697
9.00000;2.52034
11.00000;3.06708
13.00000;3.61383
13.12500;3.64800
13.25000;3.68217
13.37500;3.71634
13.50000;3.75051
13.62500;3.78468
13.75000;3.81886
13.87500;3.85303
14.00000;3.88715
14.99792;4.05000
