"MID";"WAV"
0.00000;0.00000
0.25000;0.12921
0.50000;0.24565
0.75000;0.36761
1.00000;0.47793
1.25000;0.59078
1.50000;0.71527
1.75000;0.84448
2.00000;0.97369
2.25000;1.10289
2.50000;1.22817
2.75000;1.34133
3.00000;1.47053
3.25000;1.59976
3.50000;1.72897
3.75000;1.85817
4.00000;1.98739
4.25000;2.11659
4.50000;2.24580
4.75000;2.37502
5.00000;2.50424
5.25000;2.63344
5.50000;2.74842
5.75000;2.87187
5.99792;3.05000
