"MID";"WAV"
0.00000;0.00000
0.50000;0.29610
0.75000;0.44415
1.00000;0.59219
1.25000;0.74024
1.50000;0.88830
1.75000;1.03634
2.00000;1.18439
2.25000;1.32344
2.50000;1.46504
2.75000;1.61571
3.00000;1.75507
3.25000;1.89368
3.50000;2.04107
3.75000;2.20368
4.00000;2.35008
4.25000;2.49787
4.50000;2.64018
4.75000;2.79047
5.00000;2.92760
5.25000;3.06587
5.50000;3.20724
5.75000;3.34070
6.00000;3.47851
6.24792;3.65002
