"MID";"WAV"
0.00000;0.00000
4.00000;1.96595
6.00000;2.99137
8.00000;4.10143
10.00000;5.30687
12.00000;6.70295
13.00000;7.26364
13.50000;7.52275
14.00000;7.80282
15.00000;8.39491
16.00000;8.98708
17.00000;9.58970
18.00000;10.09751
19.00000;10.69984
20.00000;11.30262
20.50000;11.61459
21.00000;11.91599
22.99792;12.35000
