"MID";"WAV"
0.00000;0.00000
2.50000;0.80113
2.66667;0.90545
2.83333;1.00563
3.00000;1.10089
3.50000;1.34487
4.00000;1.60578
5.00000;2.07581
6.00000;2.53795
7.00000;3.07404
7.75000;3.50908
8.00000;3.64353
9.99792;4.65000
