"MID";"WAV"
0.00000;0.00000
1.00000;0.48803
2.00000;0.95686
3.50000;1.67927
4.00000;1.92646
5.00000;2.42729
6.00000;2.88982
6.50000;3.11148
7.00000;3.35213
8.00000;3.79549
9.00000;4.19406
10.00000;4.60528
11.50000;5.19972
12.00000;5.40201
13.00000;5.80041
14.00000;6.18608
14.50000;6.39451
15.00000;6.59077
15.99792;7.45000
