"MID";"WAV"
0.00000;0.19291
0.50000;0.39959
2.50000;1.30395
4.50000;2.01113
6.50000;2.65840
8.50000;3.32564
9.50000;3.67925
10.50000;4.01289
11.50000;4.36637
12.50000;4.71340
13.00000;4.89682
13.50000;5.09362
14.00000;5.29042
14.50000;5.48722
15.49792;6.05000
