"MID";"WAV"
0.00000;0.00000
0.75000;0.22830
1.00000;0.30438
2.00000;0.60528
3.00000;0.90566
3.75000;1.10426
4.00000;1.19965
5.00000;1.47853
6.00000;1.71345
6.75000;1.91964
7.00000;2.00828
8.00000;2.31422
9.00000;2.56532
9.75000;2.81139
10.00000;2.89167
11.00000;3.17094
11.49792;3.45000
