"MID";"WAV"
0.00000;0.00000
0.50000;0.20594
0.75000;0.30890
1.00000;0.41187
1.50000;0.61779
2.00000;0.82374
2.50000;1.02966
2.75000;1.13263
3.00000;1.23560
3.50000;1.44153
4.00000;1.64747
4.50000;1.85340
4.75000;1.95636
5.00000;2.05934
5.50000;2.26527
5.75000;2.36822
6.00000;2.47119
6.50000;2.67713
6.56250;2.70287
7.00000;2.88306
7.50000;3.08900
8.00000;3.29163
8.49792;3.45000
