"MID";"WAV"
0.00000;0.00000
0.12500;0.19628
1.00000;1.57031
1.12500;1.76659
2.12500;3.33690
3.00000;4.40012
3.12500;4.58727
3.25000;4.78350
3.37500;4.96213
3.50000;5.14064
3.62500;5.32799
3.75000;5.52421
3.87500;5.72048
4.00000;5.91677
4.12500;6.12189
5.12500;7.56798
6.12500;9.40431
6.18750;9.51152
6.25000;9.62722
6.31250;9.74308
6.62292;10.35002
