"MID";"WAV"
0.00000;0.16872
1.50000;3.09705
2.00000;4.29089
2.25000;4.89163
2.50000;5.40030
2.75000;5.94686
3.00000;6.45986
3.25000;7.01598
3.50000;7.55136
4.50000;9.71764
5.00000;10.70999
5.25000;11.21171
5.50000;11.65653
5.75000;12.09902
6.00000;12.44021
6.24792;12.95000
