"MID";"WAV"
0.00000;0.00000
0.25000;0.11227
3.00000;1.31093
3.25000;1.43293
4.00000;1.71333
4.25000;1.84087
5.25000;2.31028
6.00000;2.62179
6.25000;2.74288
7.00000;3.00862
7.25000;3.13477
8.00000;3.42100
8.25000;3.54316
9.25000;3.99657
10.00000;4.29804
10.25000;4.41413
11.00000;4.71151
11.25000;4.83643
12.00000;5.13141
12.24792;5.45000
