"MID";"WAV"
0.00000;0.00000
2.00000;1.24015
2.25000;1.37518
2.50000;1.49010
2.75000;1.56531
3.00000;1.70022
3.25000;1.83524
3.50000;1.97026
3.75000;2.10528
4.00000;2.24030
6.00000;3.24026
6.25000;3.34373
6.50000;3.46034
6.75000;3.56558
7.00000;3.70046
7.25000;3.80639
7.50000;3.92029
7.75000;4.02831
8.00000;4.18056
9.50000;4.97072
10.00000;5.24075
10.50000;5.51079
11.00000;5.78084
11.50000;6.05083
12.00000;6.30093
14.00000;7.26110
14.99792;8.05000
