"MID";"WAV"
0.00000;0.00000
0.50000;0.26673
1.00000;0.53344
1.50000;0.80016
2.00000;1.06688
2.50000;1.33360
3.00000;1.60070
5.00000;2.73682
5.50000;3.07247
6.00000;3.31621
6.50000;3.58903
7.00000;3.86119
7.50000;4.12284
8.00000;4.40290
8.50000;4.70083
9.00000;5.00140
10.49792;5.55000
