"MID";"WAV"
0.00000;0.17957
1.50000;3.40824
1.87500;4.09707
2.00000;4.34841
3.50000;7.51179
3.87500;8.21696
4.00000;8.48462
5.50000;10.92975
5.87500;11.68383
6.00000;11.91887
6.25000;12.45427
6.50000;12.95696
6.75000;13.41079
7.00000;13.91352
7.25000;14.36727
7.50000;14.82106
7.75000;15.32382
8.00000;15.81024
9.00000;17.95178
9.49792;19.05000
