"MID";"WAV"
0.00000;0.00000
4.00000;1.00157
8.50000;2.37312
9.00000;2.51272
9.50000;2.65231
10.00000;2.79191
10.50000;2.93150
11.00000;3.07110
11.50000;3.21083
12.00000;3.35699
16.00000;4.69839
16.50000;4.86227
17.00000;5.02597
17.50000;5.18419
18.00000;5.35416
18.50000;5.52370
19.00000;5.68173
19.50000;5.84540
20.00000;6.00035
23.99792;6.65002
