"MID";"WAV"
0.00000;0.11274
2.00000;1.15001
4.00000;2.26483
7.00000;3.82359
8.00000;4.36867
9.00000;4.71553
10.00000;5.18184
11.00000;5.66778
11.50000;5.88163
12.00000;6.15521
14.00000;7.38768
15.00000;7.99324
16.00000;8.51829
17.00000;8.92588
18.00000;9.47099
19.00000;9.91809
20.00000;10.44244
23.99792;11.95000
