"MID";"WAV"
0.00000;0.00000
1.00000;0.24048
2.00000;0.49660
3.00000;0.74497
4.00000;1.00886
5.00000;1.30003
6.50000;1.83636
7.00000;1.97752
8.00000;2.28031
9.00000;2.54898
10.00000;2.85521
11.00000;3.14707
12.00000;3.42711
13.00000;3.72200
14.50000;4.14590
15.00000;4.29310
15.99792;4.55000
