"MID";"WAV"
0.00000;0.13667
4.00000;3.28272
8.00000;6.69541
12.00000;9.88397
16.00000;13.15023
20.00000;16.22562
24.00000;19.23734
28.00000;22.48181
31.99792;24.35000
