"MID";"WAV"
0.00000;0.00000
1.00000;0.43756
1.50000;0.65634
2.00000;0.87511
4.00000;1.75023
5.00000;2.18779
5.06250;2.21513
5.12500;2.24248
5.18750;2.26981
7.00000;3.00223
8.00000;3.45191
9.00000;3.89552
9.50000;4.10825
10.00000;4.33308
12.00000;5.19001
13.00000;5.60330
15.00000;6.41166
15.99792;7.05000
