"MID";"WAV"
0.00000;0.00000
1.00000;2.32771
3.50000;7.56696
4.00000;8.57074
6.00000;12.08624
6.50000;13.09005
7.50000;15.05802
8.50000;17.32555
9.00000;18.34941
10.50000;21.42123
11.00000;22.54613
11.50000;23.62838
12.00000;24.58257
13.00000;26.55769
13.99792;27.05000
