"MID";"WAV"
0.00000;0.00000
1.50000;0.60700
2.00000;0.90781
3.50000;1.51660
4.00000;1.80723
4.75000;2.06523
5.00000;2.21000
5.50000;2.41661
6.00000;2.66882
6.99792;3.35000
