"MID";"WAV"
0.00000;0.00000
0.75000;0.63069
1.00000;0.89467
2.00000;1.90349
2.75000;2.58809
3.00000;2.90635
3.75000;3.51403
4.00000;3.81074
4.75000;4.40899
5.00000;4.69201
7.99792;5.25000
