"MID";"WAV"
0.00000;0.10444
1.00000;0.39521
2.00000;0.68650
3.00000;0.98970
4.00000;1.27304
8.00000;2.42609
9.00000;2.72910
10.00000;3.02005
11.00000;3.31573
12.00000;3.61880
13.49792;4.35000
