"MID";"WAV"
0.50000;0.00697
1.00000;0.49936
1.50000;0.96156
2.00000;1.55706
3.00000;2.54784
4.50000;4.03120
4.75000;4.25313
5.00000;4.46295
5.50000;5.00386
5.75000;5.19545
6.00000;5.39917
7.00000;6.21416
7.99792;7.05000
