"MID";"WAV"
0.00000;0.00000
2.00000;1.91335
4.00000;4.09889
6.00000;6.26157
7.89792;8.55000
