"MID";"WAV"
0.00000;0.00000
2.00000;0.89848
4.00000;1.79504
6.00000;2.70122
8.00000;3.59547
10.00000;4.50876
12.00000;5.50586
13.50000;6.20174
13.75000;6.31093
14.00000;6.44489
14.99792;7.35000
