"MID";"WAV"
0.00000;0.00000
1.00000;0.26878
2.00000;0.53757
3.00000;0.80636
4.00000;1.07514
5.00000;1.33296
5.50000;1.46366
6.00000;1.59800
7.00000;1.85221
8.00000;2.09901
9.00000;2.34577
10.00000;2.59980
10.06250;2.61939
11.00000;2.88663
12.00000;3.14471
12.06250;3.16204
13.00000;3.40974
14.00000;3.67121
15.00000;3.93266
15.99792;4.25000
