"MID";"WAV"
0.00000;0.00000
0.50000;0.15419
1.00000;0.30839
1.50000;0.46258
2.00000;0.61678
3.00000;0.92516
4.00000;1.23355
6.00000;1.85032
6.50000;2.00452
7.00000;2.15871
7.50000;2.31290
8.00000;2.46709
9.00000;2.77548
10.00000;3.08324
11.99792;3.65000
