"MID";"WAV"
0.00000;0.00000
1.50000;0.50525
2.00000;0.67147
3.00000;0.99748
4.50000;1.49625
5.00000;1.66247
6.00000;1.99498
10.00000;3.27951
10.50000;3.41984
11.00000;3.58600
11.50000;3.75873
12.00000;3.91200
13.00000;4.25099
14.00000;4.53800
15.00000;4.87051
16.00000;5.20950
17.00000;5.55500
18.00000;5.90698
20.00000;6.59798
20.50000;6.78372
21.00000;6.98242
21.99792;7.55000
