"MID";"WAV"
0.00000;0.00000
1.75000;0.30447
2.00000;0.39584
3.00000;0.69508
5.00000;1.20067
6.00000;1.50229
8.00000;1.90189
9.00000;2.20016
10.00000;2.49930
10.99792;3.15002
