"MID";"WAV"
0.00000;0.00000
1.50000;0.55699
1.75000;0.67225
2.00000;0.78753
2.50000;1.00395
3.00000;1.20617
6.00000;2.50454
7.50000;3.30965
7.75000;3.41800
8.00000;3.54031
8.50000;3.76385
9.00000;3.98735
12.00000;5.53373
13.50000;6.22572
13.75000;6.34102
14.00000;6.45630
14.50000;6.68688
15.00000;6.91747
17.00000;7.83980
17.99792;8.25002
