"MID";"WAV"
0.00000;0.00000
1.00000;0.75847
2.75000;2.08578
3.00000;2.27539
3.75000;2.84425
4.00000;3.03385
6.00000;4.55078
6.50000;4.93003
6.75000;5.11964
7.00000;5.30926
9.00000;6.70177
9.12500;6.81997
9.25000;6.96145
9.37500;7.10292
9.50000;7.23660
9.75000;7.48838
10.00000;7.68574
11.99792;9.05000
