"MID";"WAV"
0.00000;0.15915
0.50000;0.50139
1.00000;0.84772
1.50000;1.19826
2.00000;1.53239
2.50000;1.89083
2.75000;2.08831
3.00000;2.28253
3.25000;2.44094
3.50000;2.62503
4.00000;2.90728
4.25000;3.08614
4.50000;3.26767
4.75000;3.44921
5.00000;3.63075
5.25000;3.81229
5.50000;3.99382
5.75000;4.17536
6.00000;4.35690
6.25000;4.53843
6.50000;4.71997
6.74792;4.85000
