"MID";"WAV"
0.00000;0.00000
2.00000;0.52760
3.00000;0.93143
4.00000;1.37522
5.00000;1.79904
6.00000;2.24285
7.00000;2.68666
8.00000;3.13046
10.00000;4.01808
11.00000;4.44190
12.00000;4.90568
13.00000;5.32951
14.00000;5.79007
15.00000;6.23711
15.99792;7.05000
