"MID";"WAV"
0.25000;0.23528
0.50000;0.43740
0.75000;0.66435
1.00000;0.85823
1.25000;1.06033
1.50000;1.28724
1.75000;1.49770
2.00000;1.69160
4.25000;3.69273
4.50000;3.89514
4.75000;4.10542
5.00000;4.28319
5.25000;4.48491
5.50000;4.68703
5.75000;4.88916
6.00000;5.10755
8.25000;6.90210
8.50000;7.07986
8.75000;7.28951
9.00000;7.48373
9.25000;7.68565
9.50000;7.88776
9.75000;8.08988
10.00000;8.29200
11.99792;9.65002
