"MID";"WAV"
1.00000;0.12925
2.00000;2.10253
3.00000;4.01639
4.50000;7.09552
5.00000;8.39917
5.06250;8.83639
5.75000;10.24611
6.00000;10.98726
7.00000;13.27792
8.00000;15.31071
10.50000;20.40270
11.00000;21.48843
11.50000;22.41566
11.99792;23.15000
