"MID";"WAV"
0.00000;0.00000
2.50000;1.40831
3.00000;1.71483
3.50000;2.01360
4.00000;2.31241
4.50000;2.61889
5.00000;2.90999
5.50000;3.22433
6.00000;3.53858
6.50000;3.82968
7.00000;4.15180
7.50000;4.47396
8.00000;4.80391
9.00000;5.48725
11.00000;6.98570
12.00000;7.70680
13.99792;8.75000
