"MID";"WAV"
0.00000;0.15812
0.50000;0.26669
2.00000;0.54572
2.50000;0.65114
4.00000;0.93035
4.50000;1.02689
7.50000;1.67405
8.50000;1.89315
9.50000;2.09305
10.50000;2.29231
11.50000;2.49158
12.50000;2.69085
13.50000;2.89012
14.50000;3.07044
15.49792;3.44998
