"MID";"WAV"
0.00000;0.19385
1.00000;0.43913
3.00000;0.97735
8.00000;1.85307
9.00000;2.05217
11.00000;2.50303
12.89792;3.55000
