"MID";"WAV"
0.00000;0.19974
1.00000;0.78592
1.50000;1.09882
1.75000;1.22527
2.00000;1.35586
2.50000;1.58468
3.00000;1.79764
3.50000;2.07064
4.00000;2.36355
5.00000;2.94943
5.50000;3.22232
5.75000;3.34885
6.00000;3.48348
6.99792;4.05000
