"MID";"WAV"
0.50000;0.39424
1.50000;1.59255
1.75000;1.93421
2.00000;2.22773
2.50000;2.79074
3.50000;4.00104
3.75000;4.30651
4.00000;4.58811
4.50000;5.19930
5.50000;6.45770
5.75000;6.75122
6.00000;7.04476
6.50000;7.63157
7.50000;8.69774
7.75000;9.01523
8.00000;9.32137
8.50000;10.04049
9.50000;11.28676
9.75000;11.58030
10.00000;11.87409
10.50000;12.50828
11.49792;13.45000
