"MID";"WAV"
0.00000;0.00000
1.00000;1.58204
2.00000;3.16405
3.00000;4.77525
4.00000;6.41546
6.00000;9.37550
8.00000;12.42297
9.00000;13.94679
12.00000;18.69267
13.00000;20.18754
14.00000;21.79825
14.75000;22.88333
15.00000;23.29330
17.00000;26.51576
17.50000;27.33571
18.00000;28.12695
18.50000;28.94732
19.00000;29.79779
19.99792;31.75000
