"MID";"WAV"
0.00000;0.00000
2.00000;0.49493
4.00000;0.99369
7.00000;1.79161
11.00000;2.69383
12.00000;2.98754
13.00000;3.25687
14.00000;3.51800
15.00000;3.75282
16.00000;3.99062
16.99792;4.45000
