"MID";"WAV"
0.00000;0.00000
0.50000;0.43598
0.56250;0.50165
0.75000;0.70716
1.00000;0.98660
1.25000;1.25791
1.50000;1.52102
3.00000;3.15681
5.00000;5.26147
5.06250;5.32725
5.25000;5.52455
5.50000;5.78762
5.75000;6.05070
6.00000;6.31377
7.00000;7.29251
7.04583;7.34793
7.09167;7.40434
7.13750;7.46073
7.18333;7.51717
7.37500;7.77588
7.62500;8.09649
9.12292;9.55000
