"MID";"WAV"
0.50000;0.00405
0.75000;0.14990
1.00000;0.29580
1.50000;0.50480
2.00000;0.90104
2.12500;0.97837
2.25000;1.06429
2.37500;1.15032
2.50000;1.22765
3.00000;1.70234
4.50000;2.70848
4.75000;2.90213
5.00000;3.06117
5.25000;3.21141
5.50000;3.36598
5.75000;3.50749
6.00000;3.65774
6.25000;3.80795
6.50000;3.97121
6.75000;4.11277
7.00000;4.29784
7.25000;4.45244
7.50000;4.59831
7.75000;4.75288
8.00000;4.90312
8.24792;5.04998
