"MID";"WAV"
0.00000;0.00000
1.00000;0.40605
2.00000;0.79890
4.00000;1.54962
5.00000;1.90731
6.00000;2.24833
7.00000;2.61445
8.00000;2.95553
9.00000;3.31862
10.00000;3.70599
11.00000;4.05343
11.99792;4.34998
