"MID";"WAV"
0.00000;0.00000
1.50000;1.11671
3.00000;2.17343
3.50000;2.52566
4.00000;2.87794
4.50000;3.29014
5.00000;3.64243
6.00000;4.40223
7.50000;5.36354
9.00000;6.30877
9.50000;6.69250
10.00000;7.10474
10.50000;7.45697
11.49792;8.05000
