"MID";"WAV"
0.00000;0.10051
3.00000;0.69609
6.00000;1.39185
9.00000;2.00483
12.00000;2.59614
12.50000;2.70918
13.00000;2.81791
15.00000;3.26572
15.50000;3.37018
16.00000;3.48280
18.00000;3.81340
18.50000;3.92210
19.00000;4.03061
21.00000;4.40900
22.00000;4.63075
22.99792;4.84998
