"MID";"WAV"
1.00000;-0.00019
2.50000;0.80337
3.00000;1.31006
4.00000;2.14344
5.50000;3.25093
6.00000;3.69813
7.00000;4.59822
8.50000;5.75654
9.00000;6.18091
9.50000;6.55824
10.00000;6.94376
10.50000;7.30890
11.00000;7.66758
11.50000;8.00462
12.00000;8.40037
12.50000;8.81020
12.75000;8.99063
13.00000;9.18356
13.25000;9.38332
13.50000;9.58963
13.75000;9.79366
13.99792;9.95000
