"MID";"WAV"
0.00000;0.00000
3.00000;0.93758
6.00000;1.87516
8.00000;2.50021
9.00000;2.81274
10.00000;3.12527
11.00000;3.43780
12.00000;3.75033
15.00000;4.68791
18.00000;5.62549
20.00000;6.25054
21.00000;6.56307
22.00000;6.87560
23.00000;7.18813
23.99792;7.45000
