"MID";"WAV"
0.00000;0.00000
0.50000;0.19134
1.50000;0.57402
2.00000;0.76535
3.00000;1.14804
3.06250;1.17196
3.50000;1.33937
4.00000;1.53071
4.50000;1.72115
6.00000;2.20487
6.50000;2.40512
7.50000;2.81383
8.00000;3.01156
9.00000;3.31769
9.50000;3.50984
10.00000;3.71430
10.50000;3.91950
11.49792;4.34998
