"MID";"WAV"
0.00000;0.00000
1.50000;0.60038
3.00000;1.10369
4.50000;1.60697
6.00000;2.11064
7.50000;2.70456
9.00000;3.20183
10.50000;3.71090
12.00000;4.15944
13.50000;4.60245
15.00000;5.10571
16.50000;5.60297
18.00000;6.10670
19.49792;6.65000
