"MID";"WAV"
0.00000;0.12205
1.00000;0.61141
3.50000;1.74895
3.56250;1.78227
3.62500;1.81989
3.68750;1.84895
4.00000;1.99822
4.50000;2.20568
5.00000;2.40018
7.00000;3.39298
8.00000;3.83490
9.00000;4.28276
10.99792;5.05000
