"MID";"WAV"
0.00000;0.00000
0.75000;0.91621
1.00000;1.22161
4.00000;4.80383
4.75000;5.72415
5.00000;6.03125
7.00000;8.40818
9.00000;10.88988
11.00000;13.30696
12.00000;14.55779
13.00000;15.88936
13.99792;17.05000
