"MID";"WAV"
0.00000;0.00000
0.50000;0.41787
1.00000;0.85907
1.50000;1.30024
2.50000;2.10483
3.00000;2.49937
3.12500;2.60002
3.25000;2.69284
3.37500;2.80113
3.50000;2.90950
4.00000;3.38177
4.50000;3.79968
6.75000;5.80448
7.00000;5.99786
7.25000;6.20681
7.50000;6.42349
7.62500;6.52408
7.75000;6.62466
7.87500;6.73302
8.00000;6.84132
8.50000;7.20476
9.00000;7.60718
10.00000;8.60611
10.49792;9.05000
