"MID";"WAV"
0.00000;0.18974
4.00000;1.51003
6.00000;2.12598
8.00000;2.75453
11.00000;3.75729
12.00000;4.09367
13.00000;4.41123
14.00000;4.75375
15.00000;5.04636
16.00000;5.38233
17.00000;5.71872
19.00000;6.42297
20.00000;6.75328
21.00000;7.10209
21.99792;7.35000
