"MID";"WAV"
0.00000;0.00000
0.25000;0.13990
0.50000;0.27982
0.75000;0.41973
1.00000;0.55963
1.16667;0.65290
1.33333;0.74617
1.50000;0.83944
1.58333;0.88608
1.66667;0.93271
1.75000;0.97935
1.83333;1.02598
2.83333;1.58561
3.83333;2.14524
4.33333;2.42506
4.83333;2.70483
6.83333;3.80817
7.83333;4.31323
8.83333;4.81057
9.83333;5.30741
10.83333;5.75868
11.83333;6.26436
13.33333;7.08924
13.58333;7.24475
13.83333;7.40368
14.83125;8.25000
