"MID";"WAV"
0.00000;0.00000
0.25000;0.15004
0.50000;0.30008
1.00000;0.60016
1.25000;0.75019
1.50000;0.90024
2.00000;1.20031
2.25000;1.35036
2.50000;1.50040
3.00000;1.80047
3.25000;1.95051
3.50000;2.10055
4.00000;2.40063
4.25000;2.55067
4.50000;2.70070
5.00000;3.00077
5.25000;3.15082
5.50000;3.30086
6.00000;3.60094
6.50000;3.90101
6.75000;4.05105
7.00000;4.20110
7.25000;4.35113
7.50000;4.50117
7.75000;4.64494
7.99792;4.75002
