"MID";"WAV"
0.00000;0.00000
1.00000;0.72879
1.12500;0.81989
1.25000;0.91099
1.37500;0.98208
1.50000;1.07340
1.62500;1.20425
1.75000;1.29538
1.87500;1.38648
2.00000;1.47759
3.87500;2.88414
4.00000;3.04605
4.87500;3.63288
5.00000;3.76395
5.87500;4.42163
6.00000;4.51273
6.99792;5.05000
