"MID";"WAV"
0.00000;0.00000
2.00000;1.00654
3.00000;1.53309
4.00000;2.04397
6.00000;3.00393
8.00000;4.01816
10.00000;5.01698
11.00000;5.52881
12.00000;6.10954
14.00000;7.20903
15.99792;8.25000
