"MID";"WAV"
0.00000;0.00487
0.50000;0.14493
1.00000;0.27108
1.50000;0.41332
3.00000;0.93442
3.50000;1.10115
5.00000;1.41432
5.50000;1.60433
7.50000;2.02588
7.56250;2.04526
8.00000;2.18094
8.50000;2.33220
9.00000;2.41661
9.50000;2.56611
9.56250;2.58549
10.00000;2.71994
10.50000;2.85891
11.00000;3.05128
11.50000;3.20634
12.50000;3.51646
13.50000;3.82070
16.49792;4.35000
