"MID";"WAV"
0.00000;0.00000
1.00000;0.29379
1.50000;0.44068
2.00000;0.58758
3.00000;0.88137
3.50000;1.02827
4.00000;1.17515
5.00000;1.46894
5.50000;1.61583
6.00000;1.76432
7.00000;2.20048
8.00000;2.50299
9.00000;2.80465
9.50000;2.92941
10.00000;3.04781
10.50000;3.22007
11.00000;3.37134
11.50000;3.52314
12.00000;3.68635
12.50000;3.82532
13.00000;3.98161
13.50000;4.15377
14.00000;4.30215
15.99792;4.65000
