"MID";"WAV"
0.00000;0.00000
1.00000;0.37275
2.00000;0.74552
3.00000;1.11829
4.00000;1.49105
5.00000;1.86381
6.00000;2.23657
7.00000;2.60934
8.00000;2.98210
9.00000;3.35486
10.00000;3.72763
12.00000;4.40314
13.00000;4.75483
14.00000;5.14854
15.00000;5.50735
16.00000;5.89408
17.00000;6.26687
18.00000;6.63964
19.00000;7.01939
20.00000;7.37822
21.00000;7.76490
21.50000;7.95132
21.99792;8.14998
