"MID";"WAV"
0.00000;0.00000
1.50000;1.23362
2.50000;2.05604
3.00000;2.46723
4.00000;3.28965
4.50000;3.70086
5.50000;4.52327
6.00000;4.93447
7.00000;5.75689
7.50000;6.16783
8.99792;7.35000
