"MID";"WAV"
0.00000;0.04957
3.00000;0.55845
6.00000;1.21528
8.00000;1.58775
8.06250;1.59937
8.50000;1.68073
9.00000;1.77371
10.00000;1.99885
12.00000;2.39136
15.00000;2.98907
18.00000;3.62631
19.00000;3.83409
19.06250;3.85003
20.00000;4.03902
21.00000;4.22533
21.99792;4.45000
