"MID";"WAV"
0.00000;0.00000
2.00000;0.70918
2.50000;0.90731
3.00000;1.10545
3.50000;1.30362
4.00000;1.50178
6.00000;2.41424
7.50000;3.09214
8.00000;3.30070
9.00000;3.69180
10.00000;4.14017
11.00000;4.56259
12.00000;5.00583
14.00000;5.85555
14.99792;6.05000
