"MID";"WAV"
0.00000;0.00000
0.50000;0.62713
1.50000;1.91259
2.00000;2.53679
4.50000;5.70458
5.00000;6.14841
6.00000;7.36197
6.50000;7.91896
7.50000;9.13247
8.00000;9.68952
9.00000;10.94322
9.50000;11.57986
10.50000;12.73377
11.00000;13.37060
12.00000;14.64459
13.00000;16.12129
13.50000;16.77518
14.00000;17.51897
14.99792;18.55000
