"MID";"WAV"
0.00000;0.10513
0.50000;0.39881
1.00000;0.66806
1.50000;0.95110
2.00000;1.20618
2.50000;1.45728
3.50000;1.83500
3.75000;1.96608
4.00000;2.09715
4.25000;2.22822
4.50000;2.35930
5.00000;2.62145
5.50000;2.88358
6.00000;3.14573
6.50000;3.40705
7.24792;3.75000
