"MID";"WAV"
0.00000;0.00000
0.50000;0.24382
1.00000;0.48762
2.00000;0.97525
2.50000;1.21907
3.00000;1.46287
4.00000;1.95039
4.50000;2.18021
5.00000;2.41352
5.50000;2.65041
6.00000;2.89366
6.50000;3.09938
6.75000;3.21754
7.00000;3.32971
7.50000;3.59781
7.99792;3.85002
