"MID";"WAV"
1.00000;0.19686
2.00000;0.38755
3.00000;0.58133
4.00000;0.77512
5.00000;1.00888
6.00000;1.20266
9.00000;1.80396
10.00000;1.97775
11.00000;2.17156
12.00000;2.38530
13.00000;2.57911
14.00000;2.79273
15.99792;3.05000
