"MID";"WAV"
0.00000;0.00000
0.50000;0.24142
1.00000;0.50253
1.50000;0.75056
2.00000;0.99855
4.00000;1.93129
5.00000;2.41411
6.00000;2.89694
7.00000;3.40605
8.00000;3.90865
9.00000;4.40461
10.00000;4.90720
11.00000;5.40317
13.00000;6.30303
15.00000;7.30812
15.94792;7.64998
