"MID";"WAV"
0.00000;0.00000
0.50000;0.40006
1.00000;0.80012
1.50000;1.20020
2.00000;1.60025
2.50000;2.00031
4.50000;3.60055
5.00000;4.00063
5.50000;4.40068
6.00000;4.80074
6.50000;5.20080
8.50000;6.80106
9.00000;7.20112
9.50000;7.60117
10.00000;8.00124
10.50000;8.40129
11.00000;8.80135
11.50000;9.20142
12.00000;9.60149
12.50000;10.00155
13.00000;10.40129
13.49792;10.75000
