"MID";"WAV"
0.33333;0.17065
0.66667;0.29790
1.00000;0.44256
1.33333;0.59152
1.66667;0.74072
2.00000;0.89845
2.33333;1.05603
2.66667;1.20903
3.00000;1.35321
3.33333;1.48960
3.66667;1.63363
4.33333;1.90294
4.66667;2.07002
5.00000;2.24433
5.33333;2.40814
5.66667;2.59144
6.00000;2.76709
6.33333;2.94713
6.66667;3.12944
7.00000;3.29774
7.33333;3.48176
7.66667;3.68640
7.99792;4.05000
