"MID";"WAV"
0.00000;0.00000
1.00000;0.33218
3.00000;0.89475
4.00000;1.25362
7.00000;2.10595
8.00000;2.44290
9.00000;2.69277
10.00000;2.99934
11.00000;3.29765
12.00000;3.61905
16.00000;4.92788
17.00000;5.26463
19.00000;5.84087
20.00000;6.13845
23.00000;6.99142
23.99792;7.25000
