"MID";"WAV"
0.00000;0.00000
3.00000;1.25427
5.00000;2.06383
5.50000;2.29477
6.00000;2.57140
7.00000;3.01321
8.00000;3.43802
8.50000;3.74954
9.00000;4.08095
10.00000;4.50753
11.00000;4.89120
11.99792;5.25000
