"MID";"WAV"
0.00000;0.00000
0.50000;0.21597
1.00000;0.43193
1.50000;0.64790
1.62500;0.70188
1.75000;0.75588
1.87500;0.80987
2.00000;0.86386
2.06250;0.89086
2.12500;0.91785
2.50000;1.07982
3.00000;1.29579
3.50000;1.51176
4.00000;1.72772
4.50000;1.94369
5.00000;2.15965
5.50000;2.37562
5.62500;2.42961
5.75000;2.48360
5.87500;2.53759
6.00000;2.59159
6.06250;2.61857
6.12500;2.64557
6.50000;2.80755
7.00000;3.02343
7.99792;3.45000
