"MID";"WAV"
0.00000;0.00000
0.50000;0.34511
1.50000;0.89538
2.50000;1.44205
3.00000;1.71181
3.12500;1.78805
3.25000;1.85388
3.37500;1.93010
3.50000;1.99592
4.50000;2.49602
4.75000;2.62368
5.00000;2.74077
5.25000;2.84709
5.50000;2.95679
5.75000;3.06654
6.00000;3.19042
6.25000;3.30041
6.50000;3.41370
6.75000;3.54467
7.00000;3.67596
7.25000;3.80724
7.50000;3.93853
7.99792;4.15000
