"MID";"WAV"
0.00000;0.00000
1.00000;1.20421
2.75000;2.90850
3.00000;3.25544
4.00000;4.31450
5.00000;5.58007
7.00000;8.28983
7.75000;9.16595
8.00000;9.46098
9.00000;10.64109
10.00000;11.82122
11.00000;12.94040
11.94792;14.05000
