MID;WAV
0.00000;0.00000
1.00000;1.70675
2.50000;4.32191
3.00000;5.21655
3.50000;6.11120
4.00000;7.01961
5.00000;8.80891
6.00000;10.50188
6.50000;11.28644
6.62500;11.52387
6.75000;11.78881
6.87500;12.05376
7.00000;12.29118
8.00000;14.19059
8.94792;16.05000
