"MID";"WAV"
0.00000;0.00000
1.00000;0.28466
1.50000;0.42699
2.50000;0.71165
3.00000;0.85358
4.00000;1.12120
4.50000;1.26278
5.50000;1.52713
6.00000;1.67565
7.00000;1.92289
7.50000;2.06347
8.50000;2.32216
9.00000;2.48049
10.00000;2.72588
10.50000;2.87386
11.50000;3.14075
12.00000;3.29991
12.99792;3.65000
