"MID";"WAV"
0.00000;0.00000
1.00000;0.38670
2.00000;0.77345
3.00000;1.22007
4.00000;1.52694
7.00000;2.72705
7.50000;2.91037
8.00000;3.08861
8.50000;3.27630
9.00000;3.47102
9.50000;3.67430
10.00000;3.86725
10.50000;4.04626
11.00000;4.21131
11.50000;4.37612
12.00000;4.57275
12.50000;4.74495
13.00000;4.93930
13.50000;5.11853
14.00000;5.30506
14.99792;6.05000
