"MID";"WAV"
0.00000;0.00000
0.50000;0.44639
1.00000;0.95275
1.50000;1.43916
2.00000;1.94553
2.50000;2.51186
3.50000;3.50467
4.00000;4.01106
4.50000;4.51743
4.56250;4.58073
5.00000;5.04383
5.50000;5.57018
6.00000;6.05659
6.50000;6.56186
7.00000;7.02936
7.50000;7.51573
7.99792;8.05000
