"MID";"WAV"
0.00000;0.10667
0.50000;0.54843
1.00000;0.81699
1.50000;1.28557
3.00000;2.65105
3.25000;2.80528
3.50000;2.97956
4.00000;3.46196
4.50000;3.91065
5.00000;4.40006
5.99792;5.75000
