"MID";"WAV"
0.00000;0.00000
1.00000;0.28187
2.00000;0.56374
3.00000;0.84561
5.00000;1.39081
5.50000;1.52643
6.00000;1.65945
6.50000;1.80038
7.00000;1.94131
7.50000;2.08756
8.00000;2.23376
8.50000;2.36412
9.00000;2.51564
10.00000;2.79752
10.99792;3.05000
