"MID";"WAV"
0.00000;0.00000
0.25000;0.17066
1.00000;0.56217
1.25000;0.67402
2.00000;1.06294
2.25000;1.15717
3.00000;1.52957
3.25000;1.66033
4.00000;2.01275
4.25000;2.14355
5.00000;2.53594
5.25000;2.66674
6.00000;3.05913
6.25000;3.18993
7.00000;3.58232
7.25000;3.69663
8.00000;3.96898
8.25000;4.05643
9.00000;4.44870
9.25000;4.57950
9.74792;5.05000
