"MID";"WAV"
0.00000;0.00000
0.25000;0.10004
0.50000;0.20008
0.75000;0.30010
1.00000;0.40014
1.25000;0.50017
1.50000;0.60021
1.75000;0.70024
2.00000;0.80028
2.25000;0.90031
2.50000;1.00035
2.75000;1.10039
3.00000;1.20041
3.50000;1.40049
4.00000;1.60055
4.50000;1.80063
5.00000;2.00069
5.50000;2.19592
5.99792;2.35000
