"MID";"WAV"
0.00000;0.00000
1.00000;0.20158
3.00000;0.59399
5.00000;1.09587
7.00000;1.59110
7.50000;1.69032
8.00000;1.78708
8.50000;1.88376
9.00000;1.98046
10.00000;2.09150
11.00000;2.25227
11.50000;2.32498
12.00000;2.42061
12.50000;2.51730
13.00000;2.61400
15.00000;3.00077
15.99792;3.25000
