"MID";"WAV"
0.00000;0.00000
1.00000;0.64675
2.00000;1.29352
4.00000;2.58698
5.00000;3.20796
6.00000;3.88067
8.00000;5.28617
9.00000;5.89835
10.00000;6.51084
12.00000;7.86450
12.50000;8.17068
13.50000;8.80027
14.00000;9.12300
14.99792;9.65000
