"MID";"WAV"
0.00000;0.00000
0.75000;0.69506
1.00000;1.05637
1.50000;1.78607
1.75000;2.30131
2.00000;2.65583
2.25000;3.03105
2.50000;3.41321
3.00000;4.21392
3.50000;5.09945
4.00000;5.80248
4.50000;6.70872
5.00000;7.51179
5.49792;8.05000
