"MID";"WAV"
0.00000;0.00000
3.50000;1.93694
4.00000;2.21364
4.50000;2.49034
4.56250;2.67542
8.00000;4.40614
8.50000;4.67564
9.00000;4.90994
9.50000;5.17233
10.00000;5.44897
10.50000;5.71159
11.00000;5.95293
11.50000;6.23648
12.00000;6.49213
12.50000;6.79680
13.00000;7.08781
13.50000;7.40691
13.56250;7.76472
14.99792;8.25000
