"MID";"WAV"
0.50000;0.31158
0.75000;0.46739
1.00000;0.62318
1.50000;0.93476
2.00000;1.24635
2.50000;1.55794
3.50000;2.18111
3.75000;2.33691
4.00000;2.49271
4.50000;2.80429
5.00000;3.11589
5.50000;3.42747
6.00000;3.73906
7.00000;4.36224
8.50000;5.29699
9.00000;5.60858
10.00000;6.20401
11.50000;7.01424
12.00000;7.31197
12.99792;8.05000
