"MID";"WAV"
0.00000;0.00000
0.50000;0.14093
1.00000;0.28187
1.50000;0.42281
2.00000;0.56374
2.50000;0.70468
3.00000;0.84561
3.50000;0.98655
4.00000;1.12748
4.50000;1.26842
5.00000;1.40406
5.50000;1.53702
6.00000;1.66741
6.50000;1.80568
7.00000;1.93866
7.50000;2.07959
8.00000;2.21788
8.50000;2.35086
9.00000;2.49179
9.50000;2.62745
10.00000;2.76573
10.99792;3.05000
