"MID";"WAV"
0.00000;0.10308
1.00000;1.77993
1.50000;2.66129
2.00000;3.49108
2.50000;4.28655
3.00000;5.09917
4.50000;7.50264
5.50000;8.99057
6.00000;9.78598
7.00000;11.30803
7.50000;12.01754
8.00000;12.70993
8.50000;13.42035
9.00000;14.42135
10.50000;16.80800
11.99792;19.45000
