"MID";"WAV"
0.00000;0.00000
1.00000;0.39380
4.00000;1.57520
7.00000;2.80502
7.50000;3.00732
8.00000;3.20961
8.50000;3.39585
9.00000;3.58733
9.50000;3.77350
10.00000;3.96499
11.00000;4.34804
12.00000;4.75246
13.00000;5.11962
15.99792;6.25000
