"MID";"WAV"
0.00000;0.19667
1.25000;0.70512
1.50000;0.83761
3.00000;1.49265
4.25000;2.00294
4.50000;2.09614
6.00000;2.70008
7.25000;3.11092
7.50000;3.22571
9.00000;3.84824
11.99792;4.85000
