"MID";"WAV"
0.00000;0.18085
1.50000;0.49640
2.00000;0.61699
4.00000;0.99404
5.50000;1.36749
6.00000;1.49099
8.00000;1.86807
9.50000;2.22571
10.00000;2.31160
11.00000;2.54351
12.00000;2.78200
12.99792;2.95000
