"MID";"WAV"
0.00000;0.00000
0.50000;0.70332
1.00000;1.48918
1.50000;2.24419
2.00000;3.00932
2.50000;3.71246
4.00000;5.69809
4.25000;6.04963
4.50000;6.39063
5.00000;7.00109
5.50000;7.70389
6.00000;8.30408
6.50000;9.00685
7.50000;10.21712
8.00000;10.89946
8.49792;11.55000
