"MID";"WAV"
0.00000;0.10111
0.75000;1.10249
1.00000;1.69792
1.50000;2.50000
2.25000;3.29119
2.50000;3.60766
2.75000;3.94848
3.00000;4.29078
3.50000;4.80431
4.25000;5.40369
4.50000;5.61408
4.75000;5.84782
5.00000;6.10119
5.25000;6.38558
5.50000;6.62351
5.75000;6.88457
6.00000;7.11462
6.25000;7.39124
6.50000;7.66013
6.75000;7.91346
7.00000;8.15125
7.50000;8.69676
7.99792;9.04998
