"MID";"WAV"
0.00000;0.14419
0.37500;1.59144
0.50000;2.12195
1.00000;3.84387
2.00000;6.82782
2.37500;8.31926
2.50000;8.86971
3.00000;10.59163
4.00000;13.78961
4.37500;15.30701
4.50000;15.73751
4.75000;16.45843
5.00000;17.09948
5.50000;18.64136
6.12500;20.79375
6.25000;21.18422
6.37500;21.59475
6.50000;22.02521
6.99792;24.05000
