"MID";"WAV"
0.00000;0.00000
0.75000;0.28751
1.00000;0.37016
2.50000;0.96525
3.00000;1.21026
3.75000;1.53782
4.00000;1.64033
5.50000;2.17547
6.00000;2.38052
6.75000;2.68795
7.00000;2.75526
7.75000;3.05815
8.00000;3.13186
8.75000;3.36831
9.00000;3.47084
9.99792;4.05000
