"MID";"WAV"
1.50000;0.60271
2.00000;0.81351
2.25000;1.02754
2.50000;1.18937
2.75000;1.35064
3.00000;1.50070
3.50000;1.80078
4.00000;2.10084
4.50000;2.40092
4.75000;2.55965
5.00000;2.73580
5.50000;3.00187
6.00000;3.30447
6.50000;3.60019
7.00000;3.95257
7.50000;4.29187
8.00000;4.59489
8.49792;5.05000
