"MID";"WAV"
0.00000;0.00000
2.00000;5.70138
2.25000;6.39946
2.50000;7.05129
2.75000;7.63376
2.87500;7.97137
3.00000;8.37817
4.50000;11.80286
5.00000;12.94440
5.50000;14.08615
6.00000;15.36659
7.00000;17.78877
7.25000;18.41727
7.50000;18.97667
7.75000;19.58186
8.00000;20.09463
8.25000;20.53878
8.50000;21.23657
8.75000;21.81970
9.00000;22.60992
9.75000;24.51915
9.87500;24.83349
10.00000;25.14773
10.49792;26.35000
