"MID";"WAV"
0.00000;0.11692
2.00000;1.89996
5.50000;4.90704
6.00000;5.42213
8.00000;7.30755
11.50000;10.47540
12.00000;10.97595
14.00000;12.61289
17.50000;16.04372
18.00000;16.50047
18.99792;17.05000
