"MID";"WAV"
0.00000;0.00000
1.00000;0.50006
2.00000;1.00014
3.00000;1.50021
4.00000;2.00028
5.00000;2.50035
6.00000;3.00042
7.00000;3.50048
7.50000;3.75052
8.00000;4.00055
9.00000;4.50063
10.00000;5.00069
11.00000;5.50077
11.50000;5.75080
12.00000;6.00084
14.00000;7.00032
14.99792;7.45000
