"MID";"WAV"
0.00000;0.08991
1.00000;0.48786
4.00000;1.70711
4.75000;2.06054
5.00000;2.13951
5.50000;2.35455
6.00000;2.53115
6.75000;2.84437
7.00000;2.94261
7.50000;3.15808
8.00000;3.35440
8.75000;3.68756
9.00000;3.78620
9.50000;4.02109
10.00000;4.21800
10.75000;4.54528
11.00000;4.63065
11.50000;4.84502
12.00000;5.04817
12.50000;5.25182
12.99792;5.45000
