"MID";"WAV"
0.00000;0.00000
1.00000;0.38340
2.00000;0.74456
3.00000;1.11015
4.00000;1.39360
6.00000;2.16036
7.00000;2.50377
8.00000;2.86723
9.00000;3.25060
10.00000;3.61401
10.50000;3.82566
11.00000;4.05505
11.99792;4.55000
