"MID";"WAV"
0.00000;0.10325
0.25000;0.21137
0.50000;0.31640
0.75000;0.42447
1.00000;0.53599
1.25000;0.64457
1.50000;0.77603
1.75000;0.90855
2.00000;1.05099
2.25000;1.20695
2.50000;1.37034
2.75000;1.50858
3.00000;1.65100
3.25000;1.79085
3.50000;1.93972
3.75000;2.08349
4.00000;2.24175
4.25000;2.39002
4.50000;2.53650
4.75000;2.68298
5.00000;2.82945
5.25000;2.97592
5.50000;3.12239
5.75000;3.26886
6.00000;3.41533
6.50000;3.70828
6.99792;3.95000
