MID;WAV
0.00000;0.00000
0.50000;1.41931
0.62500;1.77414
0.75000;2.12896
0.87500;2.48379
1.00000;2.83862
1.75000;4.61704
2.00000;5.39945
3.50000;8.50273
4.00000;9.63076
4.50000;11.09801
4.62500;11.30306
4.75000;11.50669
4.87500;11.71032
5.00000;11.89810
5.75000;13.29644
6.00000;13.87435
7.42292;16.85000
