"MID";"WAV"
0.00000;0.00000
0.25000;0.10767
0.50000;0.20144
1.00000;0.41008
1.25000;0.52147
1.50000;0.63677
2.00000;0.89474
2.25000;1.02661
2.50000;1.15182
3.00000;1.50796
3.50000;1.85199
4.50000;2.44884
4.75000;2.56716
5.00000;2.70398
5.49792;3.25000
