"MID";"WAV"
0.00000;0.00000
4.00000;1.40072
7.00000;2.50088
8.00000;2.84120
9.00000;3.30839
11.00000;4.09230
12.00000;4.46437
13.00000;4.82056
13.50000;4.99863
14.00000;5.18459
15.00000;5.54869
16.00000;5.89698
17.00000;6.28471
19.00000;7.00506
20.00000;7.40079
21.00000;7.76500
21.50000;7.96667
22.00000;8.15289
23.00000;8.50912
24.00000;8.90478
24.99792;9.24998
