"MID";"WAV"
0.50000;1.45522
0.87500;2.54662
1.00000;2.91043
2.00000;5.73598
2.37500;6.77081
2.50000;7.10637
3.50000;9.45121
4.00000;11.07579
4.50000;12.55936
6.50000;18.49336
6.75000;19.41847
6.87500;19.83919
7.87500;22.72157
8.25000;23.75648
8.37500;24.09209
9.37500;27.00230
9.87500;28.42927
10.37500;29.99739
11.37292;33.05000
