"MID";"WAV"
0.00000;0.00000
2.50000;2.57847
2.62500;2.70445
2.75000;2.84239
2.87500;2.98032
3.00000;3.09418
3.75000;3.94609
3.87500;4.08403
4.00000;4.20994
8.25000;8.31019
8.50000;8.64184
8.75000;8.89378
9.00000;9.12562
9.25000;9.37747
9.50000;9.62929
9.75000;9.84457
10.00000;10.07294
11.12500;11.11739
11.25000;11.21211
11.37500;11.33795
11.50000;11.43440
11.75000;11.65980
11.87500;11.78574
12.00000;11.94778
13.99792;14.05000
