"MID";"WAV"
0.00000;0.00000
4.00000;1.29964
6.00000;1.89926
8.00000;2.60638
12.00000;3.99217
14.00000;4.61344
16.00000;5.30614
18.00000;5.90615
20.00000;6.60573
22.00000;7.38434
23.50000;7.98818
23.99792;8.35000
