"MID";"WAV"
0.00000;0.00000
1.00000;2.54903
1.25000;3.27989
1.37500;3.47780
1.45833;3.71497
1.54167;4.01132
1.70833;4.52516
1.87500;5.19653
2.62500;7.29095
2.75000;7.64675
2.87500;8.04159
3.37500;9.30636
3.87500;10.70921
4.37500;12.11202
4.62500;12.80394
4.87500;13.61368
5.37500;15.01655
5.62500;15.72778
5.87500;16.41903
6.37500;17.64467
6.62500;18.39513
6.87500;19.04764
7.12500;19.81810
7.37500;20.56958
7.87292;22.35000
