"MID";"WAV"
0.00000;0.00000
1.50000;0.31043
2.00000;0.45759
2.50000;0.60934
3.00000;0.74757
6.00000;1.49978
6.06250;1.52226
6.12500;1.54916
7.50000;1.92783
8.00000;2.09739
8.50000;2.24486
9.00000;2.40553
12.00000;3.53312
12.50000;3.68098
13.00000;3.82823
13.50000;3.97546
15.00000;4.41718
15.50000;4.56441
16.00000;4.71166
16.50000;4.85889
17.99792;5.25000
