"MID";"WAV"
0.00000;0.00000
1.00000;0.82247
2.00000;2.18478
2.50000;2.72603
3.00000;3.30724
3.50000;3.88848
4.00000;4.50964
4.50000;5.13088
5.24792;6.05000
