"MID";"WAV"
0.00000;0.10043
0.75000;2.16987
1.00000;2.57790
2.50000;6.06470
3.00000;7.07361
3.50000;8.06642
3.75000;8.61887
4.00000;9.11133
4.25000;9.69890
7.00000;15.95661
8.50000;19.01596
9.00000;19.99546
9.50000;20.96964
9.75000;21.57034
10.00000;22.09081
11.00000;24.25270
12.00000;26.32263
12.99792;27.55000
