"MID";"WAV"
0.00000;0.10077
1.00000;0.55663
2.00000;0.99337
4.00000;1.94669
6.00000;2.84000
8.00000;3.69335
10.00000;4.56340
10.06250;4.57830
10.12500;4.59353
10.18750;4.61618
10.25000;4.64597
10.50000;4.76479
11.00000;4.96348
11.06250;4.99326
11.12500;5.02306
11.18750;5.05285
11.25000;5.08205
11.50000;5.14142
12.00000;5.32016
12.06250;5.34995
12.12500;5.37975
12.18750;5.40953
12.25000;5.43871
12.50000;5.51812
13.00000;5.71650
13.50000;5.91502
14.00000;6.13352
16.00000;7.08802
16.99792;7.75000
