"MID";"WAV"
0.00000;0.00000
0.37500;1.25432
0.50000;1.67220
0.75000;2.31216
1.00000;3.21024
2.00000;5.80068
2.37500;7.39632
2.50000;7.88634
2.75000;8.70214
3.00000;9.59039
3.49792;11.65000
