"MID";"WAV"
0.00000;0.19735
0.75000;1.19446
0.87500;1.34950
1.00000;1.50455
1.75000;2.38636
1.87500;2.53530
2.00000;2.67214
2.75000;3.49332
2.87500;3.64231
3.00000;3.79738
3.25000;4.10122
3.50000;4.32029
3.75000;4.55152
4.00000;4.79490
4.25000;5.05055
4.50000;5.34244
4.75000;5.62218
5.00000;5.89581
5.25000;6.15131
5.50000;6.41276
5.75000;6.65697
5.87292;6.85000
