"MID";"WAV"
0.00000;0.00000
0.75000;0.44356
1.00000;0.59142
3.00000;1.77424
3.06250;1.81120
3.25000;1.92209
3.50000;2.06993
3.75000;2.21779
4.00000;2.36550
5.00000;2.90820
6.00000;3.40283
6.06250;3.43956
6.25000;3.53836
6.50000;3.67447
6.75000;3.83424
7.00000;3.98257
7.75000;4.51643
8.00000;4.65259
8.75000;5.12037
9.00000;5.27421
9.75000;5.72407
10.00000;5.88397
11.00000;6.50487
11.49792;6.75000
