"MID";"WAV"
0.00000;0.00000
0.25000;0.10971
0.50000;0.21941
0.75000;0.32912
1.25000;0.54853
2.00000;0.87477
2.25000;0.98445
2.50000;1.09416
2.75000;1.19823
3.25000;1.40034
4.00000;1.74921
4.25000;1.85643
4.50000;1.96324
4.75000;2.07005
5.25000;2.28932
6.00000;2.59859
6.25000;2.71585
6.50000;2.83425
6.75000;2.94465
7.25000;3.13906
7.74792;3.35000
