"MID";"WAV"
0.00000;0.00000
1.00000;0.17477
1.50000;0.29855
2.00000;0.42459
2.50000;0.54986
3.00000;0.68019
4.00000;1.01734
4.25000;1.08763
4.50000;1.15750
4.75000;1.22735
5.00000;1.29721
6.00000;1.67539
6.25000;1.74652
6.50000;1.81638
6.75000;1.88623
7.00000;1.95610
7.49792;2.15000
