"MID";"WAV"
0.00000;0.00000
1.50000;2.01111
1.75000;2.37078
2.00000;2.67759
2.37500;3.07628
2.50000;3.24109
2.87500;3.58195
3.00000;3.76358
3.37500;4.30769
3.50000;4.50596
3.87500;4.99996
4.00000;5.19629
5.00000;6.70382
5.75000;7.98929
6.00000;8.36267
6.49792;9.05000
