"MID";"WAV"
0.00000;0.11615
0.50000;1.14708
1.37500;2.84936
1.50000;3.06118
2.00000;3.94834
2.50000;4.97534
4.00000;7.75037
4.50000;8.80355
5.37500;10.28629
5.50000;10.57339
6.00000;11.28484
6.50000;12.20777
7.49792;14.75000
