"MID";"WAV"
0.00000;0.00000
0.25000;0.15941
0.50000;0.31884
0.75000;0.47826
1.00000;0.63767
1.25000;0.79708
1.50000;0.95651
1.75000;1.11592
2.00000;1.27533
2.25000;1.43474
2.50000;1.59417
2.75000;1.75359
3.00000;1.91300
3.25000;2.07242
3.50000;2.23183
3.75000;2.39125
4.00000;2.55066
4.25000;2.71009
4.50000;2.86950
4.75000;3.02891
5.00000;3.18832
5.25000;3.34775
5.50000;3.50716
5.75000;3.66658
6.00000;3.82599
7.99792;5.05002
