"MID";"WAV"
0.00000;0.00000
0.75000;0.18920
1.00000;0.35677
2.00000;0.85778
2.75000;1.06712
3.00000;1.17675
4.00000;1.61566
6.00000;2.49344
6.75000;2.72268
7.00000;2.83240
8.00000;3.31131
8.75000;3.64050
9.00000;3.75023
10.00000;4.18914
10.75000;4.51834
11.00000;4.62806
12.00000;5.06703
13.89792;6.05000
