"MID";"WAV"
0.00000;0.00000
2.00000;0.82370
3.00000;1.30388
5.00000;2.29974
6.00000;2.73893
7.00000;3.26018
8.00000;3.76592
9.00000;4.27166
10.00000;4.77740
11.00000;5.28319
12.00000;5.80052
15.00000;7.41268
17.99792;8.85000
