"MID";"WAV"
0.50000;0.31898
1.00000;0.63799
1.50000;0.95697
2.00000;1.27596
2.50000;1.59504
3.00000;1.94523
3.25000;2.10483
3.50000;2.27990
3.75000;2.44456
4.00000;2.60396
5.00000;3.18992
5.12500;3.26965
5.25000;3.34940
5.37500;3.42915
5.50000;3.50890
5.62500;3.58865
5.75000;3.66839
5.87500;3.74814
6.00000;3.82788
7.25000;4.62537
7.50000;4.78486
7.75000;4.94436
8.00000;5.10385
8.25000;5.26335
8.50000;5.42284
8.75000;5.58234
9.00000;5.74083
9.24792;5.85000
