"MID";"WAV"
0.00000;0.19291
3.00000;1.19200
6.00000;2.19098
9.00000;3.10126
11.50000;3.80619
12.00000;3.95473
12.50000;4.12368
13.00000;4.28232
13.50000;4.43606
14.00000;4.61019
14.50000;4.76896
15.00000;4.93310
15.50000;5.11212
16.00000;5.26041
16.50000;5.40896
17.00000;5.57287
17.50000;5.73580
17.99792;5.85000
