"MID";"WAV"
0.00000;0.00000
1.00000;0.20055
2.00000;0.39854
3.00000;0.62027
4.00000;0.82613
5.00000;0.99756
6.00000;1.20083
7.00000;1.40404
8.00000;1.59930
9.00000;1.80250
10.00000;1.99783
11.00000;2.20104
12.00000;2.39907
13.00000;2.70530
14.49792;3.05000
