"MID";"WAV"
0.00000;0.00000
0.50000;0.26565
1.00000;0.53134
4.00000;2.20114
4.50000;2.45268
5.00000;2.69099
8.00000;4.23573
8.50000;4.47366
9.00000;4.71018
9.50000;4.90628
10.00000;5.10317
10.50000;5.31308
11.00000;5.51634
11.50000;5.72112
12.00000;5.95716
12.75000;6.26454
13.00000;6.42378
13.25000;6.57051
13.50000;6.72548
13.74792;6.95000
