"MID";"WAV"
0.00000;0.12855
1.00000;0.45519
2.00000;0.75268
3.00000;1.06608
4.00000;1.38863
5.00000;1.71300
6.50000;2.13951
6.66667;2.20401
6.83333;2.28850
7.00000;2.35321
7.99792;2.85000
