"MID";"WAV"
0.00000;0.00000
0.50000;0.13574
1.00000;0.27147
2.00000;0.54294
2.50000;0.67867
3.00000;0.81441
4.00000;1.08587
4.50000;1.22161
5.00000;1.35735
6.00000;1.62881
6.50000;1.76454
7.00000;1.90008
8.00000;2.15737
8.50000;2.28283
9.00000;2.41420
10.00000;2.62735
10.50000;2.77030
11.00000;2.91531
12.00000;3.15267
12.50000;3.29174
13.00000;3.42884
13.99792;3.75000
