"MID";"WAV"
0.50000;0.17592
1.00000;0.35533
1.50000;0.54027
2.00000;0.69392
2.50000;0.86722
3.00000;1.06046
3.25000;1.15716
3.50000;1.25387
3.75000;1.33109
4.50000;1.71963
5.00000;1.91410
5.50000;2.08800
6.00000;2.28092
6.50000;2.47433
7.00000;2.64834
7.25000;2.74445
7.50000;2.85988
7.75000;2.95786
7.99792;3.25000
