"MID";"WAV"
0.00000;0.10308
0.25000;0.36694
1.12500;2.33677
1.25000;2.51277
1.68750;3.30236
1.75000;3.51640
2.18750;4.36566
2.25000;4.53295
3.12500;6.37586
3.25000;6.62444
3.68750;7.40602
3.75000;7.61165
4.18750;8.42984
4.25000;8.67166
4.75000;9.71611
5.75000;11.60521
5.87500;11.87162
6.00000;12.13556
6.12500;12.41098
6.25000;12.67514
6.48542;13.35000
