"MID";"WAV"
0.00000;0.00000
0.25000;0.13048
0.50000;0.26097
0.75000;0.39142
1.50000;0.76965
1.75000;0.90008
2.00000;1.02528
2.25000;1.15038
3.00000;1.50758
3.25000;1.64328
3.50000;1.77371
3.75000;1.90143
4.50000;2.25574
4.75000;2.37563
5.00000;2.49863
5.25000;2.64268
5.74792;2.95000
