"MID";"WAV"
0.00000;0.00000
0.75000;0.70376
0.83333;0.79118
0.91667;0.87857
1.00000;1.49804
2.75000;2.70282
3.00000;2.95604
3.75000;3.80050
3.87500;3.92369
4.00000;4.04652
5.75000;5.79915
6.00000;6.10192
6.75000;6.87281
7.00000;7.14304
7.75000;7.88873
8.00000;8.15066
8.75000;8.98665
9.00000;9.26542
9.24792;9.65000
