"MID";"WAV"
0.00000;0.00000
0.50000;0.33673
2.00000;1.66692
2.50000;2.10696
4.00000;3.37381
4.50000;3.75054
5.50000;4.62400
6.50000;5.52386
8.00000;6.82765
8.50000;7.29635
10.00000;8.63455
10.50000;9.07126
12.00000;10.36210
12.50000;10.83814
13.50000;11.63164
14.50000;12.50923
14.99792;13.05000
