"MID";"WAV"
0.00000;0.00000
2.00000;2.62709
4.00000;5.59415
6.00000;8.44124
8.00000;11.38830
10.00000;14.33539
11.00000;15.78890
11.75000;16.89408
12.00000;17.32247
14.00000;20.26960
14.99792;22.05000
