"MID";"WAV"
0.00000;0.00000
0.50000;0.90024
1.00000;1.80048
1.50000;2.68841
2.00000;3.51485
2.50000;4.31661
3.00000;5.19218
3.50000;6.16612
4.00000;7.01732
4.50000;7.92979
5.00000;8.79317
5.50000;9.70566
6.00000;10.59362
6.25000;10.97016
6.50000;11.34644
6.75000;11.72269
7.00000;12.12347
7.75000;13.30155
7.99792;14.35002
