"MID";"WAV"
0.00000;0.10077
0.50000;0.49554
1.00000;0.89031
1.50000;1.23780
2.00000;1.60196
2.50000;2.03448
3.00000;2.42181
3.50000;2.79108
4.00000;3.18913
4.50000;3.57991
5.00000;3.97034
5.50000;4.35664
5.99792;4.85000
