"MID";"WAV"
0.50000;0.55758
0.75000;0.74253
1.00000;0.92748
1.50000;1.27650
2.00000;1.62098
2.50000;1.95531
2.75000;2.11937
3.00000;2.28856
3.50000;2.53874
4.00000;2.90858
4.50000;3.25572
4.75000;3.42496
5.00000;3.59411
5.50000;3.85466
6.00000;4.17785
6.25000;4.37416
6.50000;4.57451
7.50000;5.27301
7.75000;5.46830
8.00000;5.65424
8.24792;5.95000
