"MID";"WAV"
0.00000;0.10726
1.00000;0.31686
3.00000;0.55922
4.00000;0.74552
6.00000;1.03839
7.00000;1.24485
9.00000;1.74720
10.00000;1.92684
13.00000;2.14865
14.00000;2.32934
15.00000;2.51571
16.00000;2.58839
17.00000;2.72855
18.00000;2.93243
19.00000;3.12124
21.99792;4.05002
