"MID";"WAV"
0.00000;0.00000
0.75000;0.31411
1.00000;0.41880
2.00000;0.83761
2.75000;1.15171
3.00000;1.25641
4.00000;1.67522
4.75000;1.98933
5.00000;2.09402
7.75000;3.24574
8.00000;3.35043
8.75000;3.66454
9.00000;3.76924
9.06250;3.79541
10.00000;4.18804
10.75000;4.50215
11.00000;4.60684
11.06250;4.63329
12.00000;5.05009
12.75000;5.37589
13.00000;5.47525
14.00000;5.93538
15.99792;6.65000
