"MID";"WAV"
0.00000;0.10359
1.00000;1.31132
1.75000;2.20957
1.87500;2.33312
2.00000;2.48724
2.50000;3.10406
3.00000;3.72087
4.00000;4.92601
5.00000;6.14805
5.75000;6.95091
5.87500;7.09959
6.00000;7.25376
6.50000;7.81265
7.00000;8.38432
7.50000;8.99512
8.00000;9.81062
8.99792;10.85000
