"MID";"WAV"
0.00000;0.00000
2.00000;0.60915
3.00000;0.91371
4.00000;1.21220
5.00000;1.51067
6.00000;1.80314
7.00000;2.10140
8.00000;2.35763
8.50000;2.50378
9.00000;2.64423
9.50000;2.80817
10.00000;2.93606
12.00000;3.45516
12.50000;3.63146
13.00000;3.79508
15.00000;4.30810
15.50000;4.47890
16.00000;4.66042
18.00000;5.20906
19.00000;5.50160
20.00000;5.80000
21.00000;6.09695
21.99792;6.65000
