"MID";"WAV"
0.00000;0.00000
1.00000;0.11685
2.00000;0.22640
3.00000;0.33833
4.00000;0.45402
6.00000;0.70560
8.00000;0.95149
9.00000;1.05849
10.00000;1.16498
11.00000;1.28874
12.00000;1.39788
16.00000;1.86338
17.00000;2.02344
18.00000;2.12308
19.00000;2.22386
20.00000;2.32997
22.00000;2.58904
24.00000;2.81543
25.00000;2.92247
26.00000;3.02478
27.00000;3.11520
28.00000;3.20795
28.99792;3.45000
