"MID";"WAV"
0.00000;0.00000
3.00000;0.93491
6.00000;1.80916
9.00000;2.69571
12.00000;3.63682
15.00000;4.60198
16.00000;4.90740
17.00000;5.20092
18.00000;5.50117
20.00000;6.19675
21.00000;6.50793
21.49792;6.64998
