"MID";"WAV"
0.00000;0.00000
1.00000;1.40213
2.50000;3.48745
3.00000;4.40413
3.50000;5.30663
4.00000;6.33214
5.00000;8.16025
6.00000;9.86834
7.00000;11.43650
8.50000;13.98537
9.00000;14.81817
9.50000;15.70626
10.00000;17.22004
11.00000;19.23135
11.49792;20.25002
