"MID";"WAV"
0.00000;0.00000
2.00000;0.90473
2.25000;1.00194
2.50000;1.09906
2.75000;1.20838
3.00000;1.31759
3.50000;1.49379
4.00000;1.71244
5.00000;2.14380
8.00000;3.70372
10.00000;4.49950
10.25000;4.60882
10.50000;4.71830
10.75000;4.83326
11.00000;4.93663
11.50000;5.14979
12.00000;5.40388
13.00000;5.79726
13.99792;6.75000
