"MID";"WAV"
0.25000;0.10628
0.50000;0.21256
0.75000;0.31884
1.00000;0.42511
1.25000;0.53139
1.50000;0.63767
1.75000;0.74395
2.00000;0.85022
2.25000;0.95650
2.50000;1.06277
2.75000;1.16906
3.00000;1.27533
3.25000;1.38161
3.50000;1.48789
3.75000;1.59417
4.00000;1.70044
4.25000;1.80672
4.50000;1.91300
4.75000;2.01928
5.00000;2.12555
5.25000;2.23183
5.50000;2.33811
5.75000;2.44439
6.00000;2.55067
6.25000;2.65695
6.50000;2.76322
6.75000;2.86950
7.00000;2.97578
7.50000;3.18833
7.99792;3.35000
