"MID";"WAV"
0.00000;0.00000
0.50000;0.99179
0.75000;1.53064
2.25000;4.27020
2.75000;5.26214
3.00000;5.75780
4.50000;8.34691
5.25000;9.55578
6.00000;10.78600
6.75000;11.99503
7.50000;13.28986
8.25000;14.64834
9.00000;15.83606
9.75000;17.13019
10.50000;18.29636
11.25000;19.52735
12.00000;20.90740
12.75000;22.20079
13.49792;23.24998
