"MID";"WAV"
0.00000;0.09026
2.00000;0.90278
2.50000;1.12833
3.00000;1.34839
3.50000;1.55725
4.00000;1.78833
5.00000;2.20607
6.00000;2.66279
7.50000;3.31181
7.75000;3.39464
8.00000;3.48738
10.00000;4.28833
10.50000;4.49137
11.00000;4.69996
11.50000;4.91968
12.00000;5.11777
13.00000;5.50173
14.00000;5.90757
14.99792;6.55000
