"MID";"WAV"
0.00000;0.03282
0.50000;0.35836
1.00000;0.69479
1.50000;0.99856
2.00000;1.29125
3.00000;1.98593
4.00000;2.59892
5.00000;3.24984
6.00000;3.87914
7.00000;4.49746
8.00000;5.12660
9.00000;5.79929
9.99792;6.35000
