"MID";"WAV"
0.00000;0.00000
0.06250;0.02148
0.50000;0.17190
1.00000;0.34386
1.50000;0.53152
2.00000;0.73461
3.00000;1.10438
4.00000;1.44821
5.00000;1.79733
6.00000;2.15658
8.00000;2.83899
8.50000;3.01140
9.00000;3.19935
9.50000;3.39600
10.00000;3.55796
11.00000;3.90677
12.00000;4.24513
13.00000;4.57326
14.00000;4.90007
15.99792;5.45000
