"MID";"WAV"
0.00000;0.00000
0.87500;0.29611
1.12500;0.38072
3.12500;1.05754
4.12500;1.39589
6.12500;2.03421
7.12500;2.35855
9.12500;3.00389
11.12500;3.66288
12.12292;3.95000
