"MID";"WAV"
0.00000;0.00000
0.25000;0.20407
0.50000;0.40813
0.75000;0.61221
1.00000;0.81628
1.25000;1.02034
1.50000;1.22442
2.00000;1.63253
2.50000;2.04067
3.00000;2.44881
3.50000;2.85695
4.50000;3.67323
6.00000;4.89764
6.24792;5.05000
