"MID";"WAV"
0.25000;-0.00017
0.50000;0.31135
1.00000;1.57619
1.50000;2.39144
2.00000;3.01050
2.50000;3.79349
2.75000;4.19169
3.00000;4.58536
3.50000;5.62655
4.75000;7.74534
5.00000;8.35503
5.50000;9.10019
6.00000;9.90060
6.75000;11.54165
7.00000;11.98716
7.25000;12.39055
7.50000;12.85590
8.00000;13.52719
8.99792;15.05000
