"MID";"WAV"
0.00000;0.00000
6.00000;6.50993
7.50000;8.17608
9.00000;9.88865
11.50000;12.68621
11.75000;12.95356
12.00000;13.22097
12.25000;13.51931
12.37500;13.67617
12.50000;13.81759
12.75000;14.06949
13.00000;14.33690
13.25000;14.65064
13.50000;14.91806
15.00000;16.41411
15.99792;18.05000
