"MID";"WAV"
0.00000;0.00000
1.00000;0.55632
2.00000;1.11264
3.00000;1.66896
3.50000;1.94712
4.00000;2.22529
6.00000;3.33794
8.00000;4.45058
9.00000;5.00690
10.00000;5.56322
11.00000;6.11954
11.50000;6.39771
12.00000;6.67586
14.00000;7.78842
15.99792;8.85000
