"MID";"WAV"
0.00000;0.00000
1.75000;0.74385
2.00000;0.85011
2.75000;1.16890
3.00000;1.27517
3.75000;1.59395
4.00000;1.70015
6.50000;2.70224
7.00000;2.92084
7.50000;3.13936
8.00000;3.35197
9.50000;4.00757
10.00000;4.20808
10.50000;4.42074
11.00000;4.64542
11.50000;4.86993
12.00000;5.08252
14.00000;5.95057
15.99792;6.75000
