"MID";"WAV"
0.00000;0.00000
1.00000;0.35732
1.50000;0.52667
2.00000;0.70993
2.50000;0.88862
3.00000;1.06728
5.50000;1.89965
6.00000;2.09201
7.00000;2.39839
7.50000;2.59958
8.50000;2.98987
9.00000;3.19185
10.50000;3.79822
11.00000;3.99128
11.50000;4.18858
12.00000;4.38604
13.50000;4.89482
14.00000;5.09118
14.50000;5.28413
14.99792;5.45002
