"MID";"WAV"
0.00000;0.00000
0.50000;0.11335
1.00000;0.22669
1.50000;0.34005
2.00000;0.45340
2.50000;0.56674
4.00000;0.90679
4.50000;1.02014
5.00000;1.13350
5.50000;1.24684
6.00000;1.36019
6.50000;1.47353
8.00000;1.81359
8.50000;1.92694
9.00000;2.04028
9.50000;2.15364
10.00000;2.26698
10.50000;2.38033
11.00000;2.49367
11.50000;2.60703
12.00000;2.72038
12.50000;2.83373
13.00000;2.94708
13.50000;3.06043
14.00000;3.17377
14.99792;3.35000
