"MID";"WAV"
0.00000;0.00000
0.16667;0.10004
0.33333;0.16012
0.50000;0.26018
0.66667;0.36024
0.83333;0.46030
1.00000;0.56036
1.16667;0.66041
1.33333;0.76048
1.50000;0.86054
1.66667;0.94698
1.83333;1.04068
2.00000;1.14072
2.50000;1.44090
3.00000;1.74108
3.49792;2.05000
