MID;WAV
0.00000;0.18863
3.00000;1.58936
3.50000;1.83281
4.00000;2.12883
4.06250;2.16058
4.12500;2.19227
4.18750;2.22398
5.00000;2.63609
6.00000;3.11709
6.50000;3.33692
7.00000;3.59052
7.50000;3.84414
8.00000;4.09755
10.00000;4.66812
10.06250;4.68925
10.12500;4.71559
10.18750;4.74728
10.50000;4.90579
11.00000;5.12297
11.50000;5.34629
12.00000;5.60593
13.00000;5.90975
13.99792;6.65002
