"MID";"WAV"
0.00000;0.00000
0.25000;0.13755
0.50000;0.27509
0.75000;0.41264
1.00000;0.55019
1.25000;0.68773
1.50000;0.82528
1.75000;0.96284
2.00000;1.10038
2.25000;1.23793
2.50000;1.37548
2.75000;1.51303
3.00000;1.65057
3.25000;1.78812
3.50000;1.92567
3.75000;2.06321
4.00000;2.20076
4.25000;2.33759
5.99792;3.25000
