"MID";"WAV"
0.50000;0.00008
1.00000;0.14305
1.50000;0.26445
2.00000;0.41156
2.50000;0.54297
3.00000;0.66959
3.50000;0.81127
4.00000;0.93278
4.50000;1.07489
5.00000;1.22214
5.50000;1.36965
6.00000;1.52786
6.50000;1.70101
7.00000;1.87001
7.50000;2.06301
8.00000;2.22135
8.50000;2.39228
9.00000;2.50987
14.50000;4.20512
15.00000;4.32182
15.50000;4.45310
16.00000;4.63950
16.50000;4.79411
17.00000;4.92074
17.50000;5.10439
17.99792;5.25000
