"MID";"WAV"
0.00000;0.00000
0.50000;0.71501
1.00000;1.43007
2.50000;3.70566
2.75000;3.96101
3.00000;4.18784
3.50000;4.80067
4.00000;5.79318
5.50000;7.82064
5.75000;8.01787
6.00000;8.22943
6.50000;8.91527
7.00000;9.61561
8.00000;11.00217
8.09375;11.16528
8.18750;11.31395
8.28125;11.46250
8.37500;11.59742
8.75000;12.41086
9.00000;12.86978
10.50000;14.51977
10.75000;15.09595
11.74792;16.75000
