"MID";"WAV"
0.00000;0.00000
3.00000;0.64744
3.06250;0.66093
3.50000;0.75535
3.75000;0.80929
4.00000;0.86325
5.00000;1.07907
6.00000;1.29488
7.00000;1.51070
8.00000;1.72650
11.00000;2.37395
11.06250;2.38743
11.50000;2.48185
11.75000;2.53581
12.00000;2.58978
13.00000;2.83362
14.00000;3.05990
15.00000;3.27575
16.00000;3.49506
18.99792;4.05000
