"MID";"WAV"
0.00000;0.11026
0.50000;0.98548
1.00000;1.77562
1.50000;2.67662
1.87500;3.33076
2.00000;3.54214
2.25000;3.97117
2.75000;4.91043
2.87500;5.12269
3.00000;5.47320
3.25000;5.93605
3.50000;6.37889
3.75000;6.84155
4.00000;7.28041
4.25000;7.70265
4.50000;8.16639
5.50000;10.01533
5.99792;10.55000
