"MID";"WAV"
1.00000;1.05540
2.00000;2.78366
3.00000;4.40380
4.50000;7.17981
5.00000;8.15958
5.06250;8.27069
5.75000;9.40557
6.00000;9.84755
7.00000;11.59601
8.00000;13.64358
10.50000;18.29069
11.00000;19.27078
11.50000;20.26628
12.00000;21.20983
12.50000;22.13347
12.75000;22.59247
13.00000;23.04540
13.99792;26.05000
