"MID";"WAV"
0.00000;0.00000
3.00000;0.55009
3.06250;0.56156
4.50000;0.82514
5.00000;0.91682
6.00000;1.10019
7.00000;1.29467
8.00000;1.48190
9.00000;1.66902
11.99792;2.15000
