"MID";"WAV"
0.00000;0.00000
0.75000;0.01973
1.00000;0.14622
2.75000;1.06479
3.00000;1.17868
3.75000;1.57335
4.00000;1.70485
5.00000;2.19382
8.00000;3.67002
8.75000;4.12447
9.00000;4.25595
10.75000;5.13692
11.00000;5.26834
11.75000;5.63567
12.00000;5.73478
13.00000;6.28368
13.49792;6.85000
