"MID";"WAV"
0.00000;0.00000
0.25000;0.22685
0.50000;0.73268
0.75000;0.91907
1.00000;1.11364
1.25000;1.27155
1.50000;1.43825
1.75000;1.64462
2.00000;1.85063
2.25000;2.02830
2.50000;2.20408
2.75000;2.43047
3.50000;3.10801
3.75000;3.31437
4.00000;3.48130
4.25000;3.66765
4.50000;3.85399
4.75000;4.04314
5.00000;4.30794
5.25000;4.53173
6.74792;5.45000
