"MID";"WAV"
0.00000;0.00000
1.00000;0.50265
3.00000;1.46796
4.00000;1.95056
6.00000;2.79258
7.00000;3.30374
10.00000;4.88635
12.00000;5.50695
12.06250;5.53712
12.12500;5.56906
12.18750;5.60696
12.25000;5.64659
12.50000;5.79569
13.00000;6.03704
15.00000;7.09083
16.00000;7.61137
18.00000;8.27315
19.00000;8.82214
22.00000;10.31116
22.99792;11.05000
