"MID";"WAV"
0.00000;0.00000
3.00000;1.00827
4.00000;1.39922
5.00000;1.79095
6.00000;2.18526
7.00000;2.59259
8.00000;2.96434
11.00000;4.13428
12.00000;4.47564
14.00000;5.23820
15.99792;6.05000
