"MID";"WAV"
0.00000;0.00000
0.50000;0.40156
1.00000;0.80984
1.50000;1.18361
2.00000;1.55714
2.50000;1.90334
2.75000;2.08371
3.00000;2.28413
3.25000;2.47118
3.50000;2.66455
4.00000;3.01820
4.50000;3.41838
5.00000;3.73765
5.50000;4.11183
6.00000;4.50552
6.50000;4.85881
7.00000;5.22580
7.25000;5.41303
7.50000;5.60536
7.75000;5.77297
8.00000;5.96680
8.25000;6.15857
8.50000;6.31899
8.75000;6.50021
9.00000;6.70055
9.25000;6.89209
9.49792;7.05000
