"MID";"WAV"
1.00000;0.50215
2.00000;1.09974
4.50000;2.55796
4.75000;2.63078
5.00000;2.76480
5.50000;3.03333
6.00000;3.38172
7.00000;3.59257
7.25000;3.71296
7.50000;3.84720
8.00000;4.11568
8.50000;4.38415
9.49792;5.05000
