"MID";"WAV"
0.25000;0.00018
0.50000;0.28648
0.75000;0.58351
1.00000;0.88567
1.25000;1.14616
1.50000;1.39625
2.25000;2.19344
3.00000;2.95421
3.50000;3.50121
3.75000;3.75130
4.25000;4.25148
4.50000;4.50156
4.75000;4.75165
5.00000;5.00174
5.25000;5.25175
5.99792;5.95000
