"MID";"WAV"
0.00000;0.00000
0.12500;0.04532
0.25000;0.09065
0.37500;0.13597
0.50000;0.18115
1.00000;0.30701
1.50000;0.49900
2.00000;0.69889
2.50000;0.89864
3.00000;1.08778
3.50000;1.26908
4.00000;1.45038
4.06250;1.47304
4.50000;1.63168
5.00000;1.81297
5.50000;1.99427
6.00000;2.17525
7.99792;2.85000
