"MID";"WAV"
0.00000;0.00000
1.00000;0.95520
3.00000;3.17744
3.50000;3.77705
4.00000;4.35261
5.50000;6.16362
6.00000;6.80897
7.00000;8.08662
7.50000;8.99712
8.00000;9.59650
8.50000;10.19204
9.00000;10.73659
9.50000;11.26445
10.00000;11.83203
10.75000;12.67346
11.00000;12.98724
11.50000;13.54762
11.99792;14.05000
