"MID";"WAV"
0.00000;0.00000
2.00000;1.73028
3.50000;3.02750
4.00000;3.60512
8.00000;7.10588
10.00000;9.13999
11.50000;10.42693
12.00000;11.09743
15.99792;15.05000
