"MID";"WAV"
0.00000;0.00000
2.00000;2.30308
3.00000;3.61213
4.00000;5.49726
7.00000;8.49838
7.50000;8.62079
8.00000;8.73375
8.50000;8.84665
9.00000;8.95020
9.50000;9.06316
10.00000;9.17612
10.50000;9.28910
11.00000;9.40206
11.50000;9.51511
12.00000;9.63747
12.50000;9.75055
13.00000;9.87279
13.50000;9.97649
14.00000;10.09883
14.50000;10.21179
15.00000;10.32463
15.50000;10.42837
15.99792;10.55000
