"MID";"WAV"
0.00000;0.00000
0.75000;1.00247
1.00000;1.43048
1.12500;1.62593
1.25000;1.79714
1.37500;1.95605
1.50000;2.11497
2.00000;2.60410
2.50000;3.22759
3.00000;3.81440
3.50000;4.41349
4.00000;5.08587
5.00000;6.29626
5.50000;6.88313
6.00000;7.48220
6.50000;8.09345
7.00000;8.71697
7.50000;9.31606
8.00000;9.92732
8.50000;10.51419
9.00000;11.11328
9.50000;11.68794
10.00000;12.31141
11.00000;13.70508
11.24792;14.05000
