"MID";"WAV"
0.00000;0.04667
0.25000;0.18031
0.50000;0.31385
2.00000;1.27536
2.50000;1.58923
3.00000;1.93523
4.00000;2.48513
4.50000;2.78346
5.00000;3.08949
7.00000;4.25930
7.50000;4.54977
8.00000;4.84810
8.50000;5.16303
9.00000;5.46241
10.00000;6.05901
10.50000;6.36220
12.00000;7.13771
12.50000;7.41262
12.75000;7.56177
13.00000;7.71885
14.49792;9.05000
