"MID";"WAV"
0.00000;0.00000
2.00000;0.70016
4.00000;1.40032
7.00000;2.45056
8.00000;2.80065
9.00000;3.15074
10.00000;3.49365
10.50000;3.66152
11.00000;3.82939
11.50000;3.99725
12.00000;4.16511
15.00000;5.10057
17.00000;5.80778
19.00000;6.49364
20.00000;6.90068
22.50000;7.69759
23.00000;7.89358
23.50000;8.06189
23.99792;8.24998
