"MID";"WAV"
0.25000;0.15004
0.50000;0.30011
0.75000;0.45015
1.00000;0.60021
1.25000;0.75025
1.50000;0.90032
1.75000;1.05036
2.00000;1.20042
2.25000;1.35046
2.50000;1.50052
2.75000;1.65057
3.00000;1.80063
3.25000;1.95067
3.50000;2.09499
3.75000;2.23891
4.00000;2.37148
4.25000;2.49182
4.50000;2.63096
4.75000;2.77462
5.00000;2.92970
5.25000;3.08032
5.50000;3.22762
5.75000;3.35535
5.99792;3.55000
