"MID";"WAV"
0.00000;0.03436
0.25000;0.18528
0.50000;0.33897
0.75000;0.49840
1.00000;0.63787
1.25000;0.77733
1.50000;0.91867
1.75000;1.05636
2.00000;1.21589
2.50000;1.55468
2.75000;1.69428
3.00000;1.85376
3.75000;2.33221
4.00000;2.49176
4.50000;2.85059
4.75000;3.00022
5.00000;3.12960
5.50000;3.44857
5.75000;3.60787
6.00000;3.74761
6.50000;4.08649
6.75000;4.24552
7.00000;4.36488
7.75000;4.70511
7.99792;4.95000
