"MID";"WAV"
0.00000;0.00000
1.00000;2.26309
1.50000;3.39465
2.00000;4.52618
3.00000;6.78926
3.87500;8.76947
4.00000;9.05233
4.87500;10.89338
5.00000;11.22259
5.50000;12.27693
6.00000;14.22868
6.06250;14.50903
6.12500;14.71224
6.18750;14.88459
7.99792;18.05000
