"MID";"WAV"
0.00000;0.06949
0.50000;1.41013
1.00000;2.47289
1.50000;3.67457
2.00000;4.78364
2.50000;5.96220
3.00000;7.21025
3.50000;8.43506
4.00000;9.61360
4.50000;10.76893
5.00000;11.80843
5.50000;12.82494
6.00000;13.98022
6.50000;14.99665
7.00000;16.08274
7.50000;17.42326
8.50000;19.71090
9.00000;20.88936
9.50000;21.97525
10.00000;23.08437
10.50000;24.26295
11.49792;26.65000
