"MID";"WAV"
0.00000;0.19436
1.50000;0.90007
2.00000;1.17364
3.50000;1.87382
4.00000;2.10730
4.50000;2.32064
5.00000;2.55414
5.50000;2.80380
6.00000;3.00101
7.49792;3.95000
