"MID";"WAV"
4.00000;0.00075
7.00000;1.01961
8.00000;1.50571
12.00000;2.69108
12.50000;2.90320
13.00000;3.11463
15.00000;3.69225
16.00000;4.10031
18.00000;4.69346
19.00000;5.09372
22.00000;5.98609
25.00000;6.90284
27.00000;7.71191
27.50000;7.87051
28.00000;8.06286
28.99792;8.65000
