"MID";"WAV"
0.00000;0.00000
1.00000;0.25249
1.50000;0.37344
2.50000;0.63651
3.00000;0.76804
4.00000;1.00727
4.50000;1.13881
5.50000;1.37275
6.00000;1.50165
7.00000;1.70909
7.50000;1.84854
8.50000;2.09310
9.00000;2.22459
10.00000;2.45593
10.50000;2.60359
10.99792;2.85000
