"MID";"WAV"
0.00000;0.00000
4.50000;1.00648
5.00000;1.20061
6.00000;1.50120
9.00000;2.40129
12.00000;3.20028
16.50000;4.79710
16.56250;4.81692
16.62500;4.83566
16.68750;4.85594
16.75000;4.87768
17.00000;4.95382
18.00000;5.21530
21.00000;6.27667
21.99792;6.55000
