"MID";"WAV"
0.00000;0.00000
1.00000;0.36160
1.50000;0.54239
2.00000;0.72319
2.50000;0.90399
3.00000;1.08479
3.50000;1.26559
4.00000;1.44639
4.50000;1.62718
5.00000;1.80799
5.50000;1.98878
6.00000;2.16957
6.50000;2.35038
7.00000;2.53117
7.50000;2.70431
8.00000;2.88854
8.50000;3.07335
9.00000;3.23918
9.50000;3.40025
10.00000;3.59488
10.50000;3.78789
11.00000;3.96205
11.50000;4.12736
12.00000;4.29219
12.50000;4.47915
12.99792;4.65000
