"MID";"WAV"
0.00000;0.00000
1.00000;0.60427
2.00000;1.02858
3.00000;1.47287
4.00000;1.91660
7.00000;2.91002
7.50000;3.13143
8.00000;3.31431
8.50000;3.53480
9.00000;3.67860
9.50000;3.90287
10.00000;4.23777
11.00000;4.60718
12.00000;5.05062
15.99792;6.55000
