"MID";"WAV"
0.00000;0.00000
0.37500;0.88005
0.50000;1.10890
2.00000;4.07433
2.37500;4.88982
2.50000;5.14448
3.50000;7.16866
3.87500;7.90692
4.00000;8.17418
4.50000;9.10279
4.87500;9.91834
5.00000;10.18569
5.50000;11.19166
5.87500;12.00697
6.00000;12.26176
6.25000;12.79535
7.49792;14.45000
