"MID";"WAV"
0.00000;0.00000
0.50000;0.15758
1.00000;0.31515
1.50000;0.47272
2.00000;0.63029
2.50000;0.78785
3.00000;0.94542
3.50000;1.10300
4.00000;1.26057
4.50000;1.41814
5.00000;1.57572
5.50000;1.73329
6.00000;1.89085
6.50000;2.04842
7.00000;2.20600
7.50000;2.36357
8.00000;2.52114
8.50000;2.67871
9.00000;2.83629
9.50000;2.99385
9.99792;3.15000
