"MID";"WAV"
0.00000;0.00000
0.50000;0.17596
1.00000;0.35711
1.50000;0.54871
2.00000;0.72467
2.50000;0.90583
3.50000;1.25775
4.50000;1.65660
5.50000;2.15437
8.00000;3.10190
8.50000;3.25703
9.00000;3.41213
9.50000;3.57765
10.00000;3.74317
10.50000;3.90351
11.50000;4.28650
12.50000;4.59162
13.50000;5.09988
15.49792;6.05000
