"MID";"WAV"
0.00000;0.00000
0.50000;0.30146
1.75000;1.00598
2.00000;1.14270
2.25000;1.27940
2.50000;1.41612
4.00000;2.25385
4.50000;2.50621
5.75000;3.13373
6.00000;3.28089
6.25000;3.41762
6.50000;3.55431
7.49792;4.05000
