"MID";"WAV"
0.50000;0.29606
0.75000;0.45733
1.00000;0.61336
1.50000;0.97288
2.00000;1.35361
2.50000;1.71853
3.00000;2.09132
3.50000;2.44575
4.00000;2.80266
4.49792;3.15000
