"MID";"WAV"
0.00000;0.00000
1.00000;0.33340
3.00000;1.00017
3.50000;1.16687
4.00000;1.33351
5.00000;1.64935
6.00000;1.96177
7.00000;2.28804
8.00000;2.59688
9.00000;2.90579
10.00000;3.21106
11.00000;3.50326
11.99792;3.95000
