"MID";"WAV"
0.00000;0.00000
2.00000;0.80689
2.50000;1.03804
3.00000;1.29179
3.50000;1.50084
4.00000;1.70402
6.00000;2.59519
6.50000;2.79308
7.00000;3.00164
7.50000;3.21039
8.00000;3.43575
9.00000;3.83131
10.00000;4.24862
11.00000;4.65498
12.00000;5.04452
14.00000;5.95190
14.99792;6.55000
