"MID";"WAV"
0.25000;0.01377
0.50000;0.05757
0.75000;0.12634
1.00000;0.18346
1.25000;0.24393
1.50000;0.31271
1.75000;0.38150
2.00000;0.45029
2.25000;0.51907
2.50000;0.58786
2.75000;0.65665
3.00000;0.72543
3.25000;0.79422
3.50000;0.86300
3.75000;0.93178
3.99792;1.05000
