"MID";"WAV"
0.00000;0.08718
0.50000;0.30459
1.50000;0.60879
2.00000;0.80014
2.50000;1.00017
3.00000;1.20021
3.50000;1.40024
4.50000;1.80031
5.00000;2.00035
5.50000;2.20038
6.00000;2.40019
6.50000;2.58661
7.50000;2.90462
8.00000;3.10473
8.50000;3.30880
9.00000;3.49600
9.50000;3.69614
10.00000;3.90054
11.00000;4.30976
11.99792;4.75000
