"MID";"WAV"
0.00000;0.00000
0.50000;0.20003
1.00000;0.40006
1.50000;0.60009
3.00000;1.20019
3.50000;1.40022
4.00000;1.60026
4.50000;1.80029
6.00000;2.40039
6.50000;2.60042
7.00000;2.80045
7.50000;3.00048
9.50000;3.80060
10.00000;4.00064
10.50000;4.20068
11.00000;4.40071
11.50000;4.60073
12.00000;4.80077
12.99792;5.15000
