"MID";"WAV"
0.00000;0.00000
0.50000;0.24186
1.00000;0.48363
1.50000;0.71142
2.00000;0.93922
2.50000;1.16706
3.00000;1.39849
3.50000;1.63633
4.00000;1.85048
4.25000;1.96614
4.50000;2.08179
4.75000;2.19745
5.00000;2.31310
5.50000;2.54441
6.00000;2.77572
6.50000;3.00703
7.00000;3.23743
7.99792;3.65000
