"MID";"WAV"
0.00000;0.13556
0.75000;1.29274
0.87500;1.48152
1.00000;1.67033
2.25000;3.31822
2.50000;3.69580
2.75000;4.07337
3.00000;4.45095
3.25000;4.79240
3.50000;5.16610
3.75000;5.48372
4.00000;5.94116
4.75000;7.07399
5.00000;7.45157
6.25000;9.33946
6.50000;9.71706
6.75000;10.09461
7.00000;10.47221
7.25000;10.84979
7.50000;11.20743
7.75000;11.69905
8.00000;12.10250
8.75000;13.23527
8.87500;13.42405
9.00000;13.50281
9.99792;14.85000
