"MID";"WAV"
0.50000;0.02550
1.00000;0.16794
1.50000;0.31068
2.00000;0.45411
2.50000;0.58297
3.00000;0.73777
3.50000;0.90062
4.00000;1.04809
4.50000;1.21575
5.00000;1.40328
5.50000;1.53453
6.00000;1.69153
6.50000;1.84960
7.00000;2.03656
7.50000;2.16890
8.00000;2.33466
8.50000;2.51579
9.00000;2.65419
9.50000;2.78329
10.00000;2.91187
10.50000;3.07674
11.00000;3.21284
11.50000;3.37450
11.99792;3.55000
