"MID";"WAV"
0.00000;0.00000
3.00000;0.66048
4.00000;0.85595
5.00000;1.05575
6.00000;1.25125
9.00000;1.85927
10.00000;2.04185
11.00000;2.24603
12.00000;2.45021
13.00000;2.65440
14.00000;2.85858
15.00000;3.06276
16.00000;3.26695
17.00000;3.47114
18.00000;3.67532
19.00000;3.87950
20.00000;4.08369
21.00000;4.28787
22.00000;4.49206
23.00000;4.69522
23.99792;4.85000
