"MID";"WAV"
0.00000;0.00000
0.50000;0.29204
1.00000;0.60287
1.50000;1.00083
3.00000;1.89579
3.50000;2.29976
4.50000;2.89671
6.00000;3.79156
6.50000;4.10226
7.50000;4.59309
8.50000;5.08996
10.00000;5.89734
10.50000;6.19537
11.00000;6.49365
11.50000;6.79810
12.49792;7.25000
