"MID";"WAV"
0.00000;0.00000
1.00000;0.95499
1.50000;1.39637
2.00000;1.92202
3.00000;2.78064
4.00000;3.68742
5.00000;4.59415
5.50000;5.01130
6.00000;5.40456
7.00000;6.28718
8.00000;7.12166
9.00000;7.98046
9.50000;8.45780
10.00000;8.89896
11.00000;9.72167
12.00000;10.64048
13.00000;11.54727
13.50000;12.00067
14.00000;12.45484
14.99792;13.55000
