"MID";"WAV"
0.00000;0.00000
1.00000;0.45631
2.00000;0.91262
3.00000;1.36892
4.00000;1.82524
5.00000;2.28155
8.00000;3.65048
9.00000;4.10678
10.50000;4.79125
11.00000;5.01840
12.50000;5.59956
13.00000;5.81344
14.50000;6.42373
15.00000;6.68082
15.99792;7.25000
