"MID";"WAV"
0.00000;0.00000
1.00000;0.36670
3.00000;1.10009
4.00000;1.46679
5.00000;1.83349
6.00000;2.20020
7.00000;2.56689
8.00000;2.93358
9.00000;3.30029
11.00000;4.03369
12.00000;4.40038
13.00000;4.76708
14.00000;5.13378
15.00000;5.50048
16.00000;5.86717
17.00000;6.23387
18.00000;6.60058
19.00000;6.96727
20.00000;7.33397
21.00000;7.70067
22.00000;8.06737
23.00000;8.43367
23.99792;8.75002
