"MID";"WAV"
1.00000;0.50068
2.00000;0.82089
3.00000;1.12114
5.00000;1.78982
6.00000;2.09485
7.00000;2.40247
9.00000;3.03560
9.50000;3.19316
10.00000;3.35069
10.50000;3.50822
11.00000;3.67292
11.50000;3.85015
12.00000;4.00398
12.99792;4.24998
