"MID";"WAV"
0.00000;0.09744
0.50000;0.39980
1.50000;1.00453
1.62500;1.09749
1.75000;1.19483
1.87500;1.29189
2.00000;1.38486
2.50000;1.70139
3.00000;1.96123
3.75000;2.39674
4.00000;2.54213
4.25000;2.68752
4.50000;2.82185
4.75000;2.95913
5.00000;3.08950
5.75000;3.59338
6.00000;3.74780
6.25000;3.87253
6.50000;3.99794
6.75000;4.13441
7.00000;4.28611
7.49792;4.75000
