"MID";"WAV"
0.00000;0.00000
2.50000;0.78397
3.00000;0.94077
3.50000;1.09756
4.00000;1.25436
4.50000;1.41115
5.00000;1.56794
5.50000;1.72474
6.00000;1.88154
6.50000;2.03833
7.00000;2.19512
7.50000;2.35192
8.00000;2.50871
8.50000;2.66551
9.00000;2.82230
9.50000;2.97910
10.00000;3.13590
10.50000;3.29269
11.00000;3.44948
11.50000;3.60627
12.00000;3.76307
12.50000;3.91986
13.00000;4.07667
13.50000;4.23346
14.00000;4.39026
14.49792;4.55000
