"MID";"WAV"
0.00000;0.00000
0.12500;0.18739
0.25000;0.38741
1.00000;1.56245
1.25000;1.97214
2.00000;3.08342
2.25000;3.47384
2.50000;3.84426
2.75000;4.23470
3.00000;4.58517
3.25000;4.95560
3.50000;5.30598
3.75000;5.67640
4.00000;6.04684
4.25000;6.43728
4.50000;6.82768
5.00000;7.56710
5.12500;7.67983
5.25000;7.80250
5.50000;8.34796
6.00000;9.05016
6.12500;9.20226
6.25000;9.35868
6.50000;9.79110
6.75000;10.18155
7.00000;10.57198
7.25000;10.94678
7.74792;12.04998
