"MID";"WAV"
1.00000;1.11680
2.00000;2.23361
4.50000;5.12863
5.00000;5.68705
5.50000;6.26261
6.00000;6.80386
6.50000;7.36225
7.00000;7.93782
7.50000;8.49623
8.00000;9.07181
11.00000;12.50807
12.00000;13.57334
12.50000;14.11458
13.50000;15.17984
14.00000;15.73822
14.50000;16.31380
15.50000;17.39622
16.00000;17.88591
16.50000;18.40995
17.50000;19.54391
17.99792;20.05000
