"MID";"WAV"
0.00000;0.00000
1.00000;0.43884
1.50000;0.65719
2.50000;1.09824
3.00000;1.29888
3.50000;1.49499
5.50000;2.30163
6.00000;2.50219
7.00000;2.89430
7.50000;3.09496
8.50000;3.49606
9.00000;3.69220
9.50000;3.89273
11.50000;4.69741
12.00000;4.89992
12.99792;5.15002
