"MID";"WAV"
0.00000;0.00000
2.00000;0.74867
4.00000;1.47736
6.00000;2.28600
7.00000;2.65040
8.00000;3.03473
9.00000;3.43905
10.00000;3.82338
10.50000;4.00557
11.00000;4.18773
11.50000;4.36991
12.00000;4.55206
13.00000;4.88660
13.99792;5.05000
