"MID";"WAV"
0.00000;0.00000
0.37500;0.48733
0.50000;0.68424
1.00000;1.44585
1.50000;2.28493
2.00000;3.11111
2.50000;4.00181
3.00000;4.87964
3.37500;5.52186
3.50000;5.74451
4.00000;6.59652
4.50000;7.46139
5.00000;8.32629
5.50000;9.11377
6.00000;9.97864
6.50000;10.81772
7.50000;12.58625
7.75000;13.00578
8.00000;13.42554
8.25000;14.10296
8.99792;15.05000
