"MID";"WAV"
0.00000;0.00000
3.00000;1.23141
5.00000;2.01904
6.00000;2.46282
7.50000;3.07271
8.00000;3.33672
9.00000;3.79623
12.00000;5.32564
13.50000;6.00487
14.00000;6.20082
15.00000;6.53882
15.99792;7.05000
