"MID";"WAV"
0.00000;0.00000
1.00000;0.40006
1.50000;0.60008
2.00000;0.80011
3.00000;1.20017
3.50000;1.40020
4.00000;1.60022
4.50000;1.80025
5.00000;2.00027
5.50000;2.20031
6.00000;2.40033
6.50000;2.60036
7.00000;2.80039
7.50000;3.00041
8.00000;3.20044
9.00000;3.60050
9.50000;3.80053
10.00000;4.00055
11.00000;4.40061
11.50000;4.60064
12.00000;4.80067
12.50000;5.00069
13.00000;5.20072
13.50000;5.40075
14.00000;5.59895
14.99792;5.95000
