"MID";"WAV"
0.00000;0.10299
0.50000;0.30505
0.75000;0.40508
1.00000;0.49015
1.50000;0.69512
2.00000;0.84009
2.50000;1.00519
3.00000;1.19025
3.50000;1.37532
4.00000;1.56036
4.50000;1.72547
5.00000;1.91034
5.50000;2.07542
6.00000;2.24050
6.50000;2.40558
7.00000;2.61059
7.50000;2.79568
8.00000;2.98057
8.50000;3.16570
9.00000;3.35076
9.99792;3.75000
