"MID";"WAV"
0.00000;0.00000
2.00000;1.60143
2.25000;1.80512
2.50000;1.98993
2.75000;2.19364
3.00000;2.39727
3.50000;2.71945
4.00000;3.10797
5.00000;4.04626
5.75000;4.67645
6.00000;4.88965
7.00000;5.70459
7.75000;6.31579
8.00000;6.51952
10.00000;8.11146
10.25000;8.31511
10.50000;8.49046
10.75000;8.69419
11.00000;8.88824
11.50000;9.18210
12.00000;9.60862
13.00000;10.48997
13.49792;10.95000
