"MID";"WAV"
0.00000;0.17923
1.00000;0.44971
3.00000;0.70810
3.50000;0.82401
4.00000;0.94851
5.00000;1.19671
7.00000;1.56012
7.50000;1.67610
8.00000;1.79980
9.00000;2.00535
11.00000;2.44272
11.50000;2.56284
12.00000;2.68297
13.00000;2.92321
15.00000;3.40370
15.50000;3.52294
16.00000;3.62839
17.00000;3.80009
18.00000;4.00507
19.00000;4.20167
19.99792;4.35000
