"MID";"WAV"
0.00000;0.00000
0.75000;0.58678
1.00000;0.78237
1.50000;1.30575
1.75000;1.49362
2.50000;2.11144
2.75000;2.29139
3.50000;2.77722
3.75000;2.98049
4.50000;3.52065
4.75000;3.71625
5.50000;4.30302
5.75000;4.49861
6.50000;5.08539
6.75000;5.28097
7.50000;5.86775
7.75000;6.06335
8.50000;6.65012
8.75000;6.84571
9.50000;7.43249
9.75000;7.62797
11.24792;8.75000
