"MID";"WAV"
0.00000;0.13111
2.00000;0.97874
4.00000;1.79568
7.00000;2.75072
8.00000;3.08728
9.00000;3.45341
10.00000;3.81817
11.00000;4.20362
12.00000;4.59331
13.00000;4.91226
13.99792;6.55000
