"MID";"WAV"
0.00000;0.00000
3.00000;1.06163
4.00000;1.41550
5.00000;1.76937
6.00000;2.12325
7.00000;2.47712
8.00000;2.83100
11.00000;3.89262
12.00000;4.24650
13.00000;4.60038
14.00000;4.95424
15.00000;5.30812
16.00000;5.66199
19.00000;6.72362
20.00000;7.07749
21.00000;7.43137
22.00000;7.78524
23.00000;8.13911
24.00000;8.49299
25.99792;9.15002
