"MID";"WAV"
0.00000;0.19897
2.00000;0.98596
4.00000;1.90256
6.00000;2.90432
8.00000;3.80736
9.00000;4.29066
10.00000;4.70640
11.50000;5.36606
12.00000;5.60709
12.50000;5.86854
13.00000;6.07502
13.50000;6.27789
14.00000;6.46230
14.99792;7.05000
