"MID";"WAV"
0.00000;0.00000
0.50000;0.19569
1.50000;0.58706
2.00000;0.78276
4.50000;1.76118
5.00000;1.95688
6.50000;2.54394
9.00000;3.52237
9.50000;3.71806
10.50000;4.10943
11.00000;4.30513
11.49792;4.45000
