"MID";"WAV"
0.00000;0.00000
5.00000;4.10492
5.25000;4.29548
5.50000;4.48591
5.75000;4.65742
6.00000;4.82934
6.50000;5.28614
11.00000;8.80135
11.25000;9.00140
11.50000;9.20142
11.75000;9.40146
12.00000;9.60149
12.06250;9.65149
12.12500;9.70149
12.18750;9.75196
12.50000;10.03919
13.49792;10.75000
