"MID";"WAV"
0.00000;0.10487
2.75000;1.02780
3.00000;1.13025
3.75000;1.39782
4.00000;1.50033
4.75000;1.80791
5.00000;1.91043
5.75000;2.21799
6.00000;2.32051
6.75000;2.59219
7.00000;2.66490
7.75000;2.89816
8.00000;3.00069
8.75000;3.30824
9.00000;3.41076
9.75000;3.70587
9.99792;3.85000
