"MID";"WAV"
0.00000;0.00000
1.50000;0.70365
2.50000;1.33477
3.00000;1.64520
4.50000;2.59709
5.50000;3.22906
6.00000;3.59995
7.00000;4.13827
7.50000;4.42785
8.50000;4.99934
9.00000;5.40064
11.50000;6.90393
12.00000;7.30320
13.50000;8.10096
14.50000;8.70555
15.00000;9.12362
16.50000;9.90018
17.49792;10.45000
