"MID";"WAV"
0.00000;0.00000
1.00000;0.48713
4.00000;1.94852
5.00000;2.43564
8.00000;3.89704
9.00000;4.38386
12.00000;5.75274
13.00000;6.23933
16.00000;7.59432
17.00000;8.15824
20.00000;9.74259
21.00000;10.22925
24.00000;11.62922
25.00000;12.11579
28.00000;13.51679
29.00000;14.03461
30.99792;15.05000
