"MID";"WAV"
0.00000;0.00000
1.50000;0.29678
1.75000;0.40178
2.00000;0.50319
2.66667;0.80149
3.33333;0.99876
4.00000;1.30059
5.50000;1.79738
6.00000;2.00783
7.00000;2.54594
8.00000;2.90964
9.50000;3.45520
10.00000;3.63676
10.99792;3.95000
