"MID";"WAV"
0.00000;0.00000
1.00000;0.88678
1.50000;1.33019
2.00000;1.77357
3.00000;2.66037
4.00000;3.54716
5.00000;4.43394
5.50000;4.87735
6.00000;5.32074
7.00000;6.20753
8.00000;7.09433
9.00000;7.92436
9.50000;8.35632
10.00000;8.78835
11.00000;9.69781
12.00000;10.55057
13.00000;11.36925
13.50000;11.81251
14.00000;12.21056
14.99792;13.25000
