"MID";"WAV"
0.00000;0.00000
2.00000;2.95208
3.00000;4.18069
4.00000;5.50932
5.00000;6.96538
6.00000;8.46143
7.00000;9.68834
8.00000;10.86342
9.00000;12.28207
10.00000;13.53419
11.00000;15.07592
12.00000;16.50283
13.00000;17.92974
14.00000;19.35662
15.00000;20.47608
16.00000;21.78300
17.00000;23.20992
18.00000;24.59854
20.00000;27.56890
21.00000;28.87927
22.00000;30.45194
23.89792;34.05000
