"MID";"WAV"
0.00000;0.00000
2.50000;0.89852
3.00000;1.07822
5.50000;1.86908
6.00000;2.07350
7.00000;2.35850
8.00000;2.67644
9.00000;3.02741
11.50000;3.85139
12.00000;4.08853
14.50000;4.91309
15.00000;5.14995
17.50000;5.88385
18.00000;6.07949
19.00000;6.46377
20.00000;6.79867
21.00000;7.19904
23.50000;8.07305
24.00000;8.29340
25.00000;8.63712
26.00000;8.97993
26.99792;9.35000
