"MID";"WAV"
1.00000;-0.00169
2.50000;0.52950
3.00000;0.65128
3.50000;0.77802
5.50000;1.20851
6.00000;1.29745
6.50000;1.38557
10.50000;2.32862
11.00000;2.41871
11.50000;2.51971
13.50000;2.97678
14.00000;3.06739
14.50000;3.17371
18.50000;4.07757
19.00000;4.16866
19.50000;4.27428
21.50000;4.72475
22.00000;4.82096
22.50000;4.91962
26.50000;5.84568
27.00000;5.93855
27.50000;6.02667
28.00000;6.11479
28.50000;6.21829
30.50000;6.68449
34.49792;7.55000
