"MID";"WAV"
0.00000;0.00000
1.50000;0.26594
2.00000;0.35458
3.00000;0.53187
4.00000;0.70916
5.00000;0.88645
6.00000;1.06374
7.00000;1.24103
8.00000;1.41831
9.00000;1.59561
10.00000;1.77289
11.00000;1.95018
12.00000;2.12748
13.00000;2.30476
14.00000;2.48206
15.00000;2.65934
16.00000;2.83657
17.00000;3.01035
18.00000;3.18413
19.00000;3.35791
20.00000;3.53153
21.00000;3.69782
21.99792;3.85000
