"MID";"WAV"
0.00000;0.00000
2.00000;1.37287
5.00000;3.33788
6.00000;3.99849
8.00000;5.30683
12.00000;7.70463
14.00000;9.00840
17.00000;11.00315
18.00000;11.71539
20.00000;13.11424
21.99792;15.05000
