"MID";"WAV"
0.00000;0.00000
6.00000;0.89260
8.00000;1.18723
11.00000;1.69965
11.50000;1.77745
12.00000;1.85472
13.00000;2.00928
14.00000;2.16384
15.00000;2.31841
16.00000;2.47296
18.00000;2.78208
21.99792;3.35000
