"MID";"WAV"
0.50000;0.29942
1.50000;0.66580
2.50000;1.05385
3.50000;1.42750
4.50000;1.80835
5.50000;2.18919
6.50000;2.59178
7.50000;2.98720
8.50000;3.38980
10.50000;4.15165
12.50000;4.94233
13.50000;5.33773
14.50000;5.76910
15.50000;6.20087
16.50000;6.62533
17.50000;7.00661
18.50000;7.43773
19.50000;7.89106
21.49792;8.45000
