"MID";"WAV"
0.00000;0.00000
2.00000;0.66675
3.75000;1.25017
4.00000;1.33352
7.00000;2.33365
7.75000;2.58370
8.00000;2.66704
9.00000;3.00042
10.00000;3.33379
11.00000;3.66717
12.00000;4.00055
14.00000;4.66700
14.99792;4.95000
