"MID";"WAV"
0.00000;0.00419
1.50000;0.52607
2.25000;0.83579
2.50000;0.93977
3.00000;1.14773
3.75000;1.45966
4.00000;1.56364
4.50000;1.77158
7.50000;2.93754
8.25000;3.22751
8.50000;3.32798
9.00000;3.53472
9.75000;3.80258
10.00000;3.91070
10.50000;4.10612
11.00000;4.29907
11.50000;4.49495
12.00000;4.69645
12.74792;5.15000
