"MID";"WAV"
0.00000;0.00000
1.00000;0.28700
2.00000;0.52130
3.00000;0.79186
4.00000;1.06043
5.00000;1.13312
6.00000;1.32380
6.50000;1.41913
7.00000;1.51448
8.00000;1.70489
9.00000;1.92341
10.00000;2.12622
11.00000;2.35687
12.00000;3.08668
13.00000;3.35812
16.99792;4.55000
