"MID";"WAV"
0.00000;0.12085
0.25000;0.52543
0.62500;1.20554
0.75000;1.39484
1.50000;2.47914
1.75000;2.89233
2.12500;3.50335
2.25000;3.69234
3.00000;4.70814
3.25000;5.14766
3.62500;5.86229
3.75000;6.09368
4.50000;7.11885
4.75000;7.60051
5.12500;8.24763
5.25000;8.51380
5.74792;9.45002
