"MID";"WAV"
0.00000;0.00000
0.50000;0.80357
1.00000;1.60711
2.00000;3.07008
2.50000;3.87361
3.00000;4.63588
4.00000;6.09894
4.50000;6.90246
5.00000;7.66480
5.50000;8.42705
6.00000;9.10723
6.50000;9.91073
7.50000;11.47682
8.00000;12.34229
8.50000;13.28983
10.00000;15.72084
10.50000;16.44221
11.00000;17.22518
12.00000;18.79143
12.25000;19.23452
12.50000;19.69786
12.75000;20.12023
13.00000;20.54144
13.50000;21.01674
14.00000;21.90299
14.25000;22.37045
14.49792;23.25000
