"MID";"WAV"
0.00000;0.00000
0.25000;0.39556
1.00000;1.59878
1.25000;2.00246
1.50000;2.38229
1.75000;2.74623
2.00000;3.13399
2.50000;3.88568
2.75000;4.25750
3.00000;4.62202
3.25000;4.97816
3.50000;5.34279
4.00000;6.11697
4.25000;6.51266
4.50000;6.89248
4.75000;7.27214
5.00000;7.60444
5.25000;7.95245
5.50000;8.30046
5.75000;8.65628
5.99792;8.95000
