"MID";"WAV"
0.00000;0.00000
0.50000;0.19754
1.00000;0.40111
1.50000;0.60513
2.50000;1.00920
3.00000;1.18738
3.50000;1.38499
4.00000;1.60254
4.50000;1.80073
5.50000;2.13409
6.00000;2.31020
6.50000;2.49702
7.00000;2.69257
7.50000;2.88793
8.50000;3.24426
9.00000;3.46053
9.50000;3.65922
10.00000;3.84334
10.50000;4.07344
11.49792;4.45000
