"MID";"WAV"
1.00000;-0.00035
2.00000;0.78711
3.00000;1.60636
4.00000;2.38360
5.00000;3.21347
5.50000;3.60735
6.00000;4.01170
7.00000;4.75740
7.50000;5.09874
8.00000;5.55555
9.00000;6.30140
11.00000;7.81382
11.50000;8.19717
12.00000;8.59109
12.50000;8.95342
13.00000;9.30525
13.50000;9.66759
14.00000;9.99841
14.50000;10.37124
15.00000;10.75464
15.50000;11.13799
16.00000;11.51085
16.50000;11.91524
16.97292;12.25000
