"MID";"WAV"
0.00000;0.00000
1.00000;0.40177
2.00000;0.72374
3.00000;1.10512
4.00000;1.38747
4.75000;1.67387
5.00000;1.76932
8.00000;2.90638
9.00000;3.20769
10.00000;3.49832
11.00000;3.80499
12.00000;4.08163
12.75000;4.40992
13.00000;4.51800
15.99792;5.55000
