"MID";"WAV"
0.00000;0.00000
1.00000;0.19562
2.00000;0.41737
3.00000;0.63477
4.00000;0.85653
7.00000;1.55231
8.00000;1.77408
9.00000;1.99583
10.00000;2.21759
11.00000;2.43935
12.00000;2.66111
15.00000;3.33948
16.00000;3.56993
17.00000;3.78299
18.00000;4.01346
19.00000;4.23522
20.00000;4.47005
22.99792;5.05000
