"MID";"WAV"
0.00000;0.10632
1.50000;0.80256
2.00000;1.02233
3.50000;1.68849
4.00000;1.92394
5.50000;2.50183
5.75000;2.61900
6.00000;2.73974
8.00000;3.50531
9.50000;4.18566
9.75000;4.30515
10.00000;4.42578
12.00000;5.18662
12.25000;5.31342
12.50000;5.42030
12.75000;5.54704
13.00000;5.67382
13.75000;5.97129
13.99792;6.95000
