"MID";"WAV"
0.00000;0.00000
1.00000;0.48265
2.00000;0.96530
3.00000;1.44796
6.00000;2.89591
7.00000;3.40703
8.00000;3.88968
9.00000;4.38183
10.00000;4.89294
11.00000;5.38506
12.00000;5.86772
13.00000;6.34090
14.00000;6.82355
15.00000;7.32517
16.00000;7.80782
17.00000;8.29047
18.00000;8.76364
19.00000;9.24630
20.00000;9.70998
21.00000;10.21155
22.99792;11.05000
