"MID";"WAV"
1.00000;-0.00086
2.00000;0.37226
3.00000;0.75214
4.00000;1.16184
5.00000;1.52689
6.00000;1.88795
7.00000;2.24527
8.00000;2.59485
9.00000;2.98572
10.50000;3.59077
11.00000;3.78662
11.50000;3.98223
12.00000;4.19208
12.99792;4.34998
