"MID";"WAV"
0.00000;0.00000
0.37500;0.62930
0.50000;0.83908
2.00000;3.35632
2.37500;3.98565
2.50000;4.19543
3.00000;5.03452
3.37500;5.74133
3.50000;6.01544
5.00000;8.39082
5.37500;9.02015
5.50000;9.24279
6.00000;10.12062
6.37500;10.80156
6.50000;11.01131
7.50000;12.58627
7.87500;13.21555
8.00000;13.42533
8.99792;15.05000
