MID;WAV
0.00000;0.10974
0.50000;0.44463
1.00000;0.77966
1.06458;0.82098
1.50000;1.09951
2.00000;1.41934
2.50000;1.73848
3.00000;2.01899
3.06458;2.06028
3.50000;2.33844
4.00000;2.63905
4.50000;2.91795
5.00000;3.21833
5.50000;3.53816
6.00000;3.85835
6.50000;4.16257
7.00000;4.48590
7.50000;4.76501
7.97292;5.05000
