"MID";"WAV"
0.00000;0.10761
0.50000;0.43730
1.50000;0.93201
2.00000;1.20246
3.00000;1.70639
3.50000;2.00211
4.50000;2.46800
6.00000;3.20357
6.50000;3.46523
7.50000;3.90865
8.00000;4.21717
9.00000;4.73192
9.50000;5.09700
10.99792;5.85000
