"MID";"WAV"
0.00000;0.00000
1.50000;1.72160
2.00000;2.29542
3.50000;3.88830
4.00000;4.44072
5.00000;5.52407
6.00000;6.56456
7.50000;8.22198
8.00000;8.88122
9.50000;10.32473
10.00000;11.09134
11.00000;12.32457
12.00000;13.38675
13.50000;15.21550
14.00000;15.78967
15.50000;17.74674
16.00000;18.27792
17.00000;19.42592
18.00000;20.66003
18.50000;21.38368
19.00000;22.04242
20.99792;24.05000
