"MID";"WAV"
0.00000;0.17889
2.50000;4.12684
4.00000;6.78734
4.50000;7.64557
5.25000;8.81496
5.50000;9.23334
5.75000;9.67319
7.00000;11.85093
8.50000;14.31838
10.00000;16.85019
11.50000;19.40342
12.75000;21.23797
13.00000;21.65635
13.25000;22.07473
13.50000;22.49315
14.50000;24.16670
14.99792;24.95000
