"MID";"WAV"
0.00000;0.00000
1.00000;1.49823
2.00000;3.27126
3.00000;5.09588
4.50000;7.92735
5.00000;8.86531
5.50000;9.75183
5.87500;10.41675
6.00000;10.63848
7.00000;12.49735
7.50000;13.40114
8.00000;14.32203
8.50000;15.24283
8.75000;15.68599
9.00000;16.11229
10.00000;17.97067
10.99792;19.45000
