"MID";"WAV"
0.00000;0.00000
0.37500;0.66575
0.50000;0.92751
1.00000;1.69774
1.37500;2.30067
1.50000;2.50256
1.87500;3.08823
2.00000;3.38554
2.87500;4.64318
3.00000;4.82507
3.37500;5.35079
3.50000;5.55261
3.87500;6.15827
4.00000;6.36013
4.37500;6.86579
4.50000;7.06765
4.87500;7.61342
5.00000;7.87516
5.37500;8.48080
5.50000;8.68265
6.37500;10.00635
6.50000;10.17980
6.87292;11.05000
