"MID";"WAV"
0.00000;0.00000
1.00000;0.30003
3.00000;0.85837
4.00000;1.15314
6.00000;1.69592
7.00000;2.00117
8.00000;2.30640
8.06250;2.32516
9.00000;2.60611
9.06250;2.61996
10.00000;2.89086
12.00000;3.50649
12.50000;3.65133
13.00000;3.80135
15.00000;4.40662
16.00000;4.70663
18.00000;5.29626
19.00000;5.59137
19.99792;5.95000
