"MID";"WAV"
0.00000;0.00000
1.00000;0.40005
2.00000;0.80010
3.00000;1.20014
4.00000;1.60018
6.00000;2.40028
7.00000;2.80033
8.00000;3.20037
9.00000;3.60041
10.00000;4.00047
11.50000;4.60052
12.00000;4.80055
13.00000;5.20060
14.50000;5.80067
15.00000;6.00070
15.50000;6.20071
16.00000;6.40074
16.50000;6.60077
17.00000;6.80079
17.50000;7.00081
17.99792;7.15000
