"MID";"WAV"
0.00000;0.00000
1.00000;1.49079
2.00000;3.10597
3.00000;4.82067
3.75000;6.14399
4.00000;6.58506
6.00000;10.11380
7.00000;11.77872
7.50000;12.61122
8.00000;13.46854
8.75000;14.74218
9.00000;15.20839
10.00000;17.17193
11.00000;19.40808
14.00000;23.78132
15.00000;25.47130
15.75000;26.81939
16.00000;27.25934
16.99792;28.25000
