"MID";"WAV"
0.00000;0.00000
1.50000;0.31004
2.00000;0.40677
3.00000;0.60016
4.00000;0.79354
5.50000;1.10347
6.00000;1.20031
7.00000;1.39369
8.00000;1.58708
9.00000;1.78046
10.00000;1.97385
11.00000;2.20640
12.00000;2.40061
13.00000;2.59400
14.00000;2.78738
15.00000;2.97530
15.99792;3.25000
