"MID";"WAV"
0.00000;0.00000
0.75000;0.53064
1.00000;0.66518
1.33333;0.85466
1.66667;1.03640
2.00000;1.21812
2.75000;1.69212
3.00000;1.84322
4.00000;2.47386
5.00000;3.18216
6.00000;3.75097
7.00000;4.41915
8.00000;5.02774
8.75000;5.59342
9.00000;5.71693
9.33333;5.90595
9.66667;6.09545
10.00000;6.28495
10.75000;6.77086
11.00000;6.91345
12.00000;7.52165
13.00000;8.09044
14.00000;8.65892
15.00000;9.19963
15.99792;10.05000
