"MID";"WAV"
0.00000;0.00000
1.00000;0.81016
1.50000;1.21523
2.00000;1.62033
2.50000;2.02541
3.50000;2.83557
4.00000;3.24065
4.50000;3.64573
5.00000;4.05081
5.50000;4.45589
6.00000;4.86097
7.00000;5.67112
7.50000;6.07720
8.00000;6.51486
8.50000;7.10066
9.50000;7.84289
10.00000;8.23884
10.50000;8.62664
11.00000;9.01584
11.50000;9.42948
11.97292;9.65000
