"MID";"WAV"
0.00000;0.00000
0.50000;0.77084
1.00000;1.61901
1.50000;2.45176
3.00000;4.90350
3.12500;5.11164
3.25000;5.30439
3.37500;5.51266
3.50000;5.75164
3.87500;6.34527
4.00000;6.55345
4.50000;7.38620
6.00000;9.88433
6.50000;10.70156
7.00000;11.51887
7.50000;12.41341
8.50000;14.00157
9.00000;14.88066
10.00000;16.54616
10.37500;17.20186
10.50000;17.45612
10.74792;17.85000
