"MID";"WAV"
0.00000;0.00000
0.50000;0.17652
0.75000;0.26477
1.00000;0.35303
1.50000;0.52955
1.75000;0.61780
2.00000;0.70605
2.50000;0.88257
2.75000;0.97083
3.00000;1.05908
3.50000;1.23559
3.75000;1.32386
4.00000;1.41211
4.50000;1.58862
4.75000;1.67688
5.00000;1.76514
5.50000;1.94166
6.00000;2.11817
6.50000;2.29468
6.75000;2.38294
7.00000;2.47119
7.50000;2.64770
7.75000;2.73597
8.00000;2.82345
8.49792;2.95000
