"MID";"WAV"
0.00000;0.00000
2.00000;0.80194
2.66667;1.09552
3.33333;1.37704
4.00000;1.67684
5.00000;2.18102
7.00000;3.20128
8.00000;3.65673
10.00000;4.49520
10.66667;4.80089
11.33333;5.09452
12.00000;5.39444
14.00000;6.40130
15.99792;6.85000
