"MID";"WAV"
0.00000;0.00000
0.06250;0.02852
1.00000;0.49567
1.06250;0.52414
2.00000;0.92045
2.06250;0.93192
3.00000;1.10699
3.06250;1.13546
3.25000;1.22089
3.50000;1.35481
3.75000;1.48872
4.00000;1.60265
4.25000;1.71656
4.50000;1.83056
4.75000;1.96436
5.00000;2.09831
5.25000;2.21222
5.50000;2.36609
5.75000;2.48005
6.00000;2.59396
6.50000;2.86186
7.00000;3.12963
7.50000;3.37629
8.00000;3.62533
8.50000;3.87308
8.99792;4.05000
