"MID";"WAV"
0.00000;-0.00145
0.12500;0.11120
2.00000;1.56006
2.12500;1.66006
3.00000;2.36008
3.12500;2.49972
3.87500;3.10011
4.00000;3.20011
4.12500;3.30011
5.37500;4.30016
5.62500;4.50016
5.87500;4.68026
6.12500;4.88018
6.62500;5.24028
7.12500;5.64021
7.62500;6.05072
8.12500;6.46022
8.87292;7.15000
