"MID";"WAV"
0.00000;0.00000
3.00000;2.99379
3.25000;3.22185
4.00000;3.95743
8.00000;7.29747
11.00000;10.21403
12.00000;11.15195
16.00000;14.69777
19.00000;17.25422
20.00000;18.16639
24.00000;21.66077
28.00000;24.92351
31.00000;27.19709
32.00000;28.23799
32.99792;30.05000
