"MID";"WAV"
0.00000;0.00000
6.00000;1.05077
7.00000;1.29532
8.00000;1.54060
8.06250;1.55599
10.00000;2.00988
11.00000;2.21208
12.00000;2.41106
14.00000;2.81242
16.00000;3.21916
16.99792;3.45000
