"MID";"WAV"
0.00000;0.00000
0.75000;0.54792
1.00000;0.73056
1.75000;1.27849
2.00000;1.46114
2.75000;2.00905
3.00000;2.19170
3.50000;2.55698
4.00000;2.92227
6.00000;4.38340
6.50000;4.74869
7.00000;5.11397
7.75000;5.66190
8.00000;5.84453
8.75000;6.39247
9.00000;6.57511
9.75000;7.12303
10.00000;7.30566
10.75000;7.85360
11.00000;8.03528
11.49792;8.35000
