"MID";"WAV"
0.00000;0.00000
2.00000;1.40331
2.50000;1.77260
3.00000;2.13366
4.50000;2.97087
4.56250;3.02516
4.62500;3.07137
4.68750;3.12560
5.00000;3.50421
5.50000;3.92266
6.00000;4.28382
8.00000;5.90864
8.50000;6.27794
9.00000;6.64722
9.50000;7.01651
10.00000;7.38580
10.50000;7.75509
11.00000;8.12461
11.50000;8.70696
11.75000;8.89166
12.00000;9.08433
12.99792;9.55000
