"MID";"WAV"
0.00000;0.19410
0.50000;0.77830
1.50000;1.85905
2.00000;2.49797
3.00000;3.67227
3.37500;4.14416
3.50000;4.28541
4.50000;5.49095
5.00000;6.03177
6.00000;7.09739
6.37500;7.58133
6.50000;7.74663
7.00000;8.30725
7.50000;8.86372
8.00000;9.45637
8.50000;10.10926
9.00000;10.68626
9.50000;11.27531
10.00000;11.82827
10.62500;12.54117
10.75000;12.69717
10.87500;12.83229
11.00000;12.97020
11.49792;13.75000
