"MID";"WAV"
0.00000;0.00000
0.50000;0.62121
1.00000;1.18254
1.50000;1.80329
2.00000;2.18438
2.50000;2.56557
3.00000;2.96667
3.50000;3.36779
4.00000;3.76876
4.50000;4.11012
5.00000;4.53099
6.00000;5.25336
6.50000;5.64968
6.75000;5.78548
7.00000;6.01576
7.50000;6.43625
8.00000;6.77767
8.50000;7.15876
9.00000;7.53926
9.50000;7.86112
10.00000;8.25599
10.50000;8.62292
11.00000;8.98335
11.99792;9.55000
