"MID";"WAV"
1.00000;0.09751
2.00000;0.50131
3.00000;0.80717
3.12500;0.87068
3.25000;0.94120
3.37500;0.99379
3.50000;1.04107
3.62500;1.08092
3.75000;1.12487
3.87500;1.18668
4.00000;1.25694
4.50000;1.43577
5.00000;1.63139
5.50000;1.83017
6.00000;2.02024
6.50000;2.24398
7.00000;2.43620
7.50000;2.64176
8.00000;2.83646
8.50000;3.03433
9.00000;3.21173
9.50000;3.39140
10.00000;3.59521
10.50000;3.78913
11.00000;3.98971
11.50000;4.17663
12.00000;4.36154
12.99792;4.45000
