"MID";"WAV"
0.00000;0.00000
1.33333;0.48440
2.00000;0.72661
2.66667;0.96881
3.33333;1.21101
4.00000;1.45440
5.33333;1.96400
6.00000;2.21016
6.66667;2.45270
7.33333;2.70063
8.00000;2.94324
8.66667;3.19111
9.33333;3.43508
10.00000;3.70490
12.66667;4.70618
13.33333;4.95162
14.00000;5.19177
14.66667;5.41384
15.33333;5.64038
15.96458;5.75000
