"MID";"WAV"
0.00000;0.00000
1.00000;0.36090
3.00000;1.08271
4.50000;1.62406
5.00000;1.80451
7.00000;2.52632
9.00000;3.24811
10.00000;3.60902
11.00000;3.96992
13.00000;4.69173
15.00000;5.41353
16.50000;5.95489
17.00000;6.13533
19.00000;6.85714
21.00000;7.57895
22.00000;7.93870
22.99792;8.25000
