"MID";"WAV"
0.00000;0.00000
2.00000;0.74840
4.00000;1.48912
7.00000;2.70109
8.00000;3.07121
9.00000;3.40286
10.00000;3.78064
11.00000;4.10462
12.00000;4.48229
15.00000;5.43797
15.75000;5.70987
16.00000;5.80050
19.00000;6.88810
19.75000;7.15999
20.00000;7.25063
22.50000;8.15696
23.00000;8.33823
23.50000;8.51838
23.99792;8.65000
