"MID";"WAV"
0.00000;0.00000
1.00000;0.55632
3.00000;1.66896
4.00000;2.22529
5.00000;2.78162
7.00000;3.89426
8.00000;4.45058
9.00000;5.00684
10.00000;5.52430
10.50000;5.79469
11.00000;6.06496
12.00000;6.55929
13.00000;7.14651
15.00000;8.18193
15.99792;8.85002
