"MID";"WAV"
0.00000;0.00000
2.00000;0.78760
3.00000;1.18141
4.00000;1.57520
5.00000;1.96901
6.00000;2.36280
7.00000;2.75661
8.00000;3.15042
10.00000;3.93801
11.00000;4.33182
12.00000;4.72561
13.50000;5.31631
14.00000;5.51260
15.99792;6.25000
