"MID";"WAV"
0.50000;0.12589
1.00000;0.28092
1.50000;0.43330
2.00000;0.58571
4.00000;1.26142
6.00000;1.90808
9.99792;2.65000
