"MID";"WAV"
0.00000;0.00000
0.50000;0.76375
1.00000;1.52746
1.50000;2.22422
3.00000;4.18095
3.50000;5.01151
4.25000;6.15714
4.50000;6.56133
6.00000;8.96392
6.50000;9.68302
7.00000;10.35749
7.50000;11.05436
9.00000;13.16711
9.50000;13.88664
10.25000;15.23280
10.50000;15.63673
12.00000;17.77188
12.50000;18.53596
13.00000;19.38894
13.50000;20.26382
14.50000;21.76909
15.00000;22.55515
15.50000;23.34133
16.00000;24.15044
16.49792;25.15002
