"MID";"WAV"
0.00000;0.09590
0.50000;0.19815
1.00000;0.29165
4.00000;0.88755
7.00000;1.55232
8.00000;1.77407
9.00000;1.99583
10.00000;2.21759
12.00000;2.66111
13.00000;2.88288
16.00000;3.54814
19.00000;4.21342
20.00000;4.43518
21.00000;4.65695
22.00000;4.87870
22.99792;5.05000
