MID;WAV
0.00000;0.00000
2.00000;1.39856
3.00000;1.72229
4.00000;2.05725
6.00000;2.76860
8.00000;3.35422
9.00000;3.75360
10.00000;4.16109
12.00000;4.92925
14.00000;5.34438
15.00000;5.66148
16.00000;5.97891
17.00000;6.29634
18.00000;6.63370
19.00000;6.89842
20.00000;7.26830
21.00000;7.58613
22.00000;7.92341
23.89792;8.25000
