"MID";"WAV"
0.00000;0.00000
0.50000;1.08603
1.00000;2.29045
1.50000;3.29752
2.00000;4.48222
2.50000;5.52875
2.75000;6.10139
3.00000;6.71351
3.50000;7.91807
4.00000;9.28037
4.50000;10.42559
5.00000;11.53130
5.50000;12.61732
6.00000;13.70326
6.25000;14.19699
6.50000;14.74987
6.75000;15.32253
7.00000;15.91489
7.50000;17.07989
8.00000;18.24490
8.50000;19.46903
8.75000;20.04169
9.00000;20.61428
9.99792;22.85000
