"MID";"WAV"
0.00000;0.00000
1.00000;1.01596
2.00000;1.89439
2.50000;2.36794
3.00000;2.84154
4.00000;3.78869
4.50000;4.26229
5.00000;4.73587
6.00000;5.68305
7.00000;6.53390
8.50000;8.05098
9.00000;8.52458
10.00000;9.41671
10.50000;9.86281
11.00000;10.32259
12.00000;11.21475
12.50000;11.70208
13.00000;12.18943
15.00000;14.22138
16.99792;16.05000
