"MID";"WAV"
0.00000;0.00000
1.50000;0.70508
2.00000;0.98009
4.00000;2.00648
5.50000;2.94539
6.00000;3.32031
8.00000;4.42044
8.66667;4.80712
9.33333;5.17382
10.00000;5.54052
11.50000;6.36560
12.00000;6.68056
13.50000;7.48571
14.00000;7.82066
15.50000;8.69881
16.00000;9.02080
18.00000;10.14094
20.00000;11.29275
21.99792;12.05000
