"MID";"WAV"
0.00000;0.00000
1.00000;0.68346
1.50000;1.02517
2.00000;1.36690
3.00000;2.05036
3.50000;2.39209
4.00000;2.73381
5.00000;3.41727
5.33333;3.64508
5.66667;3.87290
6.00000;4.10071
7.00000;4.78417
8.00000;5.46762
9.00000;6.15107
9.50000;6.49280
10.00000;6.83452
11.50000;7.85827
11.99792;8.15000
