"MID";"WAV"
0.00000;0.00000
0.25000;0.39776
1.75000;3.90957
2.25000;4.61750
2.75000;5.28139
3.25000;6.01847
4.25000;7.69713
5.25000;9.15665
6.25000;10.68916
7.75000;12.66644
8.25000;13.37427
8.75000;14.11130
9.25000;14.89218
10.25000;16.49764
10.74792;17.05002
