"MID";"WAV"
0.00000;0.00000
5.00000;6.04846
6.00000;7.46000
7.00000;8.83904
8.00000;10.25055
9.00000;11.49936
10.00000;12.78068
11.00000;14.09455
12.00000;15.40843
14.00000;18.55717
15.00000;19.90369
17.00000;22.56404
18.00000;23.97561
19.00000;25.32207
20.00000;26.63596
21.00000;28.04753
23.00000;30.54508
24.00000;32.05433
28.99792;38.05000
