"MID";"WAV"
0.00000;0.00000
1.00000;0.16301
2.00000;0.33651
3.00000;0.53149
4.00000;0.70503
5.00000;0.90057
6.00000;1.09509
7.00000;1.26468
8.00000;1.42027
9.00000;1.62514
10.00000;1.80567
11.00000;1.99523
12.00000;2.18028
13.00000;2.34287
14.00000;2.51665
15.00000;2.67278
16.00000;2.84033
17.00000;3.02434
18.00000;3.20093
19.00000;3.37547
19.99792;4.05000
