"MID";"WAV"
0.00000;0.00000
1.00000;0.21945
4.00000;0.87783
5.00000;1.09729
6.00000;1.29666
7.00000;1.50925
8.00000;1.72198
9.00000;1.92802
10.00000;2.13396
11.00000;2.35326
12.00000;2.55280
13.00000;2.75863
14.00000;2.95804
15.00000;3.17046
16.00000;3.37004
17.00000;3.57581
18.00000;3.78176
19.00000;3.98778
20.00000;4.19373
21.00000;4.40624
22.00000;4.62549
23.00000;4.83842
24.00000;5.05766
25.00000;5.27712
29.00000;6.25516
33.00000;7.30092
35.99792;7.85000
