"MID";"WAV"
0.00000;0.00000
1.00000;0.87707
1.50000;1.31560
2.00000;1.75412
3.00000;2.63119
4.00000;3.50811
5.00000;4.30237
6.00000;5.10732
7.00000;6.00499
7.50000;6.44304
8.00000;6.80967
8.75000;7.46764
9.00000;7.69741
9.75000;8.40614
10.00000;8.60507
12.00000;10.31891
12.99792;11.34998
