"MID";"WAV"
0.00000;0.09709
1.50000;1.19754
2.00000;1.69098
3.50000;2.79928
4.00000;3.21353
5.50000;4.29093
6.00000;4.66936
7.50000;5.80629
8.00000;6.30144
8.49792;7.05000
