"MID";"WAV"
0.00000;0.19906
1.00000;1.71382
2.50000;3.73470
3.00000;4.46164
3.50000;5.20859
4.50000;6.72248
5.00000;7.48891
5.50000;8.03634
6.00000;8.80326
7.00000;10.31693
8.50000;12.29780
9.00000;13.00502
9.50000;13.81202
10.49792;15.45000
