"MID";"WAV"
0.00000;0.00000
2.50000;0.84858
3.00000;1.00254
3.50000;1.15653
4.00000;1.31654
5.00000;1.63653
6.00000;1.95049
7.00000;2.26451
8.00000;2.58448
9.00000;2.89867
10.00000;3.23057
11.00000;3.54453
12.00000;3.85792
13.00000;4.14235
14.00000;4.46794
15.00000;4.76962
16.00000;5.06576
17.00000;5.37922
18.00000;5.67513
19.00000;5.97899
19.99792;6.35000
