"MID";"WAV"
0.00000;0.00000
0.50000;0.24095
1.00000;0.48191
1.50000;0.72287
2.00000;0.96382
3.00000;1.44572
4.00000;1.99534
4.50000;2.28159
5.00000;2.52729
5.50000;2.80430
6.00000;3.09486
7.00000;3.59975
8.00000;4.28907
10.99792;5.25000
