"MID";"WAV"
0.00000;0.00000
0.75000;0.40235
1.00000;0.53708
2.00000;1.50045
2.75000;1.89772
3.00000;2.04720
5.00000;2.99518
5.75000;3.40255
6.00000;3.52056
6.75000;3.76729
7.00000;3.91142
7.75000;4.27230
8.00000;4.40623
9.00000;4.89565
10.99792;5.85000
