"MID";"WAV"
0.00000;0.10487
3.00000;1.04470
3.25000;1.12342
3.50000;1.20215
3.75000;1.28087
4.00000;1.37912
7.00000;2.32429
7.25000;2.40301
7.50000;2.48174
7.75000;2.55895
8.00000;2.62030
9.00000;2.93408
10.00000;3.24899
11.00000;3.58351
12.00000;3.90157
12.99792;4.15002
