"MID";"WAV"
0.00000;0.00000
1.00000;0.39496
3.00000;1.00662
4.00000;1.38856
6.00000;2.20086
7.00000;2.57596
9.00000;3.29143
10.00000;3.78372
12.00000;4.48580
13.00000;4.90905
15.00000;5.70072
16.00000;6.08959
18.00000;6.89493
19.00000;7.29768
21.00000;7.99955
21.99792;8.25000
