"MID";"WAV"
0.00000;-0.30000
1.50000;1.34227
2.00000;1.74313
2.50000;2.20396
3.00000;2.69615
3.50000;2.99293
4.00000;3.30620
5.00000;4.18775
5.33333;4.48149
5.66667;4.71718
6.00000;5.00930
7.50000;6.33173
8.00000;6.81242
8.50000;7.26478
9.00000;7.65388
10.50000;8.93646
11.00000;9.41662
11.50000;9.77724
12.00000;10.11257
12.50000;10.43925
13.00000;10.86013
13.06250;10.91523
13.12500;10.97089
13.75000;11.64129
14.00000;11.86168
15.00000;12.74330
15.99792;13.64998
