"MID";"WAV"
0.00000;0.19291
0.25000;0.39960
1.00000;0.95958
1.25000;1.14448
2.00000;1.69917
2.25000;1.88406
2.91667;2.37710
3.25000;2.60364
3.58333;2.85016
3.91667;3.09669
4.25000;3.31009
4.91667;3.75629
5.25000;4.00279
5.58333;4.24928
5.91667;4.41591
6.25000;4.66236
7.25000;5.36193
8.24792;6.05000
