"MID";"WAV"
0.00000;0.09906
1.00000;0.28652
2.00000;0.50521
3.00000;0.71358
6.00000;1.37512
7.00000;1.60431
8.00000;1.83349
9.00000;2.06268
12.00000;2.75024
13.00000;2.97942
14.00000;3.20861
15.00000;3.43780
18.00000;4.12536
19.00000;4.35455
20.00000;4.58373
21.00000;4.81226
23.99792;5.45002
