"MID";"WAV"
0.00000;0.00000
1.00000;0.19377
2.00000;0.34755
3.00000;0.54137
4.00000;0.84008
5.00000;0.98893
6.00000;1.26267
8.00000;1.71020
9.00000;1.90398
10.00000;2.09783
11.00000;2.35405
12.00000;2.56530
13.00000;2.75902
14.00000;2.91617
15.99792;3.05000
