"MID";"WAV"
0.00000;0.00000
0.50000;0.18828
0.75000;0.28242
1.00000;0.37657
1.25000;0.47071
1.50000;0.56484
1.75000;0.65899
2.00000;0.75312
2.50000;0.94141
2.75000;1.03554
3.00000;1.12968
3.25000;1.22383
3.50000;1.31797
3.75000;1.41211
4.00000;1.50625
4.50000;1.69454
4.75000;1.78867
5.00000;1.88282
5.25000;1.97696
5.50000;2.07110
5.75000;2.16524
6.00000;2.25937
6.75000;2.54179
7.00000;2.63594
8.49792;3.15000
