"MID";"WAV"
1.00000;0.07804
2.75000;1.17922
3.00000;1.30031
4.00000;1.97705
5.50000;2.91917
5.62500;2.99642
5.75000;3.07367
5.83333;3.12518
5.91667;3.17668
6.00000;3.22838
7.00000;3.88636
8.75000;5.01250
9.00000;5.12282
10.00000;5.80733
11.49792;6.65000
