"MID";"WAV"
0.00000;0.00000
0.25000;0.70471
0.50000;1.07568
0.75000;1.42591
1.00000;1.79691
1.25000;2.14706
1.50000;2.53372
1.75000;2.88391
2.25000;3.70411
2.37500;3.90531
2.50000;4.10645
2.75000;4.50874
3.00000;4.90065
3.25000;5.29773
3.31250;5.39830
3.37500;5.49884
3.43750;5.60467
3.50000;5.70523
3.99792;6.05000
