"MID";"WAV"
0.50000;0.10074
1.00000;0.25234
1.50000;0.40394
2.50000;0.69987
3.00000;0.85147
3.50000;0.99580
4.50000;1.28446
5.00000;1.45059
5.50000;1.59492
6.00000;1.78284
8.49792;2.75000
