"MID";"WAV"
0.00000;0.00034
1.00000;0.50530
1.25000;0.64694
1.50000;0.79295
1.75000;0.94330
2.00000;1.09802
3.00000;1.69511
3.25000;1.84547
3.50000;1.99147
3.75000;2.14618
4.00000;2.29217
5.00000;2.84576
5.25000;2.98538
5.50000;3.11631
5.75000;3.25783
6.00000;3.39948
7.00000;3.96607
7.25000;4.10770
7.50000;4.24935
7.75000;4.39100
8.00000;4.53264
8.99792;5.15000
