"MID";"WAV"
0.00000;0.00000
0.75000;0.49156
1.00000;0.64765
1.75000;1.00025
2.00000;1.13875
2.75000;1.61826
3.00000;1.77746
3.75000;2.20184
4.00000;2.36254
4.75000;2.71176
5.00000;2.86173
5.75000;3.25639
6.00000;3.41447
6.75000;3.81410
7.00000;3.97959
7.25000;4.14817
7.50000;4.31392
7.75000;4.43735
7.99792;4.45000
