"MID";"WAV"
0.00000;0.13949
1.00000;0.28741
1.06250;0.30027
2.00000;0.44464
3.00000;0.59998
4.00000;0.74140
4.06250;0.74896
5.00000;0.90195
6.00000;1.09619
7.00000;1.27253
8.00000;1.43567
9.00000;1.59605
10.00000;1.75640
11.00000;1.92202
12.00000;2.08812
13.00000;2.25189
14.00000;2.42274
15.00000;2.57662
16.00000;2.73163
18.99792;3.15000
