"MID";"WAV"
0.00000;0.00000
2.50000;0.50414
3.00000;0.65191
3.50000;0.79969
4.00000;0.94732
4.50000;1.08450
5.00000;1.21867
5.50000;1.37325
6.00000;1.51766
6.50000;1.66901
7.00000;1.82019
7.50000;1.96828
8.00000;2.12679
8.50000;2.29156
9.00000;2.43991
9.50000;2.60103
10.00000;2.74572
10.50000;2.90065
11.00000;3.05808
11.50000;3.19632
12.00000;3.35360
12.50000;3.49121
13.00000;3.63408
13.49792;3.75000
