"MID";"WAV"
0.00000;0.00581
1.50000;1.06388
1.75000;1.27329
2.00000;1.47774
2.50000;1.81349
2.75000;2.00475
3.00000;2.20332
3.50000;2.54231
3.75000;2.73966
4.00000;2.95508
5.50000;4.18078
5.75000;4.37808
6.00000;4.57534
6.50000;4.94572
6.75000;5.13695
7.00000;5.32930
7.50000;5.71180
7.75000;5.90912
8.00000;6.10644
8.50000;6.50725
8.99792;6.95000
