"MID";"WAV"
0.00000;0.00000
2.00000;1.31679
3.00000;1.97518
5.00000;3.29195
6.00000;3.95035
7.00000;4.60872
8.00000;5.25336
9.00000;5.91176
11.00000;7.21475
12.00000;7.84567
13.00000;8.53156
14.00000;9.18990
15.00000;9.82079
17.00000;11.11008
18.00000;11.76843
20.00000;13.05773
21.00000;13.71617
23.99792;15.75002
