"MID";"WAV"
0.00000;0.00000
2.00000;1.06335
4.00000;2.18399
4.66667;2.50283
5.33333;2.78325
6.00000;3.18397
8.00000;4.09118
9.00000;4.69558
10.00000;5.17417
11.99792;6.44998
