"MID";"WAV"
0.00000;0.10051
0.75000;0.60786
1.00000;0.90275
2.00000;1.44039
2.75000;1.93053
3.00000;2.10057
4.00000;2.62077
4.50000;2.88086
5.00000;3.22094
5.50000;3.56104
6.00000;3.90113
7.49792;4.95000
