"MID";"WAV"
0.00000;0.00000
1.00000;0.31302
3.00000;0.70813
4.00000;0.91729
5.00000;1.20291
6.00000;1.36771
7.00000;1.52143
8.00000;1.80270
9.00000;2.00687
9.50000;2.11283
10.00000;2.25406
12.00000;2.61178
13.00000;2.86394
14.00000;3.11810
15.00000;3.30191
16.00000;3.52665
17.00000;3.71778
18.00000;3.91382
19.00000;4.12584
20.00000;4.32120
20.99792;4.55000
