"MID";"WAV"
0.00000;0.00000
1.00000;0.27812
2.00000;0.52860
3.00000;0.79955
4.00000;1.01519
6.00000;1.41278
7.00000;1.69067
9.00000;2.19922
10.00000;2.51137
13.00000;3.28937
15.00000;3.69541
16.00000;4.00793
18.00000;4.60584
19.00000;4.90620
21.00000;5.61510
22.00000;6.19108
24.99792;7.24998
