"MID";"WAV"
0.00000;0.00000
1.00000;0.46790
2.00000;0.89939
3.00000;1.35514
4.00000;1.78664
4.50000;2.00536
5.00000;2.20595
5.50000;2.41261
6.00000;2.62534
6.50000;2.84412
7.00000;3.06289
8.00000;3.50046
8.50000;3.71923
9.00000;3.93801
9.50000;4.15679
10.00000;4.37557
10.50000;4.59435
11.00000;4.81313
12.00000;5.25069
12.50000;5.46947
13.00000;5.68825
13.50000;5.90702
14.00000;6.12580
14.50000;6.34457
15.00000;6.56322
15.99792;6.95000
