"MID";"WAV"
0.00000;0.00000
3.00000;1.09799
4.50000;1.69759
6.75000;2.58779
7.00000;2.69557
7.25000;2.79682
7.50000;2.88659
9.75000;4.07521
10.00000;4.18261
10.25000;4.28718
10.50000;4.39175
10.99792;4.55000
