"MID";"WAV"
0.00000;0.00000
1.00000;0.38340
1.50000;0.57510
2.25000;0.86264
2.50000;0.95850
3.00000;1.15020
4.00000;1.53360
4.50000;1.72647
5.25000;2.09632
5.50000;2.20426
6.00000;2.38418
6.06250;2.41196
7.00000;2.80164
7.50000;2.99799
8.25000;3.30690
8.50000;3.40289
9.00000;3.59929
10.00000;4.00873
10.50000;4.20537
11.99792;4.55000
