"MID";"WAV"
0.00000;0.00000
1.00000;0.50368
1.50000;0.67564
2.00000;0.90741
3.00000;1.33122
4.00000;1.73494
4.50000;1.96673
5.00000;2.17863
6.00000;2.60234
7.00000;2.97736
7.50000;3.11801
8.00000;3.32973
8.50000;3.52166
9.00000;3.75351
9.50000;3.98538
10.00000;4.22598
10.99792;5.05000
