"MID";"WAV"
0.00000;0.00000
1.00000;0.31254
2.00000;0.62508
3.00000;0.93762
4.00000;1.25016
5.00000;1.56270
5.50000;1.71897
6.00000;1.87524
6.50000;2.03152
7.00000;2.18778
7.50000;2.34405
8.00000;2.50033
9.00000;2.81286
10.00000;3.12541
11.00000;3.43795
12.00000;3.75049
13.00000;4.06303
13.50000;4.21930
14.00000;4.37557
14.50000;4.53184
15.00000;4.68788
15.99792;4.95000
