"MID";"WAV"
0.00000;0.04744
1.00000;0.29945
1.50000;0.41567
2.00000;0.54238
2.50000;0.65769
3.00000;0.76538
3.50000;0.87294
4.00000;0.98051
4.50000;1.08807
5.00000;1.19564
5.50000;1.34198
6.00000;1.45076
6.50000;1.55833
7.00000;1.69585
9.00000;2.29282
10.00000;2.49562
11.00000;2.78685
12.00000;3.03940
13.00000;3.26991
14.00000;3.49442
15.00000;3.69169
16.00000;3.91511
17.00000;4.14894
18.00000;4.38107
18.99792;4.65000
