"MID";"WAV"
0.00000;0.00000
2.00000;0.39489
3.00000;0.59598
4.00000;0.79345
7.00000;1.38942
8.00000;1.60142
9.00000;1.79538
10.00000;1.99276
11.00000;2.19747
12.00000;2.39137
15.00000;2.99828
16.00000;3.20301
17.00000;3.40061
18.00000;3.60163
19.00000;3.80273
20.00000;4.00026
20.99792;4.25000
