"MID";"WAV"
0.00000;0.10513
2.00000;0.48504
2.50000;0.58564
3.00000;0.63880
5.00000;1.04107
6.00000;1.19509
8.00000;1.54012
9.00000;1.71263
11.00000;2.03767
12.00000;2.21019
14.00000;2.57526
14.50000;2.68149
15.00000;2.77855
17.00000;3.11276
18.00000;3.28527
20.00000;3.63033
21.00000;3.82275
23.00000;4.09645
23.99792;4.85000
