"MID";"WAV"
0.00000;0.00000
0.50000;0.63359
1.00000;1.30187
1.50000;2.00461
2.00000;2.69363
2.50000;3.38926
3.00000;4.00928
3.50000;4.69100
4.00000;5.31788
4.50000;5.98582
5.00000;6.61985
5.50000;7.30453
5.99792;7.55000
