"MID";"WAV"
0.00000;0.00000
1.00000;0.16432
2.00000;0.33563
3.00000;0.50345
4.00000;0.66776
5.00000;0.84610
6.00000;1.02792
7.00000;1.19925
7.50000;1.29018
8.00000;1.38109
8.50000;1.47202
9.00000;1.56291
12.00000;2.09781
15.00000;2.60498
16.00000;2.79714
17.00000;2.96836
18.00000;3.12923
19.00000;3.29688
20.00000;3.44727
21.00000;3.61076
21.99792;3.95000
