"MID";"WAV"
0.00000;0.00000
1.50000;0.39697
2.00000;0.60867
2.50000;0.79389
3.00000;0.98437
3.50000;1.15631
4.00000;1.31777
4.50000;1.48714
5.00000;1.65658
5.50000;1.83661
6.00000;2.01909
6.50000;2.19127
7.00000;2.37626
7.50000;2.54300
8.00000;2.71150
8.99792;2.94998
