"MID";"WAV"
0.00000;0.00000
1.00000;1.15014
2.00000;2.21826
2.75000;3.06903
3.00000;3.36736
3.25000;3.62706
3.50000;3.89615
4.00000;4.42509
5.00000;5.50291
5.75000;6.30897
6.00000;6.55887
6.25000;6.81793
6.50000;7.07504
7.00000;7.56619
8.00000;8.66242
8.50000;9.18392
9.00000;9.74096
9.50000;10.27324
10.00000;10.84328
10.94792;11.75000
