"MID";"WAV"
0.00000;0.00000
1.50000;1.10002
3.00000;2.39848
4.50000;3.51575
6.00000;4.79701
7.50000;6.00058
8.00000;6.48234
9.00000;7.27321
10.50000;8.48542
11.00000;8.88948
11.50000;9.29356
12.00000;9.69761
12.49792;10.05000
