"MID";"WAV"
0.00000;0.00000
1.00000;0.71800
2.00000;1.48755
2.06250;1.52993
3.00000;2.21586
4.00000;2.92340
5.00000;3.61030
5.06250;3.65261
6.00000;4.30731
7.00000;4.91158
7.50000;5.22896
8.00000;5.52597
8.50000;5.83358
9.00000;6.19213
10.00000;6.80690
11.00000;7.48393
11.33333;7.74015
11.66667;7.97629
12.00000;8.23240
13.00000;8.90901
14.00000;9.59552
15.00000;10.22070
16.00000;10.89639
16.99792;11.45000
