"MID";"WAV"
0.00000;0.00000
0.50000;0.35891
1.00000;0.71782
1.50000;1.07674
2.00000;1.43565
2.50000;1.79456
3.25000;2.33292
3.50000;2.51238
3.75000;2.69183
4.00000;2.87129
4.25000;3.05074
4.50000;3.23021
5.00000;3.58912
5.50000;3.94803
6.00000;4.30694
6.50000;4.66585
7.25000;5.20422
7.50000;5.38368
7.75000;5.56313
8.00000;5.74259
8.25000;5.92204
8.49792;6.05000
