"MID";"WAV"
0.00000;0.00385
0.50000;0.18121
1.00000;0.35646
1.50000;0.53525
2.00000;0.70960
2.50000;0.88647
3.00000;1.05600
3.50000;1.22647
4.00000;1.40452
5.00000;2.04178
6.00000;2.38581
6.50000;2.55629
7.00000;2.72678
7.50000;2.89726
8.00000;3.06775
8.50000;3.23824
9.00000;3.40872
9.50000;3.59829
10.00000;3.76968
11.00000;4.13014
11.99792;4.45000
