"MID";"WAV"
0.00000;0.00000
0.25000;0.19649
0.50000;0.39298
0.75000;0.58940
1.00000;0.77017
1.25000;0.94599
1.50000;1.14758
1.75000;1.33875
2.00000;1.52476
2.25000;1.70598
2.50000;1.91282
2.75000;2.11443
3.00000;2.31092
3.25000;2.50765
3.50000;2.71407
3.75000;2.90023
4.00000;3.09149
4.25000;3.28275
4.50000;3.47421
4.75000;3.67087
5.00000;3.87182
5.25000;4.05242
5.50000;4.22868
5.75000;4.41972
6.00000;4.60598
6.25000;4.79796
6.50000;5.00465
6.75000;5.20831
6.99792;5.45000
