"MID";"WAV"
0.00000;0.00000
1.00000;1.68475
1.50000;2.56383
2.00000;3.49300
3.50000;5.99879
3.62500;6.18315
3.75000;6.37695
3.87500;6.59674
4.00000;6.80929
4.50000;7.62184
5.00000;8.40297
5.50000;9.20144
6.00000;10.09999
6.24792;10.75000
