"MID";"WAV"
0.00000;0.00000
1.25000;0.78737
1.50000;0.98303
1.75000;1.18592
2.00000;1.39584
3.25000;2.31797
3.50000;2.51368
3.75000;2.69532
4.00000;2.89810
4.50000;3.26844
5.00000;3.70944
5.50000;4.08695
6.00000;4.48550
7.25000;5.47141
7.50000;5.66016
7.75000;5.84884
8.00000;6.03751
9.25000;6.98086
9.50000;7.16954
9.75000;7.35821
10.00000;7.54689
10.99792;8.25000
