"MID";"WAV"
0.00000;0.00000
2.00000;0.79740
2.33333;1.10623
2.66667;1.39928
3.00000;1.78873
4.00000;2.49951
6.00000;3.78172
6.33333;4.14467
6.66667;4.45503
7.00000;4.87697
7.99792;5.35000
