"MID";"WAV"
0.00000;0.00000
0.50000;0.11788
1.50000;0.35362
2.00000;0.47150
3.00000;0.69605
3.50000;0.81663
4.50000;1.03287
5.00000;1.15055
6.00000;1.36404
6.50000;1.48161
8.00000;1.78224
9.00000;2.00073
9.50000;2.11022
11.00000;2.40243
12.00000;2.64271
12.50000;2.75805
13.99792;3.25000
