"MID";"WAV"
0.00000;0.00000
1.00000;0.45498
1.75000;0.79620
2.00000;0.90996
3.00000;1.36493
3.75000;1.70616
4.00000;1.81990
4.75000;2.16114
5.00000;2.27488
5.75000;2.61611
6.00000;2.72986
6.75000;3.07109
7.00000;3.18484
7.75000;3.52607
8.00000;3.63981
8.06250;3.66825
8.75000;3.98104
9.00000;4.09479
9.75000;4.43602
10.00000;4.54977
10.75000;4.89099
11.00000;5.00474
11.75000;5.34597
12.00000;5.45897
12.74792;5.75000
