"MID";"WAV"
0.00000;0.00000
0.50000;1.29234
1.50000;2.97096
2.00000;4.00023
2.50000;5.01464
3.75000;6.98917
3.87500;7.27543
4.00000;7.51796
4.12500;7.73154
4.25000;7.95951
4.37500;8.17277
4.50000;8.37197
5.50000;10.22588
6.00000;11.12388
6.50000;12.15280
7.37500;13.72062
7.50000;13.97871
8.49792;16.45000
