"MID";"WAV"
0.00000;0.19615
2.00000;1.73911
2.50000;1.99616
3.00000;2.15607
3.50000;2.34675
4.00000;2.50230
5.50000;3.04727
6.00000;3.18384
7.00000;3.61401
8.00000;3.98378
8.50000;4.12092
9.00000;4.25832
9.50000;4.45312
9.99792;4.75000
