"MID";"WAV"
0.00000;0.19556
1.00000;0.73899
2.00000;1.29794
3.00000;1.85692
4.00000;2.33607
5.00000;2.89506
6.00000;3.51400
7.00000;4.07298
8.00000;4.51202
9.00000;4.91108
10.00000;5.36033
11.00000;5.74895
12.00000;6.12799
13.00000;6.48924
14.00000;6.85981
15.00000;7.16515
16.00000;7.60396
17.00000;8.04294
18.00000;8.42202
18.99792;8.95000
