"MID";"WAV"
0.00000;0.00000
1.00000;1.29068
1.50000;1.81950
2.50000;2.91850
3.00000;3.40594
4.00000;4.40152
4.50000;4.88897
6.00000;6.50644
6.50000;6.99389
7.00000;7.51237
7.50000;8.19631
7.62500;8.34110
7.75000;8.52277
8.50000;9.07813
9.00000;9.51387
9.50000;10.04268
11.39792;12.04998
