"MID";"WAV"
0.00000;0.00000
2.00000;1.63149
4.00000;3.22070
6.00000;4.96488
8.00000;6.57623
10.00000;8.29827
11.00000;9.13715
12.00000;9.90962
14.00000;11.52098
15.00000;12.20490
16.00000;13.15447
18.00000;14.78796
20.00000;16.39931
20.33333;16.67156
20.66667;16.92167
21.00000;17.19392
22.50000;18.55186
23.00000;18.87168
23.50000;19.19151
24.00000;19.51134
25.89792;21.15000
