"MID";"WAV"
1.00000;0.08504
2.00000;0.37328
3.00000;0.63513
5.00000;1.28515
7.00000;1.85524
9.00000;2.46530
11.00000;3.09535
13.00000;3.69687
15.00000;4.27562
17.00000;5.06554
18.66667;5.55393
19.33333;5.75746
19.99792;6.05000
