"MID";"WAV"
0.50000;1.06412
1.00000;1.72819
1.75000;2.47933
2.00000;2.80136
2.25000;3.10092
4.00000;5.09640
4.50000;5.70816
5.00000;6.28232
5.50000;6.88520
6.00000;7.46929
6.25000;7.77133
6.50000;8.07341
7.00000;8.71750
7.50000;9.42161
8.00000;10.06557
8.50000;10.50988
9.00000;11.13393
9.25000;11.45600
10.50000;13.15359
11.50000;14.42072
12.25000;15.52089
12.49792;16.05000
