"MID";"WAV"
0.00000;0.15038
0.75000;1.29060
1.00000;1.64822
4.00000;5.65776
5.00000;7.06409
8.00000;11.24458
9.00000;12.68945
12.00000;16.79285
13.00000;18.23773
16.00000;22.49531
17.00000;23.90166
20.00000;28.19776
21.00000;29.60410
24.00000;33.93877
25.00000;35.34510
28.00000;39.48707
28.75000;40.58034
29.00000;40.93195
31.99792;43.75002
