"MID";"WAV"
0.00000;0.00000
0.50000;0.20892
1.00000;0.48784
1.50000;0.76679
2.00000;1.05344
3.00000;1.58814
3.50000;1.89816
4.00000;2.21607
5.00000;2.86706
5.50000;3.15377
6.00000;3.44080
7.00000;4.09969
7.50000;4.40955
8.00000;4.70397
8.50000;4.99076
9.00000;5.28565
9.50000;5.61101
10.00000;5.92027
11.00000;6.40888
11.50000;6.71112
12.00000;7.01335
13.00000;7.61005
13.50000;7.90470
14.00000;8.20472
14.99792;8.55000
