"MID";"WAV"
0.00000;0.00000
2.00000;1.04331
2.75000;1.48704
3.00000;1.63495
3.75000;2.10946
4.00000;2.25122
5.00000;2.89210
6.00000;3.58818
6.75000;4.10577
7.00000;4.28440
7.75000;4.74985
8.00000;4.90393
8.50000;5.18755
9.00000;5.61205
9.50000;5.91451
9.75000;6.05635
10.00000;6.19812
10.50000;6.49695
11.00000;6.79891
11.99792;7.15000
