"MID";"WAV"
0.00000;0.00000
4.00000;2.13687
6.00000;3.38358
9.00000;5.31372
10.00000;5.84260
11.00000;6.39063
12.00000;6.97617
16.00000;9.35638
18.00000;10.50884
29.99792;22.05000
