"MID";"WAV"
0.00000;0.01282
1.00000;0.52906
2.00000;0.96992
3.00000;1.44754
3.12500;1.51119
3.25000;1.57483
3.37500;1.63848
3.50000;1.70213
4.00000;1.95724
4.50000;2.25131
5.00000;2.50556
6.00000;2.97507
7.00000;3.48426
8.00000;3.99321
9.00000;4.48261
10.00000;4.98847
11.99792;5.55000
