"MID";"WAV"
0.00000;0.00000
3.00000;0.80634
5.50000;1.47932
6.00000;1.66781
9.00000;2.40529
11.50000;3.10033
12.00000;3.29461
15.00000;4.10866
18.00000;5.01347
20.99792;6.05000
