"MID";"WAV"
0.00000;0.00000
1.00000;0.66349
1.50000;1.00726
1.56250;1.04855
2.00000;1.34513
3.00000;1.99252
4.00000;2.60633
4.50000;2.96466
4.56250;3.02070
5.00000;3.30920
6.00000;4.10826
6.50000;4.44586
7.50000;5.11420
8.00000;5.46559
8.50000;5.78244
9.50000;6.43686
10.00000;6.75377
10.50000;7.09124
11.50000;7.69700
11.99792;7.95000
