"MID";"WAV"
0.00000;0.00000
0.37500;0.48199
0.50000;0.64598
0.87500;1.11509
1.00000;1.25672
1.37500;1.66108
1.50000;1.92962
1.87500;2.35754
2.00000;2.54988
2.37500;2.86525
2.50000;3.06728
2.87500;3.41278
3.00000;3.58705
3.37500;4.09604
3.50000;4.26267
3.87500;4.62949
4.00000;4.81375
4.37500;5.32639
4.50000;5.49836
4.87500;5.89073
5.00000;6.02675
5.37500;6.41640
5.50000;6.51661
5.87500;7.03848
6.00000;7.19450
6.37500;7.71790
6.50000;7.88829
7.24792;8.65000
