"MID";"WAV"
0.00000;0.00000
0.75000;0.30204
1.00000;0.39503
1.75000;0.68050
2.00000;0.79335
2.75000;1.07397
3.00000;1.18283
3.75000;1.37667
4.00000;1.47679
4.75000;1.76697
5.00000;1.90288
5.75000;2.17244
6.00000;2.32712
6.75000;2.58927
7.00000;2.71582
7.75000;2.95806
7.99792;3.05000
