"MID";"WAV"
1.00000;0.46004
1.06250;0.48130
2.00000;0.80009
3.00000;1.06027
3.06250;1.08140
5.00000;1.68023
5.06250;1.70087
5.50000;1.83026
5.56250;1.85151
6.00000;2.00028
6.06250;2.02064
7.00000;2.28033
7.06250;2.30158
8.00000;2.58681
8.06250;2.60165
9.00000;2.86912
9.06250;2.88164
12.00000;3.80065
14.99792;5.05000
