"MID";"WAV"
0.00000;0.10769
0.75000;0.88634
1.00000;1.05511
2.00000;1.65024
3.00000;2.34535
3.06250;2.38755
5.00000;3.75556
5.50000;4.09315
6.00000;4.29596
6.50000;4.54833
7.00000;4.80588
8.00000;5.42094
8.75000;6.08496
9.00000;6.30836
11.99792;7.95000
