"MID";"WAV"
0.00000;0.00000
2.00000;1.35587
3.00000;2.07382
4.00000;2.77176
5.00000;3.48969
5.75000;4.09813
6.00000;4.27146
6.75000;4.89606
7.00000;5.08551
8.99792;6.05000
