"MID";"WAV"
0.00000;0.00000
0.50000;0.60595
0.56250;0.70883
1.00000;1.23702
1.50000;1.74553
2.00000;2.24260
2.06250;2.29766
2.50000;2.68257
3.00000;3.16738
3.50000;3.57965
3.56250;3.66314
4.00000;4.10808
4.50000;4.61659
5.00000;5.13321
5.16667;5.35455
5.33333;5.50412
5.50000;5.67361
5.99792;6.05000
