"MID";"WAV"
0.00000;0.00000
1.00000;0.27627
1.50000;0.35842
2.00000;0.43257
3.00000;0.68885
4.00000;0.94513
5.00000;1.20145
5.50000;1.34956
6.00000;1.47770
6.50000;1.60585
7.00000;1.73404
8.00000;2.05031
9.00000;2.34655
9.50000;2.47470
10.00000;2.60285
11.00000;2.86854
12.00000;3.15535
15.99792;4.05000
