"MID";"WAV"
0.25000;0.63280
0.50000;0.91694
0.75000;1.27107
1.00000;1.59444
1.25000;1.91516
1.50000;2.30493
2.50000;3.72206
3.00000;4.48474
3.75000;5.41299
4.00000;5.70532
4.25000;6.03959
4.50000;6.36494
6.25000;9.03059
6.50000;9.41553
6.75000;9.72091
7.00000;10.06606
7.25000;10.41145
7.50000;10.79650
8.50000;12.13759
9.00000;12.90803
9.75000;14.06368
10.00000;14.44642
10.25000;14.81414
10.50000;15.19999
11.74792;17.65000
