"MID";"WAV"
0.00000;0.00000
1.50000;0.65401
2.00000;0.75973
4.66667;1.30000
5.33333;1.45000
6.00000;1.60000
6.66667;1.75000
7.33333;1.90000
8.00000;2.05000
9.50000;2.36325
10.00000;2.48683
12.66667;3.15000
13.33333;3.28000
14.00000;3.41000
14.66667;3.54000
15.33333;3.67000
16.00000;3.80000
17.50000;4.21539
18.00000;4.35682
20.84792;5.15000
