"MID";"WAV"
1.00000;0.00210
2.00000;1.00453
3.00000;2.30788
3.94792;4.35000
