"MID";"WAV"
0.00000;0.10333
0.75000;0.54285
1.00000;0.67063
2.00000;1.19903
3.00000;1.66569
3.04167;1.69191
3.75000;2.00858
4.00000;2.12152
5.00000;2.59053
6.00000;3.00168
6.04167;3.02011
6.75000;3.33224
7.00000;3.43157
8.00000;3.86046
9.00000;4.25296
9.75000;4.60116
10.00000;4.75033
11.00000;5.37772
11.94792;5.95000
