"MID";"WAV"
0.00000;0.00000
2.00000;0.36569
6.00000;1.33319
6.50000;1.44446
7.00000;1.55574
7.50000;1.66701
8.00000;1.77828
10.00000;2.12028
14.00000;3.00000
14.50000;3.13333
15.00000;3.26667
15.50000;3.40000
16.00000;3.50000
16.66667;3.62917
17.33333;3.75833
18.00000;3.88750
18.66667;4.01667
19.33333;4.14583
20.00000;4.27500
20.66667;4.40417
21.33333;4.53333
22.00000;4.66250
22.66667;4.79167
23.33333;4.92083
24.00000;5.05000
24.94792;5.54998
