"MID";"WAV"
0.00000;0.11333
1.00000;0.98012
2.00000;1.70018
3.50000;2.55041
4.00000;2.92168
4.06250;3.08427
4.75000;3.62547
5.00000;3.78062
6.50000;4.49083
7.00000;4.73386
7.75000;5.14591
8.00000;5.30092
9.50000;6.05107
10.00000;6.45386
10.06250;6.56488
10.75000;7.10621
11.00000;7.28123
12.99792;8.65000
