"MID";"WAV"
1.00000;1.40493
3.00000;3.27511
4.50000;5.00245
5.50000;5.98774
6.25000;6.94134
6.50000;7.21274
6.75000;7.50683
7.00000;7.65969
7.25000;7.84636
7.50000;8.11713
7.75000;8.32864
8.00000;8.55968
9.00000;9.40538
9.75000;10.33760
10.00000;10.62970
11.00000;11.49546
11.75000;12.38893
12.00000;12.65997
12.99792;13.65000
