"MID";"WAV"
0.00000;0.09060
0.50000;0.18948
1.00000;0.29875
2.00000;0.53712
3.00000;0.75625
4.00000;0.97499
6.00000;1.41250
7.00000;1.63124
8.00000;1.85000
9.00000;2.06874
10.00000;2.28749
12.00000;2.72499
12.50000;2.83437
13.00000;2.92864
14.00000;3.14249
15.00000;3.36124
16.00000;3.57998
18.00000;4.01748
19.00000;4.23623
20.00000;4.45498
21.00000;4.67373
22.00000;4.87663
23.99792;5.30000
