"MID";"WAV"
0.00000;0.19410
1.50000;2.68440
1.75000;3.21064
2.00000;3.49741
2.50000;3.93201
2.66667;4.10345
2.83333;4.27581
3.00000;4.50778
3.50000;5.27910
4.00000;5.75427
6.50000;7.82825
6.75000;8.13507
7.00000;8.42776
7.99792;9.95000
