"MID";"WAV"
0.00000;0.00000
0.25000;0.16679
0.50000;0.33352
0.66667;0.42476
0.83333;0.49605
1.00000;0.60721
1.33333;0.86631
1.50000;0.96075
1.66667;1.01699
1.83333;1.12309
2.16667;1.36541
2.33333;1.47650
2.50000;1.54783
2.66667;1.65901
2.99792;1.95000
