"MID";"WAV"
0.00000;0.00000
2.00000;1.94430
2.12500;2.05299
2.25000;2.16138
2.37500;2.28536
2.50000;2.39395
3.00000;2.71897
3.50000;2.99547
4.00000;3.45190
6.00000;4.97787
8.00000;6.90379
9.00000;7.53672
10.00000;8.18983
11.00000;8.99093
11.75000;9.90689
12.00000;10.14795
13.99792;11.05000
