"MID";"WAV"
0.00000;0.00000
1.00000;0.69385
2.50000;1.71459
3.00000;2.06146
3.50000;2.32843
4.00000;2.65534
5.00000;3.30921
6.00000;4.00304
7.00000;4.63692
8.00000;5.35071
9.50000;6.33150
9.75000;6.48490
10.00000;6.63842
10.50000;6.94533
11.00000;7.28815
11.50000;7.61917
12.00000;7.96607
13.00000;8.42009
13.09375;8.47655
13.18750;8.53001
13.28125;8.59009
13.37500;8.64014
13.75000;8.90031
14.00000;9.21015
15.99792;11.05000
