"MID";"WAV"
0.00000;0.16325
0.75000;1.33647
1.00000;1.68267
3.00000;3.79252
4.00000;4.91534
7.00000;7.70880
8.00000;8.59588
8.75000;9.46472
9.00000;9.78954
11.00000;11.69556
12.00000;12.73415
13.50000;14.24466
14.00000;14.69265
15.00000;15.55069
15.06250;15.65959
15.42708;16.19707
15.85417;16.33872
16.28125;16.47639
16.70833;16.62801
17.13542;16.76020
17.56250;16.92957
17.98750;17.25000
