"MID";"WAV"
0.00000;0.10154
0.50000;0.47777
1.00000;0.79719
1.50000;1.11334
2.00000;1.45091
2.50000;1.72889
3.00000;2.06656
4.00000;2.70049
5.00000;3.31526
6.00000;3.90842
7.00000;4.49322
8.00000;5.10071
9.00000;5.70806
10.00000;6.31555
11.00000;6.98875
11.99792;7.35000
