"MID";"WAV"
0.00000;0.00000
0.50000;0.59699
1.25000;1.21391
1.50000;1.43231
2.00000;1.81149
2.75000;2.40265
3.00000;2.58909
3.50000;2.98734
4.00000;3.28964
4.50000;3.70086
5.00000;4.11207
5.50000;4.52335
6.00000;5.01781
6.50000;5.48668
7.25000;5.90483
7.50000;6.11697
8.00000;6.70750
8.75000;7.19616
8.99792;7.44998
