"MID";"WAV"
0.00000;0.10342
3.00000;0.77108
6.00000;1.36229
9.00000;1.95344
12.00000;2.63180
15.00000;3.26810
18.00000;3.95355
21.00000;4.53806
24.00000;5.18874
26.00000;5.58325
27.00000;5.79983
30.00000;6.41128
33.00000;7.09367
35.99792;7.55000
