"MID";"WAV"
0.00000;0.19650
0.50000;0.62338
1.50000;1.43018
2.00000;1.73356
2.75000;2.31864
3.00000;2.52033
4.75000;3.85220
5.00000;4.05389
5.75000;4.60726
6.00000;4.80760
8.00000;6.39424
8.50000;6.81756
9.50000;7.50443
10.00000;7.88778
10.75000;8.41288
11.00000;8.61456
12.00000;9.42134
12.75000;10.00574
13.00000;10.19712
13.75000;10.71321
14.00000;10.91495
14.99792;12.05000
