"MID";"WAV"
0.00000;0.19282
1.00000;1.02343
2.00000;1.82683
4.50000;3.52549
5.00000;3.99379
5.33333;4.25824
5.66667;4.47943
6.00000;4.70062
6.87500;5.30609
7.00000;5.50356
8.00000;6.24741
10.00000;7.75423
13.00000;9.90454
13.50000;10.33624
14.00000;10.74795
14.33333;11.00909
14.66667;11.20501
15.00000;11.45131
16.00000;12.13478
17.00000;12.89845
17.99792;14.05000
