"MID";"WAV"
0.00000;0.19786
1.00000;0.70307
2.00000;1.10754
3.50000;1.62047
3.75000;1.74907
4.00000;1.87768
4.25000;2.00629
4.50000;2.13383
4.75000;2.24438
5.00000;2.35020
5.50000;2.55072
6.00000;2.76488
6.25000;2.87114
6.50000;2.95229
6.75000;3.03028
7.00000;3.13657
7.50000;3.30224
7.99792;3.45000
