"MID";"WAV"
0.00000;0.00000
1.00000;0.45441
2.00000;1.06142
2.50000;1.32714
2.75000;1.45985
3.00000;1.59256
4.00000;2.12342
5.00000;2.65427
5.25000;2.78698
5.50000;2.91970
5.75000;3.05242
6.00000;3.18513
8.00000;4.38732
9.00000;4.89026
10.00000;5.38586
11.00000;5.80065
12.00000;6.09832
12.25000;6.20442
12.50000;6.32960
12.75000;6.45640
12.99792;6.84998
