"MID";"WAV"
0.00000;0.00000
1.00000;0.49538
1.50000;0.78197
2.00000;1.01151
2.50000;1.18216
3.00000;1.36948
3.50000;1.53434
4.00000;1.68856
4.50000;1.85190
5.00000;2.00389
5.50000;2.16170
6.00000;2.31892
6.50000;2.46386
6.99792;2.55000
