"MID";"WAV"
0.00000;0.12940
1.33333;1.00075
1.66667;1.14133
2.00000;1.34143
3.50000;1.91265
4.00000;2.10303
4.50000;2.29341
5.00000;2.50376
5.50000;2.65426
6.00000;2.83624
6.50000;2.99478
7.00000;3.16512
7.50000;3.31555
8.00000;3.48593
8.50000;3.65626
9.00000;3.79349
9.50000;3.97710
10.00000;4.16742
10.50000;4.29785
11.00000;4.46823
11.50000;4.65860
12.00000;4.80899
12.50000;4.97938
13.00000;5.18975
13.50000;5.40013
14.00000;5.61049
14.49792;5.95000
