"MID";"WAV"
0.00000;0.19385
1.75000;1.54145
2.00000;1.71016
3.00000;2.18525
4.00000;2.66050
6.00000;4.09068
6.50000;4.36831
7.00000;4.56591
7.75000;4.85221
8.00000;4.96097
9.00000;5.47606
10.00000;6.25982
10.50000;6.58881
11.99792;8.05000
