"MID";"WAV"
0.00000;0.00000
0.06250;0.03704
1.00000;0.53280
1.50000;0.90873
2.00000;1.18275
2.50000;1.42139
3.00000;1.71765
3.06250;1.75453
4.00000;2.26752
4.50000;2.52567
5.00000;2.76215
5.50000;3.01877
6.00000;3.29502
6.50000;3.57158
7.00000;3.86739
10.50000;5.75241
11.00000;5.95747
11.50000;6.23195
11.99792;6.45000
