"MID";"WAV"
0.00000;0.03632
1.00000;0.66179
3.00000;1.81485
3.50000;2.12588
4.00000;2.36425
5.00000;2.94997
6.00000;3.71731
7.00000;4.29576
9.00000;5.18387
9.50000;5.56754
10.00000;5.79138
11.00000;6.31172
12.00000;6.99914
13.00000;7.50495
14.89792;8.45000
