"MID";"WAV"
0.00000;0.00000
1.00000;0.37844
2.00000;1.01693
2.75000;1.58867
3.00000;1.86794
4.00000;2.71379
4.75000;3.23504
5.00000;3.39873
6.00000;4.31729
7.00000;5.00927
8.00000;5.64772
8.75000;6.19663
9.00000;6.50618
9.50000;6.88540
10.00000;7.22701
10.06250;7.30572
10.50000;7.64379
11.00000;7.92332
11.99792;9.05000
