"MID";"WAV"
0.00000;0.19718
1.25000;1.40560
1.37500;1.54535
1.50000;1.67606
2.75000;2.99222
2.87500;3.12486
3.00000;3.24708
4.25000;4.54240
4.37500;4.67673
4.50000;4.80380
5.74792;5.95000
