"MID";"WAV"
0.00000;0.19735
0.25000;0.29180
0.50000;0.37528
0.75000;0.48277
1.00000;0.59037
1.75000;0.93312
2.00000;1.04072
3.75000;1.79384
4.00000;1.90143
5.75000;2.65455
6.00000;2.76214
6.75000;3.10109
7.00000;3.19788
8.75000;3.90281
9.00000;3.97321
10.75000;4.69098
11.00000;4.79395
12.75000;5.48334
13.00000;5.57467
13.75000;5.89742
14.00000;6.00500
14.75000;6.26780
15.00000;6.37535
16.49792;6.95000
