"MID";"WAV"
0.00000;0.00000
0.25000;0.17929
0.50000;0.39277
0.75000;0.51736
1.00000;0.68982
1.25000;0.81621
1.50000;1.01781
1.75000;1.27412
2.00000;1.41418
2.25000;1.59528
2.50000;1.80372
2.56250;1.85583
2.75000;2.01216
3.00000;2.18641
4.00000;2.89026
4.25000;3.08503
4.50000;3.26612
4.75000;3.41303
5.00000;3.61463
5.25000;3.71367
5.50000;3.88792
5.75000;4.00748
6.00000;4.11335
6.25000;4.39017
6.50000;4.59861
6.56250;4.65072
6.75000;4.91646
7.00000;5.10439
7.94792;5.75000
