"MID";"WAV"
0.00000;0.19744
0.25000;0.30242
0.50000;0.43354
0.75000;0.53041
1.00000;0.62720
1.50000;0.82079
2.00000;0.99446
2.50000;1.18799
3.00000;1.38159
3.50000;1.55530
4.00000;1.74879
4.50000;1.94239
5.00000;2.11615
5.50000;2.27621
6.00000;2.48298
6.50000;2.64902
7.00000;2.80138
7.99792;2.95000
