"MID";"WAV"
0.00000;0.10462
1.00000;0.88329
1.75000;1.54183
2.00000;1.70637
3.00000;2.34952
4.00000;2.83271
6.00000;4.15906
7.00000;4.78224
7.16667;4.88592
7.33333;4.94993
7.50000;5.03385
8.00000;5.35694
8.50000;5.57700
9.00000;5.86847
9.50000;6.03995
10.00000;6.17170
12.00000;7.23812
12.99792;7.85000
