"MID";"WAV"
0.00000;0.00000
1.00000;0.81380
2.00000;1.80748
3.00000;2.83482
3.75000;3.76529
4.00000;4.03690
6.75000;6.87803
7.00000;7.19364
8.00000;8.44933
9.00000;9.77963
9.75000;11.29981
10.00000;11.62288
12.75000;14.66844
13.00000;14.93384
14.00000;15.73966
15.00000;16.68668
16.50000;18.06998
17.00000;18.65568
17.99792;19.65000
