"MID";"WAV"
1.50000;0.82306
2.00000;1.25078
2.25000;1.44465
2.50000;1.61851
2.75000;1.81233
3.00000;1.94628
3.99792;3.05000
