"MID";"WAV"
1.00000;0.49171
4.00000;1.96684
5.00000;2.45855
7.00000;3.44197
9.50000;4.67124
10.00000;4.91710
10.50000;5.16295
11.00000;5.40880
13.00000;6.39222
16.00000;7.86736
17.00000;8.35906
19.00000;9.34247
19.50000;9.58833
20.00000;9.83419
21.00000;10.32590
22.00000;10.81760
23.00000;11.30907
23.99792;11.75000
