"MID";"WAV"
1.00000;1.21193
1.25000;1.70249
1.50000;2.21185
1.75000;2.68635
2.00000;3.39605
2.08333;3.57108
2.16667;3.76470
2.25000;3.94544
3.25000;5.60318
3.50000;6.09378
3.75000;6.61721
4.00000;7.18523
4.12500;7.43695
4.25000;7.70160
5.25000;9.79296
5.50000;10.29646
5.75000;10.87984
6.16667;11.91901
6.33333;12.25456
6.50000;12.53037
7.49792;15.05000
