"MID";"WAV"
0.00000;0.10632
0.75000;0.43388
0.87500;0.48642
1.00000;0.53877
1.50000;0.74815
2.00000;0.90105
2.50000;1.10691
3.00000;1.31630
3.50000;1.43595
4.00000;1.56445
4.06250;1.58124
4.12500;1.60741
4.18750;1.63359
5.00000;1.97383
5.50000;2.18321
6.00000;2.37621
6.25000;2.47728
6.50000;2.58197
6.75000;2.68667
7.00000;2.79136
7.99792;3.35000
