"MID";"WAV"
0.00000;0.10923
0.75000;0.65444
1.00000;0.77758
2.00000;1.23012
3.00000;1.57520
3.75000;1.85675
4.00000;1.94024
5.00000;2.28530
5.50000;2.45787
6.00000;2.65039
6.75000;2.92950
7.00000;3.08809
7.12500;3.14858
7.25000;3.20292
7.37500;3.29092
7.50000;3.37858
7.62500;3.45184
7.75000;3.55389
7.87500;3.60746
8.00000;3.66059
8.50000;3.85316
9.00000;4.16549
9.06250;4.19227
9.75000;4.58507
10.00000;4.69447
11.99792;4.95000
