MID;WAV
0.00000;0.00000
0.25000;0.11076
1.00000;0.46314
1.25000;0.58421
4.00000;1.84655
4.25000;1.96939
5.00000;2.45815
5.25000;2.74056
7.25000;3.56444
8.00000;3.99341
8.25000;4.15615
9.00000;4.58464
9.25000;4.68775
12.00000;5.95972
12.25000;6.06264
13.00000;6.37153
13.25000;6.52566
17.04792;7.05000
