"MID";"WAV"
0.00000;0.00000
1.00000;0.50007
2.00000;1.00014
3.00000;1.50021
3.50000;1.75024
4.00000;2.00028
4.50000;2.25024
5.00000;2.44035
6.00000;2.94044
7.00000;3.46053
8.00000;4.00051
9.00000;4.48064
10.00000;4.98069
11.00000;5.44078
11.50000;5.69080
12.00000;5.94083
12.50000;6.19087
13.00000;6.44090
14.00000;6.92097
14.99792;7.45002
