"MID";"WAV"
0.00000;0.11154
1.00000;0.75652
1.50000;1.28456
1.56250;1.33079
2.00000;1.71134
3.00000;2.46948
4.00000;3.06601
5.50000;4.18628
6.00000;4.47896
6.50000;4.76732
7.00000;5.11461
7.50000;5.55267
7.56250;5.59366
8.00000;5.99202
9.00000;6.72850
10.00000;7.40485
10.99792;7.85000
