"MID";"WAV"
0.00000;0.01308
1.50000;1.04085
1.75000;1.21432
2.00000;1.38778
4.00000;2.71556
5.50000;3.69542
5.75000;3.86902
6.00000;4.11051
8.00000;5.45117
9.50000;6.39203
9.75000;6.56550
10.00000;6.73890
10.50000;7.02592
11.50000;7.70184
12.00000;8.02987
13.00000;8.73313
13.75000;9.19272
14.00000;9.39967
14.50000;9.75534
15.50000;10.59611
15.99792;10.95000
