"MID";"WAV"
0.00000;0.00000
0.50000;0.40622
0.75000;0.62472
1.00000;0.83296
2.50000;1.78154
2.75000;1.89861
3.00000;2.04645
3.50000;2.31137
3.75000;2.42844
4.00000;2.61730
5.50000;3.51460
5.75000;3.62142
6.00000;3.73849
6.50000;4.17776
6.75000;4.31534
7.00000;4.42216
8.50000;5.30920
8.75000;5.48781
9.00000;5.70744
9.25000;5.90657
9.50000;6.09543
9.75000;6.30481
10.00000;6.44239
10.75000;7.27566
11.00000;7.43376
11.75000;8.67728
11.98542;9.05000
