"MID";"WAV"
0.00000;0.00000
1.50000;1.07267
2.00000;1.39357
2.50000;1.74780
3.00000;2.08535
3.50000;2.42291
4.00000;2.76047
5.00000;3.43558
5.50000;3.77315
6.00000;4.11070
7.50000;5.10338
8.00000;5.44093
8.50000;5.77850
9.00000;6.11605
9.50000;6.40360
10.00000;6.70657
10.50000;7.04412
11.50000;7.70694
11.99792;8.05000
