"MID";"WAV"
0.00000;0.19761
0.50000;0.57924
1.00000;0.98679
2.50000;1.97951
3.00000;2.36274
3.50000;2.59102
4.00000;2.74706
5.50000;3.57477
6.00000;3.85064
6.06250;3.88761
6.12500;3.92459
6.18750;3.96158
6.25000;3.99856
6.50000;4.16644
7.00000;4.36250
7.50000;4.55836
8.00000;4.69764
9.00000;5.13897
9.06250;5.20302
9.75000;5.70975
10.00000;5.83770
11.00000;6.38942
11.99792;6.75000
