"MID";"WAV"
0.00000;0.00000
0.06250;0.08351
0.12500;0.16853
0.18750;0.25365
0.25000;0.33867
0.50000;0.60416
0.75000;0.90990
1.00000;1.20707
1.25000;1.79799
1.31250;1.84847
1.37500;1.90776
1.43750;1.96576
1.50000;2.02598
1.75000;2.30467
2.00000;2.60180
2.25000;2.89281
2.75000;3.51173
3.25000;4.08765
3.75000;4.59594
4.25000;5.29447
4.50000;5.69601
4.62500;5.99869
5.62292;7.15002
