"MID";"WAV"
0.00000;0.11821
2.00000;1.26490
5.00000;2.75807
5.50000;3.02984
6.00000;3.25438
7.00000;3.68524
7.50000;3.91706
8.00000;4.30872
8.66667;4.66460
9.33333;4.92035
10.00000;5.25609
14.00000;7.08689
15.00000;7.49415
16.00000;7.91769
17.00000;8.36136
18.00000;8.84492
22.00000;10.65944
24.00000;11.83629
27.99792;13.65000
