"MID";"WAV"
0.75000;0.53430
1.00000;0.79650
1.75000;1.59712
2.00000;1.95744
2.75000;2.43567
3.00000;2.69787
5.00000;4.19275
5.50000;4.59100
6.00000;5.18548
8.75000;7.34081
9.00000;7.64507
9.75000;8.31953
10.00000;8.60977
10.75000;9.04594
11.00000;9.44808
13.00000;10.81185
13.50000;11.31399
14.00000;11.81045
16.37292;13.55000
