"MID";"WAV"
0.00000;0.10573
0.37500;0.34609
0.50000;0.44135
0.87500;0.70738
1.00000;0.76268
1.37500;1.02873
1.50000;1.12401
1.87500;1.36994
2.00000;1.40539
2.37500;1.68759
2.50000;1.75792
2.87500;1.99638
3.00000;2.06821
3.16667;2.13759
3.33333;2.24239
3.50000;2.32955
3.66667;2.45656
3.83333;2.50386
4.00000;2.61083
4.37500;2.89681
4.50000;2.99214
7.99792;5.65002
