"MID";"WAV"
0.00000;0.00000
1.00000;0.69063
2.00000;1.51845
3.00000;2.35814
3.50000;2.78058
4.00000;3.20620
7.00000;5.97605
8.00000;6.88975
9.00000;7.74353
10.00000;8.55726
11.00000;9.47095
12.00000;10.34467
13.00000;11.23843
14.00000;12.25214
15.00000;13.18584
15.50000;13.64272
16.00000;14.13955
19.00000;16.88076
20.00000;17.89478
21.00000;18.91634
21.99792;20.05000
