"MID";"WAV"
0.00000;0.10607
3.00000;2.84772
4.00000;3.67536
5.75000;5.54878
6.00000;5.77543
10.00000;9.09838
13.75000;11.84366
14.00000;12.20257
15.00000;12.93854
17.00000;14.27031
18.00000;14.92617
19.75000;15.79926
20.00000;16.11566
21.00000;16.69384
23.00000;17.84589
23.99792;18.65000
