"MID";"WAV"
0.00000;0.10051
1.00000;0.49865
3.00000;1.00524
4.00000;1.24146
5.00000;1.46459
6.00000;1.68771
6.50000;1.80363
7.00000;1.93698
8.00000;2.17752
9.00000;2.39193
9.50000;2.49477
10.00000;2.60637
11.00000;2.80331
13.00000;3.23641
15.00000;3.59760
16.00000;3.82944
17.00000;4.06129
18.00000;4.23597
18.50000;4.33537
19.00000;4.40250
20.00000;4.61671
21.99792;4.95000
