"MID";"WAV"
0.75000;0.60670
1.50000;1.20036
2.25000;1.81050
3.00000;2.42101
3.06250;2.49728
3.12500;2.58214
4.50000;3.74100
5.25000;4.33425
6.00000;4.94136
6.25000;5.14474
6.50000;5.34813
7.49792;6.05000
