"MID";"WAV"
0.00000;0.19667
0.50000;0.89088
1.25000;1.64418
1.50000;1.91697
2.00000;2.36272
2.75000;2.96120
3.00000;3.19406
3.50000;3.65968
4.00000;4.08546
5.00000;4.82499
5.50000;5.46237
6.00000;6.08816
6.50000;6.71368
7.25000;7.35226
7.50000;7.60149
8.25000;8.28360
8.99792;8.85002
