"MID";"WAV"
0.00000;0.17051
2.00000;3.46730
3.00000;5.25001
4.50000;7.64502
5.50000;9.26841
6.00000;10.32003
7.50000;12.71503
8.50000;13.99836
9.00000;14.79004
10.50000;16.96506
11.50000;18.68210
12.00000;19.62002
12.99792;20.95000
