"MID";"WAV"
0.50000;0.40605
1.00000;1.17797
1.50000;2.07686
2.00000;2.99582
2.06250;3.11639
2.12500;3.26058
3.00000;4.61377
3.50000;5.43275
4.00000;6.25169
4.25000;6.66120
4.50000;7.05067
7.50000;12.04446
7.99792;13.05000
