"MID";"WAV"
0.00000;0.10436
1.50000;1.25250
1.75000;1.43598
2.00000;1.61026
4.00000;2.90281
5.50000;3.94680
5.75000;4.12080
6.00000;4.29211
8.00000;5.54669
8.75000;6.02470
9.00000;6.18038
9.75000;6.60621
10.00000;6.77574
11.00000;7.33342
12.00000;7.95143
13.00000;8.59971
14.00000;9.19139
15.00000;9.86845
15.94792;10.55000
