"MID";"WAV"
0.00000;0.00000
1.00000;0.47003
2.50000;1.56630
3.00000;2.06956
3.50000;2.37905
3.56250;2.40254
4.00000;2.69343
4.06250;2.72475
4.50000;2.98514
4.56250;3.02917
5.50000;3.52206
5.56250;3.54339
6.00000;3.82019
6.06250;3.86452
6.50000;4.12644
6.56250;4.17505
6.99792;4.64998
