"MID";"WAV"
0.00000;0.00000
0.75000;0.50540
1.00000;0.70348
1.50000;1.12634
1.75000;1.31999
2.00000;1.50476
2.50000;1.89649
3.50000;2.59550
4.00000;2.96493
4.50000;3.30790
4.75000;3.49696
5.00000;3.69056
5.50000;4.07786
6.00000;4.44747
7.99792;5.15002
