"MID";"WAV"
0.50000;0.49502
1.00000;1.05123
3.00000;3.27365
5.00000;6.04100
5.50000;6.65167
6.00000;7.10846
9.50000;11.01647
10.00000;11.53211
10.50000;11.93984
11.50000;12.79892
13.00000;14.38574
14.00000;15.69693
14.50000;16.21251
15.00000;16.66820
18.50000;20.71736
19.00000;21.25300
19.50000;21.64859
20.00000;22.08419
20.50000;22.55964
21.00000;22.87976
21.50000;23.35104
22.00000;23.82483
22.49792;24.05000
