"MID";"WAV"
2.00000;1.45659
2.25000;1.69144
6.00000;4.71050
8.00000;6.32067
8.25000;6.52193
14.00000;10.91117
16.00000;12.54135
16.66667;13.07812
17.33333;13.69472
18.00000;14.27150
19.99792;16.05000
