"MID";"WAV"
0.00000;0.18607
0.75000;1.52896
1.00000;1.79289
1.16667;2.04497
1.33333;2.25803
1.50000;2.46941
1.75000;2.84756
2.00000;3.22580
2.50000;3.90224
3.00000;4.65866
3.50000;5.23508
4.00000;5.89856
4.75000;7.12623
5.00000;7.44448
5.16667;7.68439
5.33333;7.86877
5.50000;8.12092
5.75000;8.49918
6.00000;8.95731
6.50000;9.60007
7.00000;10.38751
7.50000;11.19498
7.99792;11.75000
