"MID";"WAV"
0.00000;0.00000
0.50000;0.88760
2.50000;3.35806
3.00000;3.98944
3.50000;4.56912
5.00000;6.32089
6.00000;7.50230
6.50000;8.19471
7.50000;9.33392
8.00000;9.78174
8.12500;9.96842
8.25000;10.11543
8.37500;10.26233
8.50000;10.40923
9.00000;11.51243
9.50000;12.24440
11.00000;13.92710
11.99792;14.05000
