"MID";"WAV"
0.00000;0.00000
1.00000;0.56272
2.00000;1.15199
3.00000;1.80548
3.50000;2.07786
4.00000;2.33689
4.50000;2.57520
5.00000;2.84386
5.50000;3.12841
6.00000;3.37588
6.50000;3.65721
7.00000;3.93853
7.50000;4.21985
7.56250;4.25272
7.99792;4.45000
