"MID";"WAV"
0.00000;0.10359
1.00000;0.89384
3.00000;2.16153
3.50000;2.50845
4.00000;2.85536
4.50000;3.20225
5.00000;3.52914
7.00000;4.69695
7.50000;5.04381
8.00000;5.39072
8.50000;5.73764
9.00000;6.08457
10.00000;6.77840
11.00000;7.45225
12.00000;8.08608
15.99792;10.85000
