"MID";"WAV"
0.00000;0.00000
0.25000;0.05361
3.25000;3.47491
3.50000;3.79767
3.75000;4.09215
4.00000;4.27281
4.16667;4.42099
4.33333;4.53826
4.50000;4.68023
7.25000;7.77568
7.50000;8.13388
7.75000;8.38066
8.00000;8.64648
8.25000;8.93606
8.50000;9.19563
8.75000;9.42242
9.46042;9.85000
