"MID";"WAV"
0.00000;0.00000
2.00000;1.69635
3.00000;2.59626
4.00000;3.50651
6.00000;5.49243
9.00000;8.09908
9.75000;9.00415
10.00000;9.28846
11.00000;9.99202
12.00000;11.12965
12.99792;12.05000
