"MID";"WAV"
0.00000;0.00000
1.00000;0.19224
2.00000;0.42436
3.00000;0.65530
4.00000;0.88375
5.00000;1.12088
6.00000;1.36897
7.00000;1.60524
8.00000;1.83746
9.00000;2.06594
10.00000;2.38068
12.00000;2.80652
13.00000;3.05802
14.00000;3.29056
15.00000;3.50315
16.00000;3.71536
17.00000;3.92757
18.00000;4.17879
19.00000;4.39199
20.00000;4.60419
21.00000;4.84588
22.00000;5.08610
23.99792;5.45000
