"MID";"WAV"
0.00000;0.11188
2.00000;0.70541
3.00000;1.00232
4.00000;1.26430
5.00000;1.53994
6.00000;1.79383
7.00000;2.08519
8.00000;2.35220
9.00000;2.60606
10.00000;2.87467
11.00000;3.15429
12.00000;3.41356
13.00000;3.68614
14.00000;3.93099
14.99792;4.25000
