"MID";"WAV"
0.00000;0.14923
0.50000;0.38503
1.00000;0.61005
2.00000;1.06009
3.00000;1.43015
3.50000;1.65513
4.00000;1.82020
5.00000;2.25023
6.00000;2.64029
6.50000;2.84525
7.00000;3.01037
8.00000;3.46036
9.00000;3.84706
9.50000;4.03536
10.00000;4.20066
11.00000;4.59063
12.00000;4.98068
12.50000;5.18569
13.00000;5.35078
14.00000;5.76075
15.00000;6.13083
15.50000;6.35581
16.00000;6.48092
17.00000;6.87091
17.99792;7.25002
