"MID";"WAV"
0.00000;0.19812
0.75000;0.60131
1.00000;0.70841
1.50000;0.94260
2.00000;1.13680
2.50000;1.33098
3.00000;1.50519
3.33333;1.62588
3.66667;1.68445
4.00000;1.81373
5.00000;2.38218
6.00000;2.97045
6.75000;3.27844
7.00000;3.37904
7.50000;3.57325
8.00000;3.78743
8.50000;3.98165
9.00000;4.17585
9.33333;4.26494
9.66667;4.31878
10.00000;4.46424
11.00000;5.06534
11.99792;6.05000
