"MID";"WAV"
0.00000;0.19846
1.33333;0.83772
2.66667;1.33561
4.00000;1.77345
6.00000;2.49017
12.00000;4.48044
16.00000;6.15374
23.99792;8.55000
