"MID";"WAV"
0.00000;0.08564
1.00000;0.96019
2.00000;1.99048
3.00000;3.04027
4.00000;4.03174
5.00000;5.02313
6.00000;6.15079
7.00000;7.16177
8.00000;8.11426
9.00000;9.16398
10.00000;10.21382
11.00000;11.14698
12.00000;12.11881
17.00000;17.15365
18.00000;18.14509
19.00000;19.13650
20.00000;20.12789
21.00000;21.11927
22.00000;22.11059
22.99792;22.75000
