"MID";"WAV"
0.00000;0.00000
0.06250;0.10920
3.00000;3.13151
3.50000;3.66676
4.00000;4.20201
7.00000;7.39356
7.75000;8.38642
8.00000;8.68402
9.50000;10.18982
10.00000;10.76505
10.50000;11.22033
11.00000;11.79555
11.50000;12.35081
12.00000;12.92604
13.00000;14.03657
14.00000;15.42708
14.49792;16.05000
