"MID";"WAV"
0.25000;0.49596
0.50000;0.66192
0.75000;0.73337
1.00000;0.86408
1.25000;0.97900
1.50000;1.02700
1.75000;1.09911
2.00000;1.18906
2.25000;1.31919
2.50000;1.39173
2.75000;1.48231
3.00000;1.61225
3.25000;1.74327
3.50000;1.81764
3.75000;1.88716
3.99792;2.15000
