"MID";"WAV"
0.00000;0.00000
1.00000;0.37443
2.00000;0.77762
3.00000;1.22642
4.00000;1.65525
5.00000;2.14415
6.00000;2.75308
8.00000;4.25254
9.00000;4.93893
10.00000;5.38831
11.00000;5.93707
11.33333;6.20659
11.66667;6.39080
12.00000;6.56590
13.00000;7.18689
14.00000;7.94354
15.99792;9.05000
