"MID";"WAV"
0.00000;0.00000
0.50000;0.31258
1.00000;0.59267
1.25000;0.76078
1.50000;0.88896
2.00000;1.14527
2.25000;1.27347
2.50000;1.42159
2.75000;1.54975
3.00000;1.67793
4.00000;2.23049
4.50000;2.50681
5.00000;2.76317
5.25000;2.91128
5.50000;3.03948
6.00000;3.31579
6.25000;3.44396
6.50000;3.57212
6.75000;3.70028
7.00000;3.82844
7.99792;4.05000
