"MID";"WAV"
0.00000;0.00000
1.00000;0.28754
2.00000;0.57512
3.00000;1.02262
4.00000;1.31018
5.00000;1.65519
5.50000;1.80143
6.00000;1.92522
6.50000;2.06899
7.00000;2.21280
8.00000;2.54032
9.00000;2.84789
9.50000;3.01161
10.00000;3.15547
10.50000;3.33795
11.00000;3.50291
12.00000;3.79045
13.00000;4.07777
15.99792;4.55000
