"MID";"WAV"
0.00000;0.00000
0.06250;0.04067
4.50000;2.85568
5.00000;3.17519
5.50000;3.48361
6.00000;3.82470
6.06250;3.86735
6.50000;4.17313
7.00000;4.48154
7.50000;4.77374
8.00000;5.07478
16.00000;9.80091
16.06250;9.84996
20.50000;12.70551
21.00000;13.01392
21.50000;13.32068
22.00000;13.61289
22.06250;13.65551
22.50000;13.95964
23.00000;14.25184
23.50000;14.56024
24.00000;14.86874
27.99792;19.05000
