"MID";"WAV"
0.00000;0.00000
0.50000;0.26251
1.00000;0.52801
1.50000;0.78203
2.00000;1.05600
2.50000;1.31006
2.75000;1.43707
3.00000;1.60378
3.25000;1.73107
3.50000;1.85809
4.00000;2.11209
4.25000;2.23911
4.50000;2.40567
5.00000;2.66013
5.50000;2.91413
6.00000;3.20326
6.50000;3.46211
6.75000;3.58916
7.00000;3.71617
7.25000;3.88215
7.50000;4.01019
8.00000;4.28392
8.25000;4.41120
8.50000;4.55763
9.00000;4.81222
9.50000;5.09789
10.00000;5.36012
10.50000;5.63393
11.99792;6.35002
