"MID";"WAV"
0.00000;0.00000
0.33333;0.14949
0.66667;0.28806
1.00000;0.42442
1.33333;0.56586
1.66667;0.68746
2.00000;0.82879
2.33333;0.97026
2.66667;1.08401
3.00000;1.19360
3.33333;1.33466
3.66667;1.45643
4.00000;1.59758
4.33333;1.73741
4.66667;1.80207
5.00000;1.92255
5.75000;2.24027
6.00000;2.34637
6.75000;2.66467
7.00000;2.77077
7.75000;3.08556
7.99792;3.25000
