"MID";"WAV"
0.00000;0.00000
3.00000;0.95083
4.00000;1.45443
5.00000;1.93804
6.00000;2.44166
7.00000;2.88526
8.00000;3.38888
9.00000;3.97273
10.00000;4.49607
15.00000;7.31414
16.00000;7.81773
19.00000;9.26858
20.00000;9.81223
21.00000;10.39575
22.00000;10.85941
23.00000;11.38298
24.00000;11.90662
25.00000;12.45020
26.00000;13.10973
27.99792;14.05000
