"MID";"WAV"
0.00000;0.00000
1.50000;1.30332
2.00000;1.64181
3.50000;2.61864
4.00000;2.99578
5.50000;3.92604
5.75000;4.11860
6.00000;4.30302
7.50000;5.07774
8.00000;5.41637
9.50000;6.49419
10.00000;6.85565
11.50000;7.78587
12.00000;8.12413
12.99792;8.75002
