"MID";"WAV"
0.00000;0.00000
1.50000;0.73418
2.00000;0.96696
2.50000;1.20690
3.00000;1.43616
3.50000;1.68675
4.00000;1.93745
4.50000;2.17387
5.00000;2.40311
5.50000;2.63225
6.00000;2.87928
6.50000;3.12996
7.00000;3.39493
7.12500;3.46378
7.25000;3.53273
7.37500;3.59476
7.50000;3.65998
7.62500;3.72878
7.75000;3.79087
7.87500;3.84568
8.00000;3.91072
8.49792;4.15000
