"MID";"WAV"
0.00000;0.12376
0.50000;0.57742
0.56250;0.66425
0.62500;0.74667
1.00000;1.53608
1.50000;2.05211
6.50000;5.79373
7.50000;6.70008
9.50000;8.30944
10.50000;9.12431
11.50000;9.99927
12.00000;10.47575
12.50000;10.85478
12.56250;10.92977
12.62500;11.04905
13.00000;11.97075
13.50000;12.38962
17.49792;17.05000
