"MID";"WAV"
0.00000;0.00000
1.50000;1.15742
2.00000;1.53656
3.50000;2.67400
4.00000;3.03319
4.75000;3.60185
5.00000;3.79142
5.50000;4.23035
5.75000;4.34070
6.00000;4.52971
7.00000;5.21343
7.50000;5.49748
8.00000;5.96593
9.50000;7.06375
10.00000;7.44285
11.00000;8.20112
11.50000;8.58027
11.99792;9.24998
