"MID";"WAV"
0.00000;0.00000
1.75000;0.76168
2.00000;0.87053
2.25000;1.01929
2.50000;1.14817
2.75000;1.27692
3.00000;1.42568
4.75000;2.29620
5.00000;2.44067
5.25000;2.59033
5.50000;2.75012
5.75000;2.89535
6.00000;3.04888
6.25000;3.21333
6.50000;3.35820
6.75000;3.50223
7.00000;3.63815
7.25000;3.75553
7.50000;3.90432
7.54167;3.92912
8.00000;4.20194
8.16667;4.30043
8.33333;4.36038
8.50000;4.45957
9.00000;4.75718
9.50000;5.03483
9.66667;5.13402
9.83333;5.24637
10.00000;5.37828
10.24792;5.65000
