"MID";"WAV"
0.00000;0.19735
1.50000;0.85244
2.00000;1.09787
2.50000;1.30086
4.00000;1.97462
5.00000;2.43996
5.50000;2.65502
6.00000;2.89316
6.50000;3.13194
7.50000;3.61553
8.00000;3.84858
8.75000;4.16818
9.00000;4.27818
9.50000;4.51041
10.00000;4.71426
10.75000;5.03125
11.00000;5.14744
11.50000;5.39415
12.00000;5.60177
12.75000;5.97506
13.00000;6.09119
13.50000;6.29328
14.00000;6.50170
14.49792;6.95000
