"MID";"WAV"
1.00000;0.47204
2.00000;0.79160
3.00000;1.01277
3.50000;1.21044
4.00000;1.40375
5.00000;1.69896
6.00000;2.05065
7.00000;2.40242
7.12500;2.44640
7.25000;2.49037
7.37500;2.53434
7.50000;2.56909
7.62500;2.59115
7.75000;2.62625
7.87500;2.67023
8.00000;2.71419
9.00000;3.05545
10.00000;3.40287
12.50000;4.19064
13.00000;4.29250
13.50000;4.40418
14.00000;4.51106
14.49792;5.05000
