"MID";"WAV"
0.00000;0.00000
1.00000;0.39501
2.50000;0.87965
3.00000;1.04673
4.00000;1.32915
5.50000;1.81734
6.00000;1.99083
7.00000;2.25408
12.00000;3.99055
13.00000;4.30597
14.50000;4.79469
15.00000;4.95536
16.00000;5.29548
17.50000;5.75880
18.00000;5.90679
19.00000;6.18997
23.99792;7.55000
