"MID";"WAV"
0.00000;0.02231
0.50000;0.25806
1.00000;0.53363
1.50000;0.77415
2.00000;0.99941
2.06250;1.05765
2.12500;1.12310
2.18750;1.17953
2.50000;1.29094
2.75000;1.40932
3.00000;1.52835
3.50000;1.78612
3.75000;1.90543
4.00000;2.02445
4.25000;2.12409
4.50000;2.24252
4.75000;2.34223
5.00000;2.46057
6.49792;3.25000
