"MID";"WAV"
1.00000;0.86258
2.00000;1.72515
3.00000;2.58772
5.00000;4.31287
6.00000;5.17546
7.00000;6.03803
8.00000;6.90060
8.33333;7.18812
8.66667;7.47565
9.00000;7.76318
13.00000;11.21347
14.00000;12.07604
15.00000;12.93862
16.50000;14.23249
17.00000;14.66377
17.50000;15.09506
18.00000;15.52635
19.50000;17.01452
20.00000;17.46372
20.50000;17.91270
21.00000;18.29126
21.33333;18.57852
21.66667;18.91852
22.00000;19.20666
23.99792;20.65000
