"MID";"WAV"
0.00000;0.00000
0.37500;0.30338
0.50000;0.43315
1.00000;1.04970
1.50000;1.66174
2.00000;2.97145
2.37500;3.06047
2.50000;3.08857
3.00000;3.68571
3.37500;4.21119
3.50000;4.28410
4.00000;4.79430
4.37500;5.33997
4.50000;5.48856
5.25000;6.63980
5.37500;6.73906
5.50000;6.85147
5.56250;6.92145
5.75000;7.21423
6.00000;7.45148
6.25000;7.74855
6.50000;8.10566
6.74792;8.35000
