"MID";"WAV"
0.00000;0.00000
0.50000;0.39293
1.25000;0.92701
1.37500;1.01145
1.50000;1.09584
2.00000;1.48862
2.50000;1.79424
3.00000;2.10872
3.50000;2.44619
4.00000;2.76093
4.50000;3.07547
5.00000;3.41281
5.50000;3.77317
6.00000;4.09740
6.50000;4.40750
7.50000;5.07770
7.99792;5.35000
