"MID";"WAV"
0.00000;0.00000
1.00000;0.70055
1.50000;0.85463
2.00000;1.01741
2.50000;1.18026
3.00000;1.33424
3.50000;1.47935
4.00000;1.60763
5.00000;1.90704
6.00000;2.21574
7.00000;2.58503
7.50000;2.76968
8.00000;2.95432
9.00000;3.32361
10.00000;3.69290
10.50000;3.87754
11.00000;4.06219
12.00000;4.43072
12.99792;4.75000
