"MID";"WAV"
0.00000;0.00000
0.50000;0.38562
2.00000;1.24527
2.25000;1.37342
2.50000;1.50154
2.75000;1.60975
3.00000;1.73790
3.25000;1.86602
3.50000;1.98294
3.75000;2.10230
4.00000;2.21061
4.25000;2.33870
4.50000;2.46685
5.50000;2.97948
5.62500;3.04356
5.75000;3.10764
5.87500;3.17181
6.00000;3.25573
6.12500;3.31988
6.25000;3.38396
6.50000;3.50367
7.99792;4.05000
