"MID";"WAV"
0.00000;0.19137
0.06250;0.22013
2.00000;0.98482
2.06250;1.00945
3.00000;1.42480
3.06250;1.44956
4.00000;1.83197
4.06250;1.85667
4.50000;2.07570
5.00000;2.27857
5.06250;2.30931
5.50000;2.49501
6.00000;2.69224
8.00000;3.49343
8.06250;3.51415
8.50000;3.70522
9.00000;3.89623
9.06250;3.92077
9.50000;4.10590
10.00000;4.30426
12.00000;5.09251
13.00000;5.49305
14.00000;5.89366
15.00000;6.27558
16.00000;6.69512
17.00000;7.09069
17.99792;7.44998
