"MID";"WAV"
0.00000;0.00000
0.66667;0.21374
1.00000;0.32061
1.33333;0.42747
1.66667;0.53433
2.00000;0.64121
2.66667;0.85494
3.00000;0.96180
3.33333;1.06868
3.66667;1.17553
4.00000;1.28240
4.33333;1.38928
4.66667;1.49614
5.00000;1.60301
5.33333;1.70987
5.66667;1.81674
6.00000;1.92360
6.33333;2.03047
6.66667;2.13734
7.00000;2.24421
7.33333;2.35107
7.66667;2.45794
8.00000;2.56482
8.66667;2.77854
9.00000;2.88541
9.33333;2.99228
9.66667;3.09931
9.98125;3.24998
