"MID";"WAV"
0.00000;0.00000
1.50000;0.62628
1.75000;0.73732
2.00000;0.84833
3.00000;1.27244
4.00000;1.67675
5.00000;2.12094
6.00000;2.56508
8.00000;3.43844
9.25000;3.98380
9.50000;4.03966
9.75000;4.14470
10.00000;4.20156
11.00000;4.60624
12.00000;5.07339
13.25000;5.64397
13.50000;5.72550
13.75000;5.82461
14.00000;5.89861
15.00000;6.34113
15.99792;6.65000
