"MID";"WAV"
0.50000;0.22087
1.50000;0.66262
2.50000;1.10436
3.50000;1.54610
4.50000;1.98785
5.50000;2.42959
6.50000;2.86696
7.50000;3.28682
8.50000;3.73629
9.50000;4.17844
10.00000;4.39931
10.25000;4.50628
10.50000;4.61565
10.75000;4.72609
11.00000;4.83992
11.50000;5.06193
11.99792;5.25000
