"MID";"WAV"
0.00000;0.00000
4.00000;1.38482
5.00000;1.81253
6.00000;2.20144
7.00000;2.66821
8.00000;3.11157
9.00000;3.57834
11.00000;4.80735
12.00000;5.39842
14.00000;6.40983
14.06250;6.44903
14.50000;6.70149
15.00000;7.09413
16.00000;7.64651
17.00000;8.18319
17.99792;9.05000
