"MID";"WAV"
0.00000;0.00000
2.00000;0.78910
4.00000;1.67242
6.00000;2.54479
8.00000;3.46690
8.50000;3.68384
9.00000;3.90054
9.50000;4.11724
10.00000;4.33394
10.50000;4.55064
11.00000;4.76732
11.50000;4.98403
12.00000;5.20072
13.00000;5.63411
13.25000;5.74247
13.50000;5.85082
13.75000;5.95916
14.00000;6.06751
14.99792;6.45000
