MID;WAV
1.00000;0.80236
1.50000;1.02739
2.00000;1.25241
4.00000;2.11790
4.50000;2.34294
5.00000;2.58455
7.00000;3.40885
7.50000;3.64846
8.00000;3.86787
8.50000;4.08695
9.00000;4.29813
10.00000;4.72055
11.00000;5.13061
12.00000;5.58063
12.75000;5.83359
13.00000;5.93073
13.50000;6.15570
14.00000;6.38072
14.50000;6.60575
15.00000;6.83078
16.00000;7.26084
17.00000;7.69089
17.94792;8.05000
