"MID";"WAV"
0.00000;0.00000
1.00000;0.31879
2.00000;0.63758
3.00000;0.95635
6.00000;1.70351
9.00000;2.61195
10.00000;2.93508
11.00000;3.24078
12.00000;3.54223
14.00000;4.25815
14.06250;4.27813
14.50000;4.41326
14.75000;4.50602
15.00000;4.59006
15.99792;5.05000
