"MID";"WAV"
0.00000;0.00000
0.50000;0.17815
1.00000;0.35629
1.50000;0.53444
2.00000;0.71260
2.50000;0.89073
3.00000;1.06889
3.50000;1.24704
4.00000;1.42518
4.50000;1.60333
5.00000;1.78149
5.50000;1.95962
6.00000;2.13778
6.50000;2.31593
7.00000;2.49407
7.50000;2.67314
8.00000;2.89806
8.50000;3.11163
10.00000;3.60521
10.50000;3.80353
12.00000;4.31780
12.50000;4.51608
14.00000;5.03018
14.50000;5.21735
15.99792;5.65000
