"MID";"WAV"
0.00000;0.10077
0.50000;0.40095
1.00000;0.64175
1.50000;0.86278
2.00000;1.09790
2.50000;1.38478
3.50000;1.86558
4.00000;2.06785
4.50000;2.30816
5.00000;2.52976
5.50000;2.76910
6.00000;2.97167
6.50000;3.21263
7.50000;3.69341
8.00000;3.90950
8.49792;4.05000
