"MID";"WAV"
0.50000;0.42743
1.00000;0.75512
1.50000;1.18258
2.00000;1.54714
2.50000;1.91771
3.00000;2.33066
3.50000;2.79974
4.00000;3.24187
4.50000;3.66944
5.00000;4.13155
5.50000;4.51966
6.00000;4.91053
6.50000;5.33807
7.00000;5.76560
7.33333;6.01068
7.66667;6.39558
8.00000;6.62072
9.50000;7.90794
9.75000;8.23443
10.00000;8.45088
11.00000;9.34596
12.00000;10.22106
13.00000;11.07616
13.50000;11.48912
14.00000;11.87123
15.00000;12.70634
15.50000;13.15387
16.00000;13.58142
19.99792;17.05000
