"MID";"WAV"
0.00000;0.00000
1.00000;0.18672
2.00000;0.59344
2.50000;0.75679
3.00000;0.94013
3.50000;1.12357
4.00000;1.32689
6.00000;2.14035
6.50000;2.30371
7.00000;2.50704
9.00000;3.24051
10.00000;3.65108
10.06250;3.68897
11.00000;3.96931
12.00000;4.36070
13.00000;4.78740
14.99792;5.55000
