"MID";"WAV"
0.00000;0.00000
0.50000;0.29040
1.00000;0.58079
1.50000;0.87121
2.00000;1.16161
2.50000;1.45200
3.00000;1.74240
3.50000;2.03280
4.00000;2.32320
4.50000;2.61361
5.00000;2.90401
5.50000;3.19440
6.00000;3.48480
6.50000;3.77520
7.00000;4.06562
7.25000;4.21081
7.50000;4.35218
7.74792;4.45000
