"MID";"WAV"
0.00000;0.00000
0.50000;0.57684
1.00000;1.13385
1.50000;1.73077
1.75000;2.02957
2.00000;2.34787
2.50000;2.96450
3.00000;3.63601
3.50000;4.24182
4.00000;4.77794
4.50000;5.31273
4.75000;5.59474
5.00000;5.89880
5.50000;6.61513
6.00000;7.30246
6.50000;7.87943
7.00000;8.39882
7.50000;9.00249
8.00000;9.61297
8.50000;10.19950
9.00000;10.90501
9.12500;11.92296
9.25000;12.01999
9.37500;12.12435
9.50000;12.21921
10.37500;12.59013
10.50000;12.75919
10.97292;13.25000
