"MID";"WAV"
0.00000;0.00000
0.06250;0.01638
0.25000;0.03137
0.50000;0.04776
0.75000;0.14253
1.00000;0.33034
1.50000;1.04540
2.00000;1.68055
2.50000;2.35368
3.25000;3.35838
3.50000;3.68596
4.00000;4.36109
4.50000;5.01622
5.00000;5.67143
5.50000;6.48687
6.00000;8.04164
6.06250;8.12354
6.25000;8.26936
6.50000;8.41670
6.75000;8.52464
7.00000;8.71191
7.50000;9.36705
8.00000;10.08218
8.50000;10.81604
9.25000;11.87982
9.50000;12.20761
9.99792;12.75000
