"MID";"WAV"
0.00000;0.00000
1.00000;0.40130
2.00000;0.78260
3.00000;1.16391
4.00000;1.56520
4.06250;1.58903
4.75000;1.85118
5.00000;1.94650
5.75000;2.23247
6.00000;2.32779
8.00000;3.07040
9.00000;3.45170
9.50000;3.64239
10.00000;3.84926
10.50000;4.04364
11.00000;4.23429
11.50000;4.42495
12.00000;4.61560
12.06250;4.63941
12.75000;4.89441
13.00000;4.97695
13.75000;5.26287
14.00000;5.35820
15.99792;6.05000
