"MID";"WAV"
0.50000;0.52353
1.00000;1.05828
1.50000;1.60416
2.00000;2.09412
2.50000;2.61764
3.00000;3.11885
3.50000;3.67594
4.00000;4.26663
5.75000;6.52449
5.87500;6.66027
6.00000;6.79465
6.50000;7.30979
7.00000;7.79973
7.25000;8.06155
7.50000;8.36805
7.75000;8.62986
8.00000;8.91393
8.50000;9.38161
9.00000;9.88273
9.50000;10.37267
10.00000;10.91855
10.50000;11.41972
11.00000;11.94324
11.50000;12.48916
11.99792;13.05000
