"MID";"WAV"
1.00000;1.12797
2.00000;2.25594
3.00000;3.38388
4.00000;4.51185
5.00000;5.63981
6.00000;6.76778
6.33333;7.14378
6.66667;7.51977
8.50000;9.58771
9.00000;10.15165
10.50000;11.70482
11.00000;12.26877
12.00000;13.29264
12.33333;13.65130
12.66667;14.02731
14.50000;16.18368
15.00000;16.83355
15.33333;17.20952
15.66667;17.55123
17.50000;19.51380
17.99792;20.04998
