"MID";"WAV"
0.00000;0.19821
1.00000;2.01401
2.50000;4.46928
3.00000;4.94594
4.25000;6.99334
4.33333;7.09950
4.41667;7.17914
4.50000;7.27873
4.87500;7.72694
5.00000;7.87767
6.00000;9.15183
7.00000;10.82705
7.75000;11.98236
7.83333;12.10311
7.91667;12.24268
8.00000;12.36235
9.00000;14.25755
9.06250;14.42463
9.12500;14.56686
9.18750;14.69176
10.00000;16.43081
11.99792;19.75000
