"MID";"WAV"
0.00000;0.00000
0.50000;0.61916
1.00000;1.24072
1.50000;1.88225
1.62500;2.04287
1.75000;2.22427
1.87500;2.39936
2.00000;2.59655
3.00000;3.88212
3.50000;4.59318
4.50000;5.99479
4.62500;6.20316
4.75000;6.36705
4.87500;6.53083
5.00000;6.69464
6.00000;8.16164
6.50000;8.81677
7.00000;9.47190
7.50000;9.99031
7.62500;10.18744
7.75000;10.36591
7.87500;10.53463
8.00000;10.68467
9.00000;11.99493
9.37500;12.48635
9.50000;12.67243
9.99792;13.05000
