"MID";"WAV"
0.00000;0.10068
0.25000;0.15263
0.50000;0.20763
1.00000;0.50084
1.25000;0.55724
1.50000;0.59985
2.00000;0.80603
2.25000;0.86965
2.50000;0.95270
3.00000;1.15906
4.00000;1.57207
4.25000;1.67532
4.50000;1.77859
4.75000;1.88183
5.00000;2.00459
5.25000;2.07329
5.50000;2.17169
5.75000;2.27485
6.00000;2.35852
6.25000;2.46137
6.50000;2.56462
7.00000;2.79622
7.49792;3.15000
