"MID";"WAV"
0.00000;0.10111
0.50000;0.45077
2.50000;1.59284
4.00000;2.54854
4.25000;2.70782
4.50000;2.86710
5.00000;3.18568
5.50000;3.50423
6.00000;3.82281
6.50000;4.14125
7.25000;4.59606
7.50000;4.76296
7.75000;4.92224
8.00000;5.08138
8.25000;5.23303
8.50000;5.39250
9.25000;5.89351
9.50000;6.05279
9.75000;6.21207
10.00000;6.37135
10.25000;6.53063
10.50000;6.68992
10.56250;6.72974
11.00000;7.00784
12.00000;7.56039
12.50000;7.90207
13.49792;8.55000
