"MID";"WAV"
0.00000;0.00000
0.75000;0.95019
1.00000;1.22030
1.50000;1.75353
2.00000;2.29289
2.25000;2.55608
2.50000;2.83306
3.50000;3.86568
3.75000;4.12959
4.00000;4.40657
4.25000;4.66284
4.50000;4.93289
4.75000;5.19373
5.00000;5.46380
5.50000;5.99703
6.00000;6.53948
7.00000;7.63979
7.49792;8.05000
