"MID";"WAV"
0.00000;0.00000
1.50000;1.34574
2.00000;1.77937
3.00000;2.60186
4.00000;3.40194
5.00000;4.19086
6.00000;4.97977
6.50000;5.36864
7.00000;5.77989
8.00000;6.60238
9.00000;7.40251
10.00000;8.22496
11.00000;9.01386
12.00000;9.80332
13.00000;10.81513
13.06250;10.85443
13.12500;10.90443
13.18750;10.95445
13.25000;11.00465
13.50000;11.22740
14.00000;11.71563
15.99792;12.75000
