"MID";"WAV"
0.00000;0.00000
0.50000;0.18699
1.00000;0.37398
2.00000;0.74796
2.25000;0.84146
2.50000;0.93495
3.00000;1.12194
3.50000;1.30893
4.00000;1.49592
4.50000;1.68291
5.00000;1.86991
6.00000;2.24389
6.25000;2.33739
6.50000;2.43088
7.00000;2.61787
7.50000;2.80486
8.00000;2.99185
8.50000;3.17884
9.00000;3.36583
9.50000;3.55282
9.75000;3.64631
10.00000;3.73981
10.25000;3.83331
10.50000;3.92491
11.49792;4.25000
