"MID";"WAV"
0.00000;0.00000
0.50000;0.40476
1.50000;1.75048
2.00000;2.40400
2.50000;2.97975
3.00000;3.49330
3.50000;4.20117
4.50000;5.39929
5.00000;6.04501
5.37500;6.50791
5.50000;6.65185
6.25000;7.49988
6.37500;7.64385
6.50000;7.79553
6.75000;8.09894
6.87500;8.24290
7.00000;8.40235
7.49792;9.05000
