"MID";"WAV"
0.00000;0.00000
0.75000;0.80815
1.00000;1.07410
1.50000;1.66089
2.00000;2.30298
2.50000;2.87950
3.00000;3.49951
3.75000;4.33388
4.00000;4.60546
4.50000;5.33355
6.00000;7.20169
6.75000;8.16096
7.00000;8.45463
7.50000;9.10409
8.00000;9.69574
8.50000;10.21414
9.00000;10.86269
9.75000;11.80083
10.00000;12.10234
10.50000;12.80039
11.49792;13.65000
