"MID";"WAV"
0.00000;0.00000
0.25000;0.06980
0.50000;0.11502
1.00000;0.16258
1.50000;0.28524
1.66667;0.36354
1.83333;0.42189
2.00000;0.48027
2.50000;0.67283
3.00000;0.86539
3.75000;1.14922
4.00000;1.24048
4.25000;1.32795
4.50000;1.40360
5.00000;1.57613
5.06250;1.60874
5.99792;2.05000
