"MID";"WAV"
0.00000;0.00000
1.00000;0.91171
2.00000;1.88349
3.00000;2.93519
3.75000;3.69429
4.00000;4.00673
4.37500;4.32611
4.50000;4.43260
4.87500;4.77217
5.00000;4.89864
5.37500;5.27754
5.50000;5.36429
5.87500;5.70427
6.00000;5.85038
6.06250;5.91360
6.18750;6.04312
6.31250;6.30688
6.43750;6.45301
6.56250;6.57758
6.68750;6.62593
6.81250;6.75150
7.00000;6.88164
7.37500;7.20203
7.50000;7.32770
7.87500;7.66735
8.00000;7.79366
8.99792;8.75000
