"MID";"WAV"
0.16667;0.39695
0.33333;0.68014
0.50000;0.96194
0.66667;1.22373
0.83333;1.49662
1.00000;1.80041
2.00000;3.28230
3.16667;5.09006
3.33333;5.34844
3.50000;5.59512
3.66667;5.84727
3.83333;6.09943
4.00000;6.35157
5.00000;7.86446
6.16667;9.66951
6.33333;9.92166
6.50000;10.17381
6.66667;10.42596
6.83333;10.67811
7.00000;10.93026
7.50000;11.80667
7.99792;12.05000
