"MID";"WAV"
0.00000;0.14923
0.50000;0.34446
1.50000;0.75171
2.00000;0.96100
3.00000;1.33626
3.06250;1.36279
3.75000;1.63533
4.00000;1.74168
4.50000;1.95440
5.00000;2.16690
6.00000;2.55253
6.50000;2.76489
7.00000;2.95027
7.50000;3.14986
8.00000;3.28336
8.50000;3.49560
9.00000;3.66879
9.06250;3.69537
9.12500;3.72160
9.75000;3.95278
10.00000;4.05331
10.50000;4.20631
11.00000;4.38030
11.99792;4.65000
