"MID";"WAV"
0.00000;0.00000
2.00000;0.78486
2.06250;0.87765
4.00000;1.92353
4.50000;2.23795
4.75000;2.34563
5.00000;2.45684
5.25000;2.59076
5.50000;2.72849
5.75000;2.83678
6.00000;2.96427
6.50000;3.20775
7.00000;3.50337
7.50000;3.80067
8.00000;4.10142
9.99792;4.75000
