"MID";"WAV"
0.00000;0.10444
0.25000;0.38783
0.50000;0.55800
2.50000;1.69684
4.00000;2.60869
4.25000;2.75549
4.50000;2.88234
5.00000;3.15733
5.50000;3.40945
6.00000;3.68306
6.25000;3.82985
6.50000;3.97665
8.00000;4.80743
8.50000;5.14565
10.50000;6.12539
12.00000;6.99611
12.25000;7.14609
12.50000;7.28644
13.00000;7.59106
13.50000;7.89464
14.00000;8.11832
14.25000;8.27388
14.50000;8.42049
15.49792;8.75002
