"MID";"WAV"
0.00000;0.19812
0.50000;0.48507
1.00000;0.79013
1.50000;1.09519
2.00000;1.40022
2.50000;1.68534
3.00000;2.01106
3.06250;2.10816
3.50000;2.31544
3.75000;2.46791
4.00000;2.60051
4.50000;2.86561
5.00000;3.17064
5.75000;3.60824
5.87500;3.68450
6.00000;3.76074
6.50000;4.04580
7.00000;4.33089
7.75000;4.74850
7.87500;4.82476
8.00000;4.92096
8.50000;5.19730
9.00000;5.49110
9.99792;6.05000
