"MID";"WAV"
0.00000;0.10103
1.75000;0.76481
2.00000;0.87075
2.75000;1.07010
3.00000;1.15665
4.00000;1.54220
5.00000;1.92760
6.00000;2.29363
6.50000;2.50571
7.00000;2.67835
7.50000;2.81138
8.00000;2.98484
8.50000;3.19669
9.00000;3.36019
10.00000;3.71558
11.00000;4.10066
11.99792;4.45000
