"MID";"WAV"
0.00000;0.00000
4.00000;0.89708
6.00000;1.35342
8.00000;1.80458
12.00000;2.70684
15.00000;3.35230
15.50000;3.46251
16.00000;3.57784
17.00000;3.79295
18.00000;4.00795
21.00000;4.59636
21.50000;4.71695
22.00000;4.83745
23.00000;5.06310
24.00000;5.29970
25.99792;5.95000
