"MID";"WAV"
0.00000;0.00000
1.50000;0.64103
2.00000;0.85471
3.50000;1.49574
4.00000;1.70941
4.50000;1.92309
5.00000;2.13677
5.50000;2.35044
6.00000;2.56412
7.50000;3.20515
8.00000;3.41883
8.50000;3.63250
9.00000;3.84619
9.50000;4.05986
10.00000;4.27272
10.99792;4.65000
