"MID";"WAV"
0.00000;0.13692
0.37500;0.46957
0.50000;0.60387
1.00000;1.04766
1.37500;1.28069
1.50000;1.41156
2.00000;1.79538
2.37500;2.06837
2.50000;2.17933
3.00000;2.63495
3.50000;3.12703
4.00000;3.59091
4.06250;3.70633
4.25000;3.79289
4.37500;3.90255
4.50000;3.97653
5.00000;4.35866
5.16667;4.52659
5.33333;4.65469
5.50000;4.90252
5.62500;5.01348
5.75000;5.09220
5.87500;5.13816
6.00000;5.19471
6.06250;5.24193
6.50000;5.63025
7.50000;6.51797
7.99792;6.75000
