"MID";"WAV"
0.00000;0.00000
0.50000;0.34473
0.75000;0.48607
1.00000;0.58413
1.50000;0.85259
2.00000;1.12346
2.25000;1.22430
2.50000;1.33733
3.00000;1.60518
3.50000;1.87604
4.00000;2.12938
4.50000;2.50125
4.56250;2.54991
5.50000;2.99755
5.99792;3.30000
