"MID";"WAV"
0.00000;0.11308
1.50000;1.05991
2.00000;1.36660
3.00000;2.01990
4.00000;2.67310
5.50000;3.50920
6.00000;3.81975
7.00000;4.45262
8.00000;4.96612
9.50000;5.82623
10.00000;6.13276
11.00000;6.72594
12.00000;7.29930
13.50000;8.17910
13.75000;8.32316
14.00000;8.48590
14.25000;8.63329
14.50000;8.75186
14.75000;8.87559
15.00000;9.01408
15.50000;9.32697
16.00000;9.71271
16.99792;10.35000
