"MID";"WAV"
0.00000;0.00000
0.25000;0.13532
0.50000;0.19188
0.75000;0.20510
1.00000;0.21901
1.25000;0.24450
1.50000;0.34144
1.75000;0.45737
2.00000;0.55524
2.25000;0.67215
2.50000;0.78901
3.00000;0.98289
3.50000;1.23101
4.00000;1.44551
4.25000;1.56731
4.50000;1.66430
4.75000;1.78119
5.00000;1.89676
5.25000;1.99490
5.50000;2.09180
5.75000;2.22851
6.00000;2.32861
6.25000;2.44244
6.50000;2.53940
7.00000;2.73321
7.50000;2.90814
7.99792;3.05000
