"MID";"WAV"
0.00000;0.00000
1.50000;0.82797
2.00000;1.09731
3.50000;1.90534
4.00000;2.22923
4.50000;2.60390
5.00000;2.89329
5.50000;3.18252
6.00000;3.39194
7.50000;4.14005
8.00000;4.52926
9.50000;5.39730
10.00000;5.72658
10.50000;6.01590
11.50000;6.65462
12.00000;6.98389
12.50000;7.27321
13.00000;7.56255
13.50000;7.85175
13.99792;8.05000
