"MID";"WAV"
0.00000;0.15308
1.75000;2.19660
1.87500;2.34355
2.00000;2.51037
3.75000;4.40703
3.87500;4.55391
4.00000;4.68903
5.75000;6.57741
5.87500;6.70433
6.00000;6.85147
7.62500;8.60101
7.75000;8.76777
7.87500;8.93468
8.00000;9.08163
9.00000;10.26734
11.99792;13.95000
