"MID";"WAV"
0.00000;0.00000
1.00000;1.77954
2.00000;3.89940
2.75000;5.40809
3.00000;5.91096
3.50000;6.88580
4.00000;7.90708
4.50000;8.91285
5.00000;9.88773
5.50000;10.90896
6.00000;11.86837
6.06250;12.99952
7.00000;14.31316
7.75000;15.88363
8.00000;16.38656
8.99792;18.05000
