"MID";"WAV"
0.00000;0.00000
0.50000;0.20872
1.00000;0.40873
1.50000;0.60438
2.00000;0.80438
3.00000;1.19552
3.50000;1.38236
4.00000;1.56065
4.50000;1.74752
5.00000;1.93007
6.00000;2.29557
6.50000;2.50416
7.00000;2.70418
7.50000;2.90426
8.00000;3.10945
9.00000;3.60899
9.50000;3.81729
10.50000;4.20045
11.00000;4.41687
11.49792;4.75000
