"MID";"WAV"
0.00000;0.00000
0.75000;0.85270
0.87500;1.02156
1.00000;1.17035
1.75000;2.28294
1.87500;2.41198
2.00000;2.60062
2.50000;3.35580
3.00000;4.15093
3.75000;5.38368
4.00000;5.74127
4.75000;6.87398
4.87500;7.02271
5.00000;7.17167
5.75000;8.28431
5.87500;8.47316
6.00000;8.72189
7.25000;10.64978
7.50000;11.02727
7.75000;11.28502
8.00000;11.66253
8.25000;12.10003
8.50000;12.47768
8.75000;12.85526
9.00000;13.34733
9.99792;15.05000
