"MID";"WAV"
0.00000;0.17915
0.75000;0.93380
0.79167;0.97605
0.83333;1.02821
0.87500;1.07030
1.00000;1.20194
2.00000;2.04642
3.00000;3.20670
3.75000;3.82324
4.00000;4.01559
6.00000;5.75347
6.75000;6.45040
6.79167;6.49244
6.83333;6.53447
6.87500;6.57650
7.00000;6.70249
8.00000;7.67089
8.33333;7.94723
8.66667;8.22420
9.00000;8.56053
10.00000;9.56948
10.33333;9.90579
10.66667;10.24181
11.00000;10.55684
11.33333;10.78131
11.66667;11.10952
11.99792;11.34998
