"MID";"WAV"
0.00000;0.00000
0.50000;0.23633
1.50000;0.82897
2.50000;1.38164
2.75000;1.52974
3.00000;1.65793
4.00000;2.21049
4.25000;2.35821
4.50000;2.44699
4.75000;2.57501
5.00000;2.70317
5.25000;2.83133
5.50000;2.95948
5.75000;3.08764
6.00000;3.21580
6.25000;3.36393
6.50000;3.49212
6.75000;3.60250
7.00000;3.71751
7.25000;3.82264
7.50000;3.92348
7.99792;4.05000
