"MID";"WAV"
0.00000;0.00000
0.25000;0.11566
0.50000;0.23131
0.75000;0.34696
1.00000;0.46262
1.50000;0.69394
2.00000;0.92524
2.50000;1.15656
2.75000;1.27221
3.00000;1.38786
3.50000;1.61918
4.00000;1.85048
4.25000;1.96613
4.50000;2.08179
4.75000;2.19745
5.00000;2.31311
5.50000;2.54441
6.00000;2.77573
6.25000;2.89138
6.50000;3.00703
6.75000;3.12269
7.00000;3.23835
7.50000;3.46965
7.99792;3.65000
