"MID";"WAV"
0.00000;0.16239
1.00000;0.62033
2.50000;2.25732
3.00000;2.76303
3.50000;3.25498
4.00000;3.74691
4.50000;4.25888
5.00000;4.81972
6.00000;5.97024
8.00000;7.93378
9.00000;8.90396
10.50000;10.42856
11.00000;10.90797
11.50000;11.30765
12.00000;11.78718
12.50000;12.32164
13.00000;12.89486
15.49792;15.85000
