"MID";"WAV"
0.00000;0.10641
2.50000;4.51673
3.00000;5.29351
3.50000;6.01359
4.00000;6.81193
4.50000;7.62403
5.00000;8.53992
5.50000;9.30124
6.00000;10.05581
6.06250;10.16767
6.50000;10.95046
7.00000;11.84511
7.50000;12.77975
8.99792;15.95000
