"MID";"WAV"
0.00000;0.00000
0.50000;0.32908
1.00000;0.65815
1.50000;0.98723
3.50000;2.30353
4.50000;2.96169
4.56250;3.00282
4.62500;3.04396
5.00000;3.29077
5.50000;3.61984
6.00000;3.94892
6.50000;4.29488
6.75000;4.50047
8.50000;5.78443
9.00000;6.06534
9.50000;6.36710
10.00000;6.65344
10.50000;6.97209
11.00000;7.31717
11.50000;7.62261
12.00000;7.95015
12.50000;8.28738
12.83333;8.50732
13.16667;8.70316
13.50000;8.91214
15.49792;10.15000
