"MID";"WAV"
0.00000;0.00000
1.00000;0.40522
2.00000;0.80602
3.00000;1.19818
4.00000;1.59387
5.00000;1.92108
6.00000;2.29453
7.00000;2.60121
8.00000;3.00442
9.00000;3.46377
9.06250;3.70151
11.00000;4.09863
11.99792;4.45000
