"MID";"WAV"
0.00000;0.15402
0.33333;0.27839
0.66667;0.39855
1.00000;0.50814
2.00000;0.83628
2.75000;1.08238
3.00000;1.16441
3.75000;1.42954
4.00000;1.51255
6.00000;2.09108
6.33333;2.17952
6.66667;2.23834
7.00000;2.33697
8.00000;2.66510
8.75000;2.90559
9.00000;2.97790
9.75000;3.21935
10.00000;3.30138
12.00000;3.90104
12.33333;4.00704
12.66667;4.09107
13.00000;4.18579
14.00000;4.49663
14.33333;4.60331
14.66667;4.70115
15.00000;4.80207
15.99792;5.35000
