"MID";"WAV"
0.00000;0.18991
1.50000;1.88367
2.00000;2.38496
2.25000;2.64562
2.50000;2.91168
3.00000;3.56740
3.12500;3.65397
3.25000;3.74799
3.37500;3.81458
3.50000;3.92879
3.62500;4.06898
3.75000;4.19952
4.00000;4.38987
4.50000;4.87483
5.50000;5.83557
5.75000;6.07616
6.00000;6.28892
6.50000;6.86680
7.00000;7.41079
7.50000;7.90952
8.00000;8.38716
8.50000;8.99282
8.99792;9.85000
