"MID";"WAV"
0.00000;0.19624
1.25000;0.79551
1.50000;0.90263
1.75000;1.02968
2.00000;1.11684
2.25000;1.24390
2.50000;1.34070
2.75000;1.41816
3.00000;1.54526
4.00000;2.05367
5.00000;2.54206
6.00000;2.99059
8.00000;4.02737
9.00000;4.55381
11.99792;5.85000
