"MID";"WAV"
0.00000;0.00000
0.50000;0.29290
0.56250;0.33343
0.62500;0.42825
0.68750;0.52343
0.87500;1.08749
1.00000;1.25725
1.87500;2.58473
2.00000;2.78958
2.87500;4.10231
3.00000;4.43555
3.16667;4.76886
3.19375;4.84529
3.22083;4.90006
3.24792;4.98728
3.33333;5.13596
3.50000;5.39018
3.66667;5.64657
3.83333;5.93596
4.00000;6.22878
5.00000;7.82595
5.99792;9.05000
