"MID";"WAV"
0.00000;0.14282
2.00000;2.85383
3.00000;3.88255
3.50000;4.48661
4.00000;5.33553
5.00000;6.40569
5.12500;6.56504
5.25000;6.74059
5.37500;6.91606
5.50000;7.07524
5.62500;7.23443
5.75000;7.39363
5.87500;7.55282
6.00000;7.71200
8.00000;10.26278
10.00000;12.59762
10.50000;13.21801
11.00000;13.72417
11.06250;13.80377
11.50000;14.25572
11.56250;14.31891
12.00000;15.90417
14.00000;17.52915
14.99792;18.85002
