"MID";"WAV"
0.00000;0.10137
1.00000;0.44849
1.25000;0.54537
1.50000;0.62274
1.75000;0.71915
2.00000;0.77658
2.50000;0.93124
2.56250;0.95539
3.00000;1.11718
3.50000;1.25973
3.56250;1.28303
4.00000;1.39398
5.00000;1.78247
5.25000;1.87827
5.50000;1.94554
5.75000;2.03192
6.00000;2.08995
6.50000;2.24521
6.56250;2.26882
7.00000;2.41859
7.99792;2.75002
