"MID";"WAV"
0.00000;0.00000
0.50000;0.19339
0.75000;0.29008
1.00000;0.38677
1.25000;0.48347
1.50000;0.58016
2.00000;0.77354
2.50000;0.96693
2.56250;0.99111
3.00000;1.16033
3.25000;1.25702
3.50000;1.35372
4.00000;1.54710
4.50000;1.74048
5.50000;2.12726
6.50000;2.51330
7.49792;2.85000
