"MID";"WAV"
0.00000;0.00000
0.50000;0.24755
1.00000;0.43510
1.50000;0.62265
2.00000;0.81020
2.25000;0.90397
2.50000;0.99775
2.75000;1.09152
3.00000;1.18529
3.50000;1.37285
4.00000;1.56039
4.25000;1.65416
4.50000;1.74794
4.75000;1.84172
5.00000;1.93549
5.25000;2.02926
5.50000;2.12304
5.75000;2.20649
6.00000;2.28910
6.25000;2.37262
6.50000;2.45358
6.75000;2.54219
7.00000;2.62473
7.50000;2.79240
7.99792;2.95002
