"MID";"WAV"
0.00000;0.18846
1.50000;1.53376
2.00000;2.04118
3.50000;3.27713
4.00000;3.76251
4.50000;4.26742
5.00000;4.67281
5.50000;5.09941
6.00000;5.82477
6.06250;5.91470
6.12500;5.99009
6.18750;6.05256
7.00000;6.61506
7.50000;7.25575
8.00000;7.78501
8.06250;7.84982
8.12500;7.94343
8.18750;8.03290
9.00000;8.49518
9.50000;8.94101
9.99792;9.45000
