"MID";"WAV"
0.00000;0.00000
1.50000;0.29616
2.00000;0.49901
2.50000;0.69681
3.00000;0.89702
3.50000;1.10780
4.00000;1.29763
4.25000;1.38711
4.50000;1.46874
4.75000;1.55034
5.00000;1.63194
5.50000;1.79513
6.00000;1.95832
6.25000;2.03992
6.50000;2.12152
6.75000;2.20311
7.00000;2.28472
7.50000;2.44791
8.00000;2.61110
9.49792;3.05000
