"MID";"WAV"
0.00000;0.00000
1.00000;0.28927
2.00000;0.59599
3.00000;0.90689
4.00000;1.19147
5.00000;1.44585
6.00000;1.70874
6.50000;1.83602
7.00000;1.96794
8.00000;2.25751
8.50000;2.41137
9.00000;2.57565
10.00000;2.80502
11.00000;3.09000
12.00000;3.38007
13.00000;3.69914
15.00000;4.28545
15.99792;4.55000
