"MID";"WAV"
0.00000;0.10752
0.50000;0.39648
1.00000;0.62663
1.50000;0.87764
2.00000;1.12263
2.50000;1.38961
3.00000;1.61992
4.00000;2.15158
4.50000;2.40635
6.00000;3.09780
6.50000;3.33420
7.00000;3.55092
7.50000;3.78716
8.00000;4.00397
8.50000;4.22044
9.00000;4.41724
10.00000;4.90933
10.50000;5.20643
12.00000;5.93530
12.50000;6.13291
13.00000;6.36841
13.50000;6.60488
14.50000;6.99054
14.99792;7.55000
