"MID";"WAV"
0.00000;0.00000
3.00000;0.38011
4.00000;0.60675
5.00000;0.81346
6.00000;1.00022
8.00000;1.49361
9.00000;1.72025
10.00000;1.96696
12.00000;2.38037
12.50000;2.50369
13.00000;2.60704
13.50000;2.71038
14.00000;2.81373
14.99792;3.05000
