"MID";"WAV"
0.00000;0.19940
0.25000;0.30691
0.50000;0.43380
0.75000;0.53071
1.00000;0.62760
1.25000;0.72450
1.50000;0.82141
1.75000;0.91831
2.00000;1.01520
2.25000;1.11208
2.50000;1.19936
2.75000;1.27060
3.00000;1.33431
3.25000;1.37971
3.50000;1.47661
3.75000;1.57351
4.00000;1.67031
4.25000;1.74373
4.50000;1.80960
4.75000;1.90111
5.00000;1.99766
5.50000;2.05814
5.56250;2.07609
6.00000;2.24561
6.50000;2.42617
6.56250;2.43229
7.00000;2.51338
7.99792;2.95000
