"MID";"WAV"
0.00000;0.00000
0.50000;0.21761
1.50000;0.65284
2.50000;1.08806
3.50000;1.52329
4.50000;1.95852
5.50000;2.39375
6.50000;2.82897
7.50000;3.26420
8.50000;3.69942
9.50000;4.13464
10.50000;4.56987
11.50000;5.00509
12.50000;5.44033
13.50000;5.87555
14.50000;6.31078
15.50000;6.74600
16.50000;7.18123
17.50000;7.61645
18.50000;8.05168
19.50000;8.48685
19.99792;8.65002
