"MID";"WAV"
1.00000;0.08442
1.50000;0.58762
2.00000;1.10457
3.50000;2.71051
5.00000;4.39887
5.50000;4.94336
6.00000;5.57035
7.50000;7.02495
9.00000;8.53454
9.50000;9.07899
10.00000;9.56846
11.50000;11.28443
12.00000;11.81510
12.50000;12.31832
13.00000;12.87650
13.50000;13.37973
14.00000;13.91044
15.00000;14.90306
15.99792;16.05000
