"MID";"WAV"
0.00000;0.00000
1.00000;2.04792
1.75000;3.54443
2.00000;4.19112
3.50000;8.00837
4.00000;9.23853
4.50000;10.46854
5.00000;11.60359
5.50000;12.77026
6.00000;13.96896
7.00000;16.80946
8.00000;19.20593
9.00000;21.31728
9.75000;22.84651
10.00000;23.55584
11.50000;26.99226
12.00000;28.06389
12.50000;29.16710
13.00000;30.23851
13.50000;31.27790
14.00000;32.19029
15.99792;35.25000
