"MID";"WAV"
0.00000;0.10239
1.50000;1.02217
2.00000;1.27630
3.50000;1.97859
4.00000;2.21523
5.00000;2.64091
6.50000;3.40299
6.62500;3.46651
6.75000;3.53003
6.87500;3.59354
7.00000;3.65707
7.50000;3.85171
8.00000;4.09894
8.06250;4.12858
9.00000;4.44581
10.50000;5.23549
10.62500;5.29912
10.75000;5.38944
10.87500;5.46812
11.00000;5.55219
11.50000;5.79088
11.99792;6.05000
