"MID";"WAV"
1.00000;0.10565
2.50000;1.10416
3.50000;1.81653
4.00000;2.21934
4.75000;2.78478
5.00000;3.00165
6.66667;4.20949
7.33333;4.68957
8.00000;5.22404
10.50000;7.68934
13.99792;9.05000
