"MID";"WAV"
0.00000;0.10795
1.00000;0.96268
4.00000;2.53058
7.00000;3.83851
12.00000;5.98236
13.00000;6.52186
15.00000;7.46208
16.00000;7.90990
18.00000;8.62498
19.00000;9.22440
22.00000;10.54275
22.99792;11.65000
