"MID";"WAV"
0.00000;0.00000
1.50000;2.33188
2.00000;2.99020
2.50000;3.67081
3.00000;4.32929
4.50000;6.70561
6.50000;9.29427
7.00000;9.95277
7.50000;10.67803
8.00000;11.40322
8.50000;12.10614
9.00000;12.80926
10.50000;15.02896
12.00000;16.87058
12.50000;17.57352
13.00000;18.27647
13.50000;18.97941
14.50000;20.38530
14.75000;20.73675
15.00000;21.08821
15.50000;21.79116
16.00000;22.49410
16.50000;23.19686
17.49792;24.55000
