"MID";"WAV"
0.00000;0.00000
2.00000;2.63598
3.00000;4.13657
4.00000;5.97964
7.00000;9.62244
7.50000;10.22277
8.00000;10.97275
9.50000;13.03021
10.00000;13.73831
10.50000;14.70225
11.00000;15.43076
11.50000;16.11665
12.00000;16.82353
12.50000;17.44490
13.00000;18.06600
14.50000;19.69522
15.00000;20.42445
15.50000;21.23834
16.00000;21.94538
17.49792;23.95000
