"MID";"WAV"
0.00000;0.00000
1.00000;0.72078
2.00000;1.39605
3.50000;2.62986
4.00000;2.99777
4.50000;3.35907
5.00000;3.70665
5.50000;4.05344
6.00000;4.40232
7.50000;5.39557
8.00000;5.82954
8.25000;6.03408
8.75000;6.44223
9.00000;6.63065
9.50000;7.02311
10.00000;7.37788
10.50000;7.73983
11.50000;8.42865
11.99792;8.75000
