"MID";"WAV"
0.00000;0.19350
0.25000;0.65922
0.50000;1.07072
1.50000;2.44646
1.75000;2.80388
2.00000;3.16114
3.00000;4.50131
3.25000;4.89521
3.50000;5.32349
4.50000;6.53848
4.75000;6.96789
5.00000;7.37687
6.00000;8.32254
6.25000;8.73447
6.50000;9.16284
7.00000;9.89439
7.50000;10.50105
8.00000;11.10969
8.50000;11.87897
9.00000;12.66686
9.50000;13.50764
11.00000;15.95301
11.49792;17.45000
