"MID";"WAV"
0.00000;0.11376
0.50000;0.28079
1.00000;0.44156
1.50000;0.60221
2.00000;0.74314
2.50000;0.90362
3.00000;1.00429
3.50000;1.10944
6.00000;1.87073
6.50000;1.96918
7.00000;2.07021
7.50000;2.19175
8.00000;2.35253
8.50000;2.51190
9.00000;2.61799
9.50000;2.73295
12.00000;3.45387
12.50000;3.59765
13.00000;3.70642
13.50000;3.80047
14.00000;3.88193
14.50000;4.04271
15.00000;4.20350
15.50000;4.36428
16.00000;4.52459
17.00000;4.82663
17.50000;4.98687
18.50000;5.28902
18.99792;5.45000
