"MID";"WAV"
0.00000;0.00000
2.00000;2.51332
4.00000;4.77187
6.00000;7.23880
8.00000;9.47421
9.00000;10.64979
9.50000;11.23758
10.00000;11.82537
11.00000;12.90834
12.00000;14.03758
14.00000;16.22664
16.00000;18.46200
18.00000;20.65105
20.00000;23.02538
22.00000;25.23756
23.99792;27.05000
