"MID";"WAV"
0.00000;0.19641
0.75000;0.80229
1.00000;0.85652
1.75000;1.11771
2.00000;1.21951
2.75000;1.66152
3.00000;1.76933
3.75000;1.97195
4.00000;2.13833
4.75000;2.57993
5.00000;2.63596
5.75000;2.88066
6.00000;2.99848
6.75000;3.38062
7.00000;3.47291
7.75000;3.77030
8.00000;3.88603
8.75000;4.27480
9.00000;4.40261
9.75000;4.79684
9.99792;5.15000
