"MID";"WAV"
0.00000;0.11726
0.50000;0.39341
0.75000;0.53011
1.00000;0.64682
1.25000;0.77570
1.50000;0.88010
2.00000;1.07367
2.50000;1.34705
3.00000;1.62046
3.50000;1.79842
3.75000;1.91065
4.00000;2.02730
4.25000;2.16398
4.50000;2.28068
5.00000;2.55409
5.50000;2.74750
6.00000;3.02091
7.49792;3.95000
