"MID";"WAV"
0.00000;0.00000
3.00000;2.20213
4.00000;2.95617
4.50000;3.41316
7.83333;5.94005
8.16667;6.30485
8.50000;6.76929
10.00000;7.80043
11.50000;8.80736
12.50000;9.62554
13.00000;10.06248
16.49792;13.05000
