"MID";"WAV"
0.00000;0.00000
0.50000;0.20628
1.00000;0.41255
2.00000;0.82511
3.00000;1.23766
4.00000;1.65021
4.50000;1.85649
5.00000;2.06277
6.00000;2.47532
7.00000;2.88834
8.00000;3.35737
8.12500;3.43815
8.25000;3.50621
10.00000;4.12554
10.12500;4.17711
10.25000;4.22868
12.00000;4.95064
12.12500;5.00221
12.25000;5.05326
14.00000;5.71114
14.12500;5.78178
14.25000;5.85438
15.99792;6.55000
