"MID";"WAV"
0.00000;0.00000
0.50000;0.72794
1.00000;1.85741
2.00000;3.58098
2.25000;4.11225
2.50000;4.57661
2.75000;5.04108
3.00000;5.57228
4.50000;8.35839
5.00000;9.28710
6.50000;12.07322
7.00000;13.00192
7.50000;13.93063
8.00000;14.85936
8.50000;15.78807
9.00000;16.71678
11.00000;20.43160
12.00000;22.28901
12.50000;23.21773
13.00000;24.21338
13.99792;25.95000
