"MID";"WAV"
0.00000;0.00000
1.00000;0.81494
2.00000;1.62989
3.50000;2.81432
4.00000;3.20282
4.50000;3.55341
5.00000;3.92279
5.50000;4.25442
6.00000;4.58607
7.00000;5.48639
8.00000;6.30134
9.50000;7.69445
10.00000;8.06402
10.50000;8.46200
11.00000;8.86944
11.50000;9.25796
12.00000;9.65603
13.49792;10.95000
