"MID";"WAV"
0.00000;0.11026
0.50000;0.39745
1.00000;0.61084
1.50000;0.84981
2.00000;1.08644
2.50000;1.31583
3.00000;1.55082
3.50000;1.77266
4.00000;2.01583
4.50000;2.28008
5.00000;2.50880
5.50000;2.73645
6.00000;2.95909
8.00000;4.12542
8.50000;4.33497
9.00000;4.58201
9.50000;4.78730
10.00000;4.99904
10.50000;5.19864
11.00000;5.41622
12.00000;6.31301
13.00000;6.60956
13.50000;6.91922
13.99792;7.35000
