"MID";"WAV"
0.00000;0.00000
1.00000;0.42508
2.00000;0.85014
3.00000;1.27522
3.12500;1.32835
3.25000;1.38149
3.37500;1.43462
3.50000;1.48776
3.62500;1.54088
3.75000;1.59403
3.87500;1.64717
4.00000;1.70030
4.12500;1.75344
4.25000;1.80656
4.37500;1.85970
4.50000;1.91283
5.00000;2.12537
6.00000;2.55044
7.00000;2.97552
8.00000;3.40059
9.00000;3.82567
11.00000;4.67581
11.99792;5.05000
