"MID";"WAV"
0.00000;0.00000
4.00000;1.39385
6.00000;2.09985
7.50000;2.68164
8.00000;2.94501
10.00000;4.40136
11.50000;5.49990
12.00000;5.78957
14.66667;7.90356
15.00000;8.09908
15.33333;8.30301
15.66667;8.50705
16.00000;8.71190
16.75000;9.29537
17.00000;9.47012
17.49792;9.85000
