"MID";"WAV"
0.00000;0.00000
1.00000;0.47720
2.00000;0.93681
2.50000;1.15572
5.00000;1.99203
5.50000;2.21083
6.50000;2.58860
7.00000;2.74838
9.50000;3.68486
10.00000;3.90362
11.00000;4.30194
11.50000;4.50138
12.50000;4.91951
13.00000;5.11808
14.00000;5.47768
14.50000;5.69688
14.56250;5.72428
15.00000;5.91541
15.50000;6.11671
16.00000;6.37349
17.50000;6.95134
18.49792;7.35000
