"MID";"WAV"
0.00000;0.13632
0.50000;0.59464
1.00000;1.09553
1.50000;1.60567
1.75000;1.89095
2.00000;2.10212
2.25000;2.30331
2.50000;2.50040
3.00000;2.90189
3.50000;3.40063
4.00000;3.89793
4.50000;4.30224
5.00000;4.70333
5.25000;4.98653
5.50000;5.19918
5.99792;5.45000
