"MID";"WAV"
0.00000;0.00000
3.00000;2.84284
4.00000;3.83654
6.50000;6.31084
7.00000;6.77809
7.50000;7.28480
8.00000;7.79152
10.00000;10.11454
11.00000;11.14769
12.00000;12.16122
15.00000;15.49766
16.00000;16.58994
19.00000;19.55127
19.50000;20.05798
20.00000;20.56456
22.49792;22.75000
