"MID";"WAV"
0.00000;0.00000
1.00000;0.43575
2.00000;0.86553
3.00000;1.34377
4.00000;1.79777
5.00000;2.25184
7.00000;3.22045
7.33333;3.37380
7.66667;3.52716
8.00000;3.68051
9.00000;4.14058
9.75000;4.48563
10.00000;4.60064
11.00000;5.06070
11.75000;5.40575
12.00000;5.52077
13.00000;5.98069
14.99792;6.85002
