"MID";"WAV"
0.00000;0.00000
0.25000;0.19478
0.50000;0.38955
1.00000;0.77912
1.50000;1.16867
1.75000;1.36346
2.00000;1.55823
3.00000;2.33736
3.50000;2.72692
4.00000;3.11648
4.50000;3.50604
4.75000;3.70082
5.00000;3.89559
6.00000;4.67471
6.25000;4.86949
6.50000;5.06377
7.00000;5.41853
7.25000;5.59322
7.50000;5.78799
7.75000;5.98202
8.00000;6.15637
8.75000;6.70707
9.00000;6.91616
9.49792;7.35002
