"MID";"WAV"
0.00000;0.00000
0.50000;0.76998
1.00000;1.45712
1.25000;1.79538
1.50000;2.09264
1.75000;2.43091
2.00000;2.74872
2.50000;3.40450
3.00000;3.98845
3.50000;4.61331
4.00000;5.20722
4.25000;5.49441
4.50000;5.81174
4.75000;6.11052
5.00000;6.49792
5.50000;6.98995
6.00000;7.62540
6.50000;8.26085
6.75000;8.57858
7.00000;8.89629
7.06250;8.97572
7.12500;9.05515
7.50000;9.53174
7.75000;9.84947
8.00000;10.16637
8.49792;10.75002
