"MID";"WAV"
0.00000;0.00000
3.50000;1.20347
3.62500;1.27280
3.75000;1.35100
3.87500;1.42484
4.00000;1.48988
7.50000;3.10308
7.62500;3.17254
7.75000;3.24644
7.87500;3.32440
8.00000;3.38963
8.50000;4.12939
8.75000;4.25085
9.00000;4.37230
9.50000;4.61519
9.75000;4.73663
10.00000;4.84536
10.49792;5.05000
