"MID";"WAV"
0.00000;0.00000
0.50000;0.19900
1.00000;0.40325
1.50000;0.59956
2.00000;0.79597
2.50000;0.99762
3.00000;1.19814
4.00000;1.50418
4.50000;1.69483
5.00000;1.87428
5.50000;2.03130
6.00000;2.20058
6.50000;2.35932
7.00000;2.51107
7.50000;2.67103
7.99792;2.75002
