"MID";"WAV"
0.00000;0.00000
0.50000;0.37051
1.00000;0.78089
2.50000;1.85187
4.00000;2.76298
6.50000;4.27718
7.00000;4.74747
7.50000;5.19646
8.00000;5.54556
8.50000;5.81625
9.00000;6.10585
9.50000;6.35819
10.00000;6.70862
11.50000;7.75523
12.99792;8.25000
