"MID";"WAV"
0.00000;0.10077
2.00000;1.90593
3.00000;2.70218
4.00000;3.50956
6.00000;5.10220
7.00000;5.98853
8.00000;7.00809
12.00000;10.41407
15.99792;12.15000
