"MID";"WAV"
0.00000;0.00000
1.75000;1.68919
2.00000;1.91483
3.75000;3.64551
4.00000;3.96741
7.00000;6.59665
7.25000;6.84886
7.50000;7.09533
7.75000;7.33062
8.00000;7.59708
9.00000;8.48169
9.99792;9.05000
