"MID";"WAV"
0.00000;0.00000
1.00000;0.10308
2.50000;0.86748
3.00000;1.08901
4.00000;1.53213
5.00000;1.99955
6.00000;2.59849
8.00000;3.64448
8.75000;4.01696
9.00000;4.14746
10.00000;4.63057
10.75000;5.00312
11.00000;5.13295
12.00000;5.55777
12.75000;6.01360
13.00000;6.19955
15.00000;7.14977
15.49792;7.55000
