"MID";"WAV"
0.00000;0.00000
0.50000;0.24787
3.00000;1.48723
3.06250;1.51822
3.25000;1.61116
3.50000;1.73510
4.00000;1.98297
4.50000;2.23084
5.00000;2.47871
5.06250;2.50969
5.25000;2.60264
5.50000;2.72658
6.00000;2.97445
6.50000;3.22232
7.50000;3.71842
8.50000;4.25562
9.00000;4.50860
9.50000;4.75634
10.00000;4.99950
10.50000;5.26139
11.49792;5.65000
