"MID";"WAV"
0.00000;0.00000
4.00000;4.48334
8.00000;8.93582
11.50000;12.87411
12.00000;13.38833
16.00000;18.14928
19.00000;21.32683
20.00000;22.60179
22.00000;24.78178
23.00000;25.90247
24.00000;26.86912
25.00000;27.92821
26.00000;28.95667
27.00000;30.16996
28.00000;31.29073
29.00000;32.35021
30.00000;33.71859
30.99792;35.65000
