"MID";"WAV"
0.25000;0.03046
0.50000;0.10424
0.75000;0.22447
1.00000;0.35263
1.25000;0.48078
1.50000;0.60896
1.75000;0.73707
2.00000;0.84527
2.25000;0.97338
2.50000;1.08086
2.75000;1.17328
3.00000;1.29790
3.25000;1.42605
3.50000;1.55422
3.75000;1.68238
4.00000;1.81053
4.25000;1.93870
4.50000;2.12664
4.75000;2.25501
5.00000;2.38317
5.25000;2.58280
5.50000;2.71946
5.75000;2.84764
6.00000;2.99379
6.25000;3.12396
6.50000;3.25212
6.75000;3.38028
7.00000;3.50844
7.99792;4.05000
