"MID";"WAV"
1.00000;0.11760
1.06250;0.14540
3.00000;2.05735
3.75000;2.50260
4.00000;2.65077
5.00000;3.24347
7.00000;4.42885
8.00000;5.02155
10.75000;6.49614
11.00000;6.65125
11.75000;7.08778
12.00000;7.23875
13.99792;8.55000
