"MID";"WAV"
0.00000;0.00000
0.50000;0.42705
1.00000;0.87572
1.50000;1.44999
3.00000;3.00008
3.50000;3.38593
4.00000;3.76516
4.50000;4.40280
5.25000;5.26892
5.37500;5.39629
5.50000;5.53044
6.00000;6.11879
6.50000;6.54669
7.00000;6.94505
7.50000;7.41414
8.00000;7.90617
8.50000;8.71582
9.00000;9.40890
9.50000;9.93940
10.00000;10.42871
10.50000;11.09701
11.92292;12.05000
