"MID";"WAV"
0.00000;0.13444
0.50000;0.68425
1.50000;1.67275
2.00000;2.15699
2.50000;2.62127
3.00000;3.12552
3.50000;3.48990
4.00000;3.99403
4.50000;4.51827
5.00000;5.02165
5.50000;5.50679
6.00000;6.01104
6.50000;6.63531
7.50000;7.64379
8.00000;8.12812
8.50000;8.69230
9.00000;9.17660
9.50000;9.68083
11.00000;11.19359
11.99792;12.05000
