"MID";"WAV"
0.00000;0.19949
0.25000;0.33794
0.50000;0.45425
0.75000;0.63092
1.00000;0.76760
1.75000;1.05882
2.00000;1.19546
2.25000;1.30829
2.50000;1.34930
2.75000;1.46672
3.00000;1.60265
3.75000;1.87462
4.00000;2.01152
4.25000;2.14332
4.50000;2.20484
4.75000;2.32271
5.00000;2.43826
5.75000;2.74945
6.00000;2.86687
6.25000;2.98923
6.50000;3.06401
6.75000;3.24948
7.00000;3.39227
7.49792;3.55000
