"MID";"WAV"
0.00000;0.00000
1.00000;0.65845
2.00000;1.31690
4.50000;3.30042
5.00000;3.61644
5.50000;3.93886
6.00000;4.29485
7.50000;5.98974
7.75000;6.14303
8.00000;6.30077
8.50000;6.61649
8.75000;6.76110
9.00000;6.91210
9.50000;7.20763
10.00000;7.52316
11.99792;7.85000
