"MID";"WAV"
0.50000;0.20839
1.00000;0.33679
1.50000;0.46493
2.00000;0.55352
2.50000;0.67451
3.00000;0.74722
4.00000;0.96699
5.00000;1.20354
6.00000;1.42219
7.00000;1.69393
10.00000;2.36537
10.50000;2.43629
11.00000;2.56376
11.50000;2.67309
12.00000;2.79946
12.50000;2.88798
13.00000;2.98086
13.50000;3.08686
14.00000;3.21270
14.50000;3.30345
15.00000;3.43375
15.99792;3.75000
