"MID";"WAV"
0.00000;0.00000
1.50000;0.43677
2.00000;0.58617
2.50000;0.74321
3.00000;0.89691
3.50000;1.06965
4.00000;1.23203
4.50000;1.38570
5.00000;1.53949
5.50000;1.70907
6.00000;1.88133
6.50000;2.05359
7.00000;2.23091
7.50000;2.40581
8.00000;2.59662
8.99792;3.05000
