"MID";"WAV"
0.00000;0.00000
2.25000;1.52533
2.75000;1.84434
3.00000;2.04716
3.25000;2.22329
3.75000;2.56226
4.00000;2.73178
5.50000;3.86864
6.00000;4.20762
7.50000;5.28451
8.00000;5.62349
8.99792;6.05000
