"MID";"WAV"
1.50000;1.37528
2.00000;3.24771
2.50000;4.30463
3.00000;5.38153
3.50000;6.49848
4.00000;7.75542
5.00000;10.02933
5.50000;11.34614
6.00000;12.46308
6.50000;13.66005
6.75000;14.29854
7.00000;14.93713
7.50000;16.46796
8.00000;17.79386
8.99792;20.05000
