"MID";"WAV"
0.50000;0.15424
1.00000;0.40839
1.50000;0.64276
2.00000;0.87700
2.50000;1.13112
3.00000;1.40502
3.50000;1.65951
4.00000;1.91231
4.50000;2.16797
4.75000;2.28538
5.00000;2.47954
5.50000;2.71676
7.00000;3.49885
7.50000;3.77253
8.00000;4.02749
8.50000;4.32040
9.00000;4.57589
9.50000;4.81077
10.00000;5.07666
10.50000;5.37674
11.00000;5.61352
11.50000;5.88152
12.00000;6.15141
12.50000;6.37971
12.99792;6.75000
