"MID";"WAV"
0.00000;0.00000
1.00000;1.69620
1.25000;2.11573
1.50000;2.55331
3.00000;5.12468
4.00000;6.85695
4.25000;7.29451
4.50000;7.73212
6.00000;10.41166
6.25000;10.84922
6.50000;11.28680
7.00000;12.10781
7.25000;12.50934
7.50000;12.92890
8.50000;14.71529
9.00000;15.60844
9.25000;16.04604
9.50000;16.46558
10.00000;17.37679
10.25000;17.81440
10.50000;18.26999
11.99792;20.95002
