"MID";"WAV"
0.00000;0.10573
0.50000;0.52098
1.00000;0.94197
1.50000;1.34297
2.00000;1.76385
2.50000;2.10496
2.75000;2.31521
3.00000;2.46590
3.50000;2.86684
4.00000;3.24791
4.50000;3.62889
5.00000;4.00987
5.50000;4.39406
6.00000;4.75186
7.50000;5.95487
7.75000;6.16537
8.00000;6.37586
8.50000;6.79694
9.00000;7.23759
9.50000;7.59885
10.00000;8.01963
10.50000;8.40081
10.75000;8.61094
11.00000;8.76168
11.50000;9.14275
11.99792;9.55000
