"MID";"WAV"
0.00000;0.00000
0.75000;0.39610
1.00000;0.53981
2.00000;1.00648
2.75000;1.40257
3.00000;1.53927
4.00000;2.10358
4.75000;2.54178
5.00000;2.68894
5.75000;3.16567
6.00000;3.30586
6.75000;3.67961
7.00000;3.79787
7.49792;4.05000
