"MID";"WAV"
0.00000;0.00000
1.00000;0.63765
1.75000;1.05854
2.00000;1.21533
2.25000;1.37464
2.75000;1.61072
3.00000;1.75514
3.25000;1.89403
3.75000;2.16926
4.00000;2.31991
5.00000;2.87912
6.00000;3.40344
7.99792;5.05000
