"MID";"WAV"
0.00000;0.09487
0.50000;0.39167
1.50000;1.09340
2.00000;1.46465
2.25000;1.60298
2.50000;1.73888
3.50000;2.49793
4.00000;2.86934
4.25000;3.01008
4.50000;3.21749
5.50000;3.92430
5.75000;4.06540
6.00000;4.20128
7.00000;4.92166
7.49792;5.35000
