"MID";"WAV"
0.00000;0.00000
0.50000;0.24203
1.50000;0.62616
2.00000;0.84815
3.00000;1.24214
3.50000;1.45029
4.50000;1.87851
5.00000;2.10005
5.50000;2.28207
6.00000;2.46367
6.50000;2.66673
6.56250;2.69450
7.00000;2.88880
7.50000;3.11051
8.00000;3.31238
8.50000;3.50434
9.00000;3.69703
9.50000;3.91908
10.00000;4.14011
10.50000;4.32320
11.00000;4.54482
11.49792;4.75000
