"MID";"WAV"
0.00000;0.00000
1.00000;1.98237
2.00000;4.47350
3.00000;6.80055
3.50000;7.85183
4.00000;8.91289
5.00000;11.15052
5.12500;11.36619
5.25000;11.51815
5.37500;11.73004
5.50000;11.90177
5.62500;12.16551
5.75000;12.40531
5.87500;12.63310
6.00000;12.83679
6.99792;14.05000
