"MID";"WAV"
0.00000;0.00000
1.00000;0.76741
2.00000;1.60787
4.00000;3.36188
5.00000;4.15851
6.00000;4.98440
8.00000;6.84072
10.00000;8.55089
12.00000;10.26107
16.00000;13.68142
19.99792;17.05000
