"MID";"WAV"
0.00000;0.10111
1.00000;0.49949
2.00000;0.90559
3.00000;1.21067
4.00000;1.60123
5.00000;1.95309
6.00000;2.46013
8.00000;3.10903
9.00000;3.41415
9.50000;3.59398
10.00000;3.79705
11.00000;4.20319
12.00000;4.60154
13.00000;4.99198
14.00000;5.32800
16.00000;5.92275
17.00000;6.30551
17.50000;6.46970
18.00000;6.63391
19.00000;7.00128
20.00000;7.46176
21.00000;7.82904
22.00000;8.21959
23.99792;8.95000
