"MID";"WAV"
0.00000;0.00000
1.00000;0.30428
3.00000;1.09699
4.00000;1.45040
5.00000;1.79927
8.00000;2.99259
9.00000;3.35082
10.50000;3.88764
11.00000;4.05770
12.00000;4.39749
13.00000;4.73728
14.99792;5.25002
