"MID";"WAV"
0.00000;0.09385
1.50000;0.63821
2.00000;0.80734
4.00000;1.40090
5.00000;1.69782
6.00000;2.00452
8.00000;2.54149
9.00000;2.85918
10.00000;3.17686
11.00000;3.49455
12.00000;3.81223
13.00000;4.12992
14.00000;4.44709
16.99792;5.35000
