"MID";"WAV"
0.00000;0.00000
0.75000;0.98881
1.00000;1.31820
2.50000;2.78019
3.00000;3.30177
3.50000;3.77201
4.00000;4.27653
5.00000;5.33711
6.00000;6.43196
7.00000;7.47534
8.00000;8.53588
9.00000;9.59637
10.00000;10.62239
12.00000;12.55485
13.00000;13.66651
14.00000;14.60705
15.00000;15.65040
16.00000;16.69378
17.00000;17.73700
18.49792;19.25002
