"MID";"WAV"
0.00000;0.19701
0.50000;0.38538
1.00000;0.55619
1.50000;0.75769
2.00000;0.95047
2.50000;1.14309
3.00000;1.33570
3.50000;1.52832
4.00000;1.70187
4.50000;1.89356
4.56250;1.91764
4.75000;1.98987
5.00000;2.08617
5.50000;2.27879
6.00000;2.50839
6.50000;2.75914
7.00000;2.95664
7.50000;3.16740
7.99792;3.35000
