"MID";"WAV"
0.00000;0.00000
2.00000;0.71008
4.00000;1.38011
6.50000;2.17190
7.00000;2.31804
7.50000;2.42278
8.00000;2.60029
10.00000;3.31037
12.00000;4.02045
13.50000;4.49836
14.00000;4.66379
14.50000;4.85342
15.00000;5.02489
15.50000;5.19632
16.00000;5.37391
19.99792;7.05000
