"MID";"WAV"
0.00000;0.00000
2.00000;0.97945
3.50000;1.71404
4.00000;1.95891
4.50000;2.20377
5.00000;2.44863
5.50000;2.68136
6.00000;2.90803
8.00000;3.89352
9.00000;4.35898
10.00000;4.84872
11.00000;5.34449
12.00000;5.82211
14.00000;6.80761
14.49792;7.05000
