"MID";"WAV"
1.00000;1.99183
1.75000;3.95638
2.00000;4.74352
3.50000;8.37273
3.62500;8.93331
3.75000;9.50221
3.87500;10.12021
4.00000;10.82775
6.50000;16.93641
7.00000;19.30922
7.50000;21.89521
7.97292;24.05000
