"MID";"WAV"
0.00000;0.00000
0.06250;0.02501
1.00000;0.40010
1.50000;0.60016
2.00000;0.80021
2.06250;0.82522
3.00000;1.20031
3.50000;1.40037
4.00000;1.60042
4.06250;1.62542
5.00000;2.00052
5.50000;2.20057
6.00000;2.40062
6.06250;2.57456
7.00000;2.80216
7.50000;3.00078
7.99792;3.15000
