"MID";"WAV"
0.00000;0.00000
1.00000;0.32023
1.75000;0.60256
2.00000;0.70330
3.00000;1.10483
4.00000;1.46627
5.00000;1.78814
5.75000;2.07437
6.00000;2.16954
7.00000;2.51112
8.00000;2.85287
10.00000;3.57629
12.00000;4.33893
13.50000;4.81199
13.75000;4.90740
14.00000;5.00280
15.00000;5.38425
15.99792;5.75000
