"MID";"WAV"
0.00000;0.00000
2.00000;0.70714
2.06250;0.72709
2.50000;0.90465
3.00000;1.10780
3.50000;1.30543
4.00000;1.50303
5.00000;1.90376
7.00000;2.69420
8.50000;3.30357
9.00000;3.49579
9.50000;3.69877
10.00000;3.90737
10.50000;4.11604
11.00000;4.32475
11.50000;4.53885
12.00000;4.76933
12.50000;5.00024
13.00000;5.23653
13.50000;5.44603
14.00000;5.64936
14.50000;5.83636
15.00000;6.03361
15.50000;6.22047
15.99792;6.45000
