"MID";"WAV"
0.00000;0.00000
0.50000;0.19298
1.00000;0.36572
3.00000;1.11839
3.50000;1.30479
4.00000;1.53109
5.50000;2.11039
6.00000;2.29679
6.50000;2.48319
7.00000;2.66959
7.50000;2.85596
8.00000;3.02238
8.50000;3.20878
9.00000;3.39518
9.50000;3.58158
10.00000;3.76797
10.99792;4.05000
