"MID";"WAV"
0.00000;0.00000
1.00000;0.19547
2.00000;0.40884
3.00000;0.61319
4.00000;0.84153
5.00000;1.07584
7.00000;1.50257
8.00000;1.72494
8.50000;1.84509
9.00000;1.95627
9.50000;2.06745
10.00000;2.18459
10.50000;2.30476
11.00000;2.42789
11.50000;2.55102
12.00000;2.67116
12.50000;2.78533
13.00000;2.89950
14.49792;3.35000
