"MID";"WAV"
1.00000;0.37585
2.50000;0.77965
3.00000;0.92758
5.00000;1.51930
7.00000;2.11101
8.50000;2.55480
9.00000;2.70273
11.00000;3.29445
13.00000;3.88616
14.50000;4.32995
15.00000;4.47788
17.00000;5.06955
19.00000;5.58132
20.50000;6.02511
21.00000;6.17304
23.00000;6.70481
23.99792;7.05000
