"MID";"WAV"
0.00000;0.00000
0.50000;0.50911
1.00000;1.09402
2.00000;2.41540
2.50000;2.93875
3.00000;3.45896
4.00000;4.62523
4.50000;5.21839
5.00000;5.83153
6.00000;7.01536
6.50000;7.61097
7.00000;8.12419
8.00000;9.35047
8.50000;9.93727
9.00000;10.51678
10.00000;11.74487
10.50000;12.43228
11.00000;13.04941
11.49792;14.05000
