"MID";"WAV"
1.00000;0.81870
2.00000;1.28712
2.50000;1.53841
3.00000;1.82607
4.00000;2.28148
4.50000;2.52913
5.00000;2.79679
6.00000;3.33216
7.50000;4.03526
8.00000;4.30287
8.50000;4.53063
9.00000;4.79824
10.00000;5.31358
11.00000;5.82894
12.00000;6.34434
12.50000;6.63200
13.00000;6.89966
15.00000;7.89042
15.50000;8.17703
16.00000;8.44577
16.99792;9.05000
