"MID";"WAV"
0.00000;0.00000
1.00000;0.38555
2.00000;0.67112
3.00000;1.05640
4.00000;1.42208
5.00000;1.88757
7.00000;2.75866
8.00000;3.26422
9.00000;3.74934
10.00000;4.07499
11.00000;4.44068
12.00000;4.88628
13.00000;5.37205
14.00000;5.91154
15.00000;6.60427
16.00000;7.50845
19.00000;9.02470
20.00000;9.45014
21.00000;9.85551
22.00000;10.22121
23.00000;10.62697
24.00000;11.09170
25.99792;11.74998
