"MID";"WAV"
0.00000;0.00000
1.00000;1.00535
1.50000;1.50098
2.50000;2.41033
3.00000;2.89911
5.50000;5.30670
6.50000;6.29257
7.00000;6.70729
7.50000;7.30509
7.75000;7.54370
8.00000;7.78536
8.25000;8.03836
8.50000;8.27688
8.75000;8.50758
9.00000;8.75195
9.24792;8.95000
