"MID";"WAV"
0.75000;0.26503
1.00000;0.35337
3.75000;1.32518
4.00000;1.41353
6.75000;2.38534
7.00000;2.47368
7.75000;2.73871
8.00000;2.82706
9.75000;3.44548
10.00000;3.53382
12.50000;4.41728
12.75000;4.50563
13.00000;4.59395
14.99792;5.24998
