"MID";"WAV"
0.00000;0.00000
2.00000;0.57275
3.00000;0.91913
4.00000;1.26551
5.00000;1.60113
6.00000;1.93826
7.00000;2.28464
8.00000;2.62190
9.00000;3.05731
11.00000;3.79575
12.00000;4.15651
14.00000;4.82924
15.00000;5.13567
16.00000;5.48201
17.00000;5.80841
18.00000;6.15477
19.00000;6.50116
20.00000;6.82766
20.49792;7.05000
