"MID";"WAV"
0.00000;0.19444
1.00000;0.61505
2.50000;1.14424
3.00000;1.35309
3.50000;1.58194
4.00000;1.79079
4.50000;1.99960
5.00000;2.18899
5.50000;2.31735
6.00000;2.52619
6.50000;2.73500
7.00000;2.92925
7.50000;3.13273
8.00000;3.34075
9.00000;3.70630
10.50000;4.14584
11.00000;4.35468
11.50000;4.55745
12.00000;4.76025
12.50000;4.94902
13.00000;5.11845
13.50000;5.27390
14.00000;5.45139
14.50000;5.64812
15.00000;5.88298
15.50000;6.10396
16.00000;6.29465
16.99792;6.85000
