"MID";"WAV"
0.00000;0.00000
1.00000;1.38484
1.75000;2.26411
2.00000;2.58739
3.00000;3.79832
4.00000;5.04224
4.75000;6.01238
4.87500;6.15798
5.00000;6.30315
5.75000;7.21516
6.00000;7.57905
7.00000;8.79096
7.49792;9.65000
