"MID";"WAV"
0.00000;0.00000
0.50000;0.21518
1.00000;0.43036
1.50000;0.64554
2.00000;0.86072
2.50000;1.07589
3.00000;1.29107
3.50000;1.50625
4.00000;1.72143
6.00000;2.58214
6.50000;2.79732
7.00000;3.01250
7.50000;3.22768
8.00000;3.44286
8.50000;3.65804
9.00000;3.87322
9.50000;4.08840
10.00000;4.30357
12.00000;5.16429
12.50000;5.37947
13.00000;5.59465
13.50000;5.80983
14.00000;6.02500
14.50000;6.24019
15.00000;6.45536
15.50000;6.67053
16.00000;6.88298
16.49792;7.05000
