"MID";"WAV"
0.00000;0.00000
0.50000;0.41138
1.50000;1.79272
2.50000;3.40665
2.75000;3.74786
3.00000;4.08857
4.00000;5.45141
4.50000;6.13284
4.62500;6.30321
4.75000;6.47355
4.87500;6.64393
5.00000;6.81427
5.12500;6.98463
5.25000;7.15498
5.37500;7.32535
5.50000;7.49569
5.87500;8.09893
6.00000;8.27926
6.37500;8.82744
6.50000;8.98935
7.50000;10.58353
7.99792;10.85000
