"MID";"WAV"
0.00000;0.00000
2.00000;0.92022
3.00000;1.39186
4.00000;1.89168
9.00000;4.39377
10.00000;4.90755
13.00000;6.48862
14.00000;7.02915
15.00000;7.56975
16.00000;8.11044
19.00000;9.61808
20.00000;10.10513
22.00000;11.21279
23.00000;11.71252
24.00000;12.25941
27.00000;13.82779
28.00000;14.31505
30.00000;15.41319
30.99792;15.85000
