"MID";"WAV"
0.00000;0.00000
1.00000;0.33582
1.75000;0.60264
2.00000;0.69159
3.00000;1.06725
4.00000;1.46286
5.00000;1.87824
6.00000;2.23477
7.00000;2.68909
7.75000;2.95741
8.00000;3.02787
9.00000;3.42134
10.00000;3.83666
11.00000;4.21324
11.49792;4.45000
