"MID";"WAV"
0.00000;0.10487
1.50000;0.82519
1.56250;0.85704
2.00000;1.08016
2.50000;1.30621
3.00000;1.51031
4.50000;2.17552
4.56250;2.20736
5.00000;2.43053
5.50000;2.63717
6.00000;2.88060
7.50000;3.49764
8.00000;3.73022
8.50000;3.97149
9.00000;4.20111
9.99792;4.95002
