"MID";"WAV"
0.00000;0.00000
3.00000;1.29525
4.00000;1.70883
4.50000;1.92466
5.00000;2.12840
5.50000;2.33221
6.00000;2.55415
7.00000;2.99202
8.00000;3.44803
9.00000;3.89179
11.00000;4.69472
12.00000;5.10830
12.50000;5.32416
13.00000;5.53397
13.50000;5.74379
14.00000;5.95969
15.00000;6.39782
15.99792;6.95000
