"MID";"WAV"
0.00000;0.00000
3.00000;1.32018
6.00000;2.64036
7.00000;3.08042
8.00000;3.52048
9.00000;3.96054
9.50000;4.18058
10.00000;4.40062
10.50000;4.62064
11.00000;4.84067
11.50000;5.06070
12.00000;5.28074
13.50000;5.94082
14.00000;6.16006
14.99792;6.55000
