"MID";"WAV"
0.00000;0.00000
0.50000;0.47921
1.00000;0.74171
1.50000;0.85257
2.00000;0.98345
2.50000;1.15428
3.00000;1.28264
3.50000;1.41604
4.00000;1.58691
4.50000;1.75762
5.00000;1.83247
5.50000;1.97948
6.00000;2.14029
6.50000;2.28117
7.00000;2.43083
7.50000;2.54294
8.00000;2.71369
8.50000;2.84462
9.00000;2.99559
9.50000;3.12651
10.00000;3.27731
10.50000;3.44812
11.00000;3.61898
11.50000;3.81999
11.99792;4.05000
