"MID";"WAV"
0.00000;0.00000
0.75000;0.65121
1.00000;1.07902
2.75000;3.47359
2.87500;3.64149
3.00000;3.80937
4.00000;5.07252
6.00000;7.71531
6.75000;8.49071
7.00000;8.84570
8.75000;10.71462
8.87500;10.87323
9.00000;11.05190
10.00000;12.21046
10.49792;14.05000
