"MID";"WAV"
0.00000;0.10051
0.50000;0.63401
1.00000;1.16751
1.50000;1.71281
2.00000;2.26983
3.00000;3.26615
3.50000;3.82324
4.00000;4.38033
4.50000;4.94922
5.00000;5.51806
6.00000;6.57325
6.50000;7.10686
7.00000;7.69936
7.50000;8.30347
8.25000;9.09793
8.50000;9.39424
9.00000;10.03385
9.50000;10.62633
10.00000;11.21881
10.50000;11.81121
11.50000;12.91383
11.99792;13.55000
