"MID";"WAV"
0.00000;0.00000
0.50000;0.19793
2.00000;0.79173
3.50000;1.38551
4.00000;1.58345
4.25000;1.68241
4.50000;1.78138
4.75000;1.88034
5.00000;1.97902
6.00000;2.30952
6.50000;2.50703
8.00000;2.99418
9.50000;3.51035
10.00000;3.70453
10.25000;3.81217
10.50000;3.93188
10.75000;4.05535
11.00000;4.17571
11.49792;4.45000
