"MID";"WAV"
0.00000;0.00000
1.33333;0.35370
1.66667;0.44212
2.00000;0.53085
3.33333;0.96468
3.66667;1.07265
4.00000;1.16099
4.50000;1.28978
5.00000;1.40582
5.50000;1.51764
6.00000;1.60611
6.50000;1.68437
7.00000;1.81615
7.50000;1.92751
8.00000;2.00993
8.50000;2.11478
9.00000;2.24625
9.50000;2.35236
10.00000;2.41169
10.50000;2.52540
11.00000;2.65674
11.50000;2.76891
13.00000;3.14581
13.50000;3.23973
14.00000;3.35381
14.50000;3.48609
15.00000;3.57808
15.49792;3.65000
