"MID";"WAV"
0.00000;0.00000
2.75000;1.15270
3.00000;1.27254
6.75000;2.95825
6.83333;2.99316
6.91667;3.02795
7.00000;3.06275
8.00000;3.48028
9.00000;3.89781
10.00000;4.25559
11.00000;4.65297
11.12500;4.70508
11.25000;4.75726
11.37500;4.84823
11.50000;4.90164
11.62500;4.97115
11.75000;5.02595
12.00000;5.13042
14.00000;6.02670
15.00000;6.39614
15.12500;6.45487
15.25000;6.50740
15.37500;6.55959
15.50000;6.61179
15.62500;6.66398
15.75000;6.71618
16.00000;6.82056
16.75000;7.12367
16.99792;7.24998
