"MID";"WAV"
0.00000;0.00000
0.50000;0.37941
1.00000;0.72632
3.00000;1.75911
3.50000;2.18755
4.00000;2.56525
6.00000;3.45803
6.50000;3.77108
7.00000;4.02423
9.00000;4.99690
10.00000;5.86297
12.00000;6.77586
12.50000;7.02901
13.00000;7.20220
15.00000;8.10320
15.50000;8.30797
16.00000;8.54111
18.00000;9.37376
18.50000;9.62685
19.00000;9.79560
21.00000;10.67277
22.00000;11.22970
23.89792;12.05000
