"MID";"WAV"
0.00000;0.00000
0.50000;0.58863
1.50000;1.64281
1.75000;1.87036
2.00000;2.13470
2.75000;2.86769
3.50000;3.62074
3.75000;3.88503
4.00000;4.12939
4.25000;4.35375
4.50000;4.61808
5.00000;5.16676
6.00000;6.24410
6.50000;6.75280
7.00000;7.31194
8.00000;8.25880
8.50000;8.76750
9.50000;9.67590
9.75000;9.98915
10.00000;10.27049
10.49792;10.85000
