"MID";"WAV"
0.00000;0.00000
2.00000;1.14111
2.50000;1.37977
3.00000;1.64172
3.50000;1.90367
4.00000;2.17333
4.50000;2.41190
5.50000;2.80364
6.50000;3.31199
7.50000;3.79729
10.50000;5.66435
10.56250;5.69806
14.50000;7.82221
14.75000;7.95665
15.50000;8.29176
15.75000;8.43437
16.49792;8.85000
