"MID";"WAV"
0.00000;0.04444
0.25000;0.27344
1.12500;1.51005
1.25000;1.67788
2.12500;2.80795
2.25000;3.00222
3.12500;4.19465
3.25000;4.36245
4.12500;5.53698
4.25000;5.70475
5.12500;6.87927
5.25000;7.04705
6.12500;8.22157
6.25000;8.38935
6.62500;8.89270
6.75000;9.06051
7.12500;9.56386
7.25000;9.73164
7.74792;10.35002
