"MID";"WAV"
0.00000;0.00000
1.00000;0.90374
2.50000;2.40399
3.00000;2.91608
3.50000;3.40414
4.00000;3.91619
4.50000;4.39223
5.00000;4.89232
5.50000;5.39244
6.00000;5.91656
8.50000;8.40516
9.00000;8.95340
9.50000;9.48948
10.00000;10.00148
13.49792;13.45000
