"MID";"WAV"
0.00000;0.09154
0.25000;0.19114
1.00000;0.50200
1.25000;0.61528
3.00000;1.34648
3.25000;1.44105
4.00000;1.74030
4.25000;1.84656
6.00000;2.58040
6.25000;2.67671
7.00000;2.99552
7.25000;3.10178
8.00000;3.42059
8.25000;3.52686
9.00000;3.78574
9.25000;3.87456
10.00000;4.19074
10.25000;4.27706
11.25000;4.72207
11.99792;5.05000
