"MID";"WAV"
0.00000;0.11231
1.50000;0.73254
1.66667;0.81393
1.83333;0.89533
2.00000;0.97672
3.50000;1.70926
3.66667;1.79066
3.83333;1.87206
4.00000;1.95326
7.50000;3.60656
8.00000;3.84976
9.50000;4.52018
10.00000;4.75284
11.50000;5.49672
12.00000;5.72771
14.00000;6.61047
14.94792;7.25000
