"MID";"WAV"
0.00000;0.00000
4.00000;0.88756
8.00000;1.77512
12.00000;2.66267
17.00000;3.77211
18.00000;3.99401
19.00000;4.21590
20.00000;4.43779
23.00000;5.10346
23.25000;5.15893
23.50000;5.21440
23.75000;5.26987
24.00000;5.32535
25.00000;5.54724
26.00000;5.76913
27.00000;5.99101
28.00000;6.21290
28.50000;6.32385
29.00000;6.43480
29.50000;6.54574
30.00000;6.65668
30.50000;6.76763
31.00000;6.87857
31.50000;6.98951
31.99792;7.05000
