"MID";"WAV"
1.00000;0.68075
2.00000;1.14329
3.00000;1.59633
7.00000;3.23778
8.00000;3.70032
9.00000;4.16286
11.00000;5.08794
13.00000;6.01302
14.00000;6.47556
15.00000;6.93811
19.00000;8.70290
20.00000;9.15593
21.00000;9.59951
23.00000;10.49611
23.99792;11.05000
