"MID";"WAV"
1.00000;0.62123
2.00000;1.52636
3.00000;2.41863
4.00000;3.34955
6.00000;5.09540
7.00000;6.10376
8.00000;7.09927
10.00000;9.01283
11.00000;9.94379
12.00000;10.87481
14.00000;12.98188
15.00000;14.11932
15.99792;15.05000
