"MID";"WAV"
0.00000;0.00000
3.00000;1.32877
3.50000;1.54494
4.00000;1.76639
4.50000;1.98786
5.00000;2.20404
5.50000;2.42020
6.00000;2.62578
6.50000;2.83663
7.00000;3.04219
7.50000;3.25310
8.00000;3.46396
8.50000;3.68009
9.00000;3.89096
10.00000;4.32856
11.00000;4.77675
12.00000;5.21441
12.75000;5.54658
13.25000;5.77858
13.50000;5.87896
13.99792;6.15000
