"MID";"WAV"
0.00000;0.00000
1.00000;1.12920
2.00000;1.83334
3.00000;2.48738
4.00000;3.07646
5.00000;3.64525
6.00000;4.11430
7.00000;4.58362
8.00000;5.11213
9.00000;5.44156
10.00000;5.89060
11.00000;6.33932
12.00000;6.72832
12.66667;6.98879
13.00000;7.17706
14.00000;7.52645
14.66667;7.79780
15.00000;7.91800
15.99792;8.65000
