"MID";"WAV"
0.00000;0.00000
2.00000;0.90044
4.00000;1.69913
5.50000;2.25698
5.75000;2.35865
6.00000;2.46035
8.00000;3.31300
10.00000;4.10732
12.00000;4.86067
13.50000;5.45076
13.75000;5.54483
14.00000;5.63584
14.99792;6.05000
