"MID";"WAV"
0.00000;0.00000
1.00000;1.52042
1.37500;2.07557
1.50000;2.26062
1.87500;2.81577
2.00000;3.00075
3.00000;4.19343
3.37500;4.69542
3.50000;4.86139
3.87500;5.30711
4.00000;5.48268
4.37500;5.91455
4.50000;6.10688
4.87500;6.51833
5.00000;6.68616
5.50000;7.41048
6.00000;8.19452
7.00000;9.71294
7.49792;11.05000
