"MID";"WAV"
0.00000;0.14718
1.00000;1.77713
1.50000;2.58684
2.00000;3.33346
2.25000;3.75408
2.50000;4.14323
2.75000;4.56382
3.00000;4.97395
3.25000;5.38405
3.50000;5.77315
3.75000;6.17277
4.00000;6.55137
4.25000;6.90896
4.50000;7.28757
4.75000;7.66611
5.00000;8.08661
5.25000;8.47576
5.50000;8.90678
5.75000;9.33792
6.00000;9.70618
6.50000;10.41086
6.62500;10.60530
6.75000;10.79980
6.87500;10.99437
7.00000;11.19934
7.49792;12.25000
