"MID";"WAV"
0.00000;0.00000
3.00000;0.79414
4.00000;1.12842
7.00000;2.11231
8.00000;2.45609
11.00000;3.51587
12.00000;3.86912
13.00000;4.21293
14.00000;4.57566
16.00000;5.29164
17.00000;5.63542
18.00000;5.97918
19.00000;6.32301
20.00000;6.68570
23.00000;7.70754
24.00000;8.05130
26.00000;8.72937
29.00000;9.77021
30.00000;10.14241
31.00000;10.49584
31.99792;10.95000
