"MID";"WAV"
0.00000;0.00000
0.50000;0.56099
1.00000;1.12194
1.50000;1.68292
2.00000;2.24388
2.50000;2.79367
3.00000;3.35461
3.50000;3.90435
4.00000;4.40933
4.50000;4.91442
5.00000;5.50891
5.50000;6.04748
6.00000;6.56370
6.50000;7.11333
7.00000;7.60716
7.50000;8.12350
8.00000;8.70676
8.50000;9.23422
9.00000;9.80627
9.50000;10.31123
10.00000;10.80536
10.37500;11.31553
10.50000;11.46688
10.87500;11.88807
11.00000;12.08455
11.49792;12.85000
