"MID";"WAV"
0.00000;0.00872
2.00000;0.90425
2.75000;1.19353
3.00000;1.29897
3.75000;1.49269
4.00000;1.58648
12.50000;4.75031
13.00000;4.99911
13.50000;5.20068
14.00000;5.40070
14.50000;5.60073
15.00000;5.80076
15.50000;6.00078
16.00000;6.20081
16.49792;6.35000
