"MID";"WAV"
0.00000;0.09393
1.00000;0.47357
2.00000;0.84716
3.00000;1.16075
4.00000;1.53431
5.00000;1.86799
5.50000;1.99486
6.00000;2.18148
7.00000;2.51511
8.00000;2.84873
9.00000;3.20228
10.00000;3.57579
11.00000;3.86982
11.50000;4.03635
12.00000;4.22294
13.00000;4.53681
14.00000;4.87033
15.00000;5.24369
16.00000;5.57747
17.00000;5.95085
18.00000;6.34428
18.99792;7.25000
