"MID";"WAV"
0.00000;0.03479
2.00000;0.87514
3.50000;1.48206
4.00000;1.73029
5.50000;2.27703
6.00000;2.48541
6.50000;2.67430
7.00000;2.86295
7.50000;3.05230
8.00000;3.26278
8.24792;3.85000
