"MID";"WAV"
0.00000;0.05299
1.50000;0.40246
2.00000;0.51758
2.50000;0.63198
3.00000;0.74638
3.50000;0.86078
4.00000;0.99455
4.50000;1.14057
5.00000;1.27434
5.50000;1.39796
6.00000;1.51276
6.50000;1.64619
7.00000;1.76155
7.50000;1.87596
8.00000;2.02551
8.50000;2.14458
9.00000;2.27783
9.50000;2.41202
10.00000;2.52794
10.50000;2.68576
11.00000;2.81569
11.50000;2.93113
12.00000;3.06194
13.49792;3.45000
