"MID";"WAV"
0.00000;0.01795
0.50000;0.29616
1.00000;0.53182
2.00000;1.12330
2.50000;1.37941
3.00000;1.61545
3.50000;1.91076
4.00000;2.16704
4.50000;2.46224
5.00000;2.71880
5.50000;2.99428
6.00000;3.25056
6.50000;3.50645
7.00000;3.78184
7.50000;4.03821
7.99792;4.35000
