"MID";"WAV"
0.00000;0.19786
0.50000;0.42313
1.00000;0.63690
1.50000;0.84375
2.00000;1.07508
2.50000;1.29314
3.00000;1.52578
3.50000;1.74586
4.00000;1.95797
4.50000;2.17521
6.00000;2.77889
6.25000;2.88789
6.50000;3.02180
6.75000;3.13571
7.00000;3.22963
7.25000;3.34355
7.50000;3.45746
7.75000;3.54094
8.00000;3.64517
8.25000;3.73279
8.50000;3.81307
8.75000;3.89764
8.99792;4.04998
