"MID";"WAV"
0.00000;0.00000
0.50000;0.47265
1.00000;1.01538
3.00000;3.57601
3.50000;4.18524
4.00000;4.80039
4.50000;5.42607
5.00000;6.08474
5.50000;6.74341
6.00000;7.40209
6.75000;8.45608
7.00000;8.76896
8.00000;10.41109
9.00000;11.77911
9.50000;12.50373
10.00000;13.27353
10.50000;13.93228
11.00000;14.59096
12.00000;16.07311
14.49792;19.25000
