"MID";"WAV"
0.00000;0.03744
1.00000;1.08400
2.00000;2.31989
3.00000;3.77220
3.62500;4.58953
3.75000;4.75263
3.87500;4.91799
4.00000;5.08453
6.00000;7.52422
6.50000;8.15663
6.66667;8.37892
6.83333;8.54409
7.00000;8.74869
7.66667;9.64336
7.83333;9.82747
8.00000;10.00864
8.66667;10.86886
8.83333;11.09288
9.00000;11.31641
9.62500;12.11015
9.75000;12.27413
9.87500;12.46259
10.00000;12.63751
10.49792;12.75000
