"MID";"WAV"
0.00000;0.00000
1.00000;0.55394
2.00000;1.10787
3.00000;1.66165
5.00000;2.70044
5.06250;2.73553
5.50000;3.00511
5.75000;3.14359
6.00000;3.28087
7.00000;3.71803
8.00000;4.24351
9.00000;4.71387
11.00000;5.61055
11.06250;5.64911
11.50000;5.86685
11.75000;6.03315
12.00000;6.19722
12.99792;6.75000
