"MID";"WAV"
0.00000;0.10632
1.00000;0.52507
2.00000;0.92926
3.00000;1.33697
4.00000;1.73368
5.00000;2.17240
5.50000;2.40968
6.00000;2.60695
6.50000;2.80419
7.00000;2.96571
8.00000;3.37232
9.00000;3.79074
9.06250;3.83506
10.00000;4.20490
11.00000;4.59939
12.00000;4.99387
13.00000;5.35860
13.50000;5.52568
14.00000;5.72286
14.50000;5.92011
15.00000;6.11735
16.00000;6.49182
17.00000;6.86320
17.99792;7.25000
