"MID";"WAV"
0.00000;0.13282
0.50000;0.26365
1.00000;0.39524
1.50000;0.52414
3.00000;0.96434
3.50000;1.08015
4.00000;1.17680
4.50000;1.29122
6.00000;1.67458
6.50000;1.80895
7.00000;1.91518
7.50000;2.03833
8.00000;2.17256
8.50000;2.28875
9.00000;2.42895
9.50000;2.55663
10.00000;2.68973
10.50000;2.81882
11.49792;3.05000
