"MID";"WAV"
0.00000;0.00000
1.00000;1.13354
1.50000;1.70030
2.50000;2.83381
3.00000;3.40059
4.00000;4.53411
4.50000;5.10089
4.56250;5.17173
5.00000;5.66765
5.25000;5.95104
5.50000;6.23441
6.00000;6.80119
6.50000;7.36795
7.00000;7.93471
7.50000;8.50147
8.00000;9.06825
8.50000;9.61188
9.00000;10.12073
9.50000;10.69873
9.75000;10.94771
10.00000;11.20772
10.25000;11.45638
10.50000;11.71637
11.50000;12.81486
11.99792;13.55000
