"MID";"WAV"
0.00000;0.00000
0.12500;0.09252
0.25000;0.18502
0.37500;0.27753
0.50000;0.37005
0.75000;0.55510
1.00000;0.76080
1.50000;1.18261
2.00000;1.59398
3.00000;2.34452
3.50000;2.74549
4.00000;3.11570
7.00000;5.49126
7.50000;5.89297
8.00000;6.34795
8.50000;6.74591
9.00000;7.11558
9.50000;7.45485
10.00000;7.81462
11.00000;8.54462
11.50000;8.92485
12.00000;9.29349
14.99792;11.05000
