"MID";"WAV"
0.00000;0.13949
1.00000;1.89038
3.00000;5.28553
4.00000;6.90070
5.00000;8.45144
6.00000;10.37098
7.50000;12.97068
7.75000;13.54770
8.00000;14.06130
8.25000;14.68641
11.50000;19.43445
13.00000;21.51732
14.00000;22.99248
15.00000;24.68755
17.25000;28.18482
17.50000;28.64551
17.75000;29.15154
18.00000;29.62604
18.25000;30.26667
19.99792;32.85000
