"MID";"WAV"
0.00000;0.10949
1.00000;0.54754
2.00000;0.98054
3.00000;1.39981
4.00000;1.81477
5.50000;2.50995
5.75000;2.60852
6.00000;2.71824
6.50000;2.89698
7.00000;3.07912
7.50000;3.27275
8.00000;3.45413
9.00000;3.96201
10.00000;4.37779
11.00000;4.81357
12.00000;5.28935
12.06250;5.31659
12.50000;5.50724
12.75000;5.61618
13.00000;5.72512
13.50000;5.90043
13.99792;6.05000
