"MID";"WAV"
0.00000;0.00000
1.00000;0.44216
2.00000;0.88431
2.50000;1.10539
3.00000;1.32644
6.00000;2.61417
7.00000;3.07936
8.50000;3.70408
9.00000;3.94044
10.00000;4.37471
11.00000;4.80205
12.00000;5.29754
13.00000;5.69309
14.00000;6.09711
15.00000;6.56251
16.00000;7.02038
17.00000;7.48512
18.00000;7.90440
18.99792;8.35002
