"MID";"WAV"
0.00000;0.00000
1.50000;0.85929
3.00000;1.71861
4.50000;2.70189
11.00000;4.81204
12.00000;5.18843
13.00000;5.57172
14.00000;5.96532
15.00000;6.35903
17.00000;7.18372
22.00000;8.91051
23.00000;9.28648
24.00000;9.62153
25.00000;9.96692
26.00000;10.31249
27.00000;10.68793
29.99792;11.55000
