"MID";"WAV"
0.00000;0.00000
1.00000;1.10952
1.50000;1.59382
2.50000;2.69454
3.00000;3.28443
3.75000;4.09904
3.87500;4.23334
4.00000;4.35006
4.50000;4.81682
5.25000;5.68398
5.37500;5.80963
5.50000;5.93515
6.00000;6.51612
6.50000;7.09726
7.00000;7.61695
7.50000;8.17161
7.56250;8.23449
8.50000;9.30747
8.99792;10.25000
