"MID";"WAV"
0.00000;0.00000
1.50000;0.40367
2.00000;0.57832
2.50000;0.74586
3.00000;0.90574
3.50000;1.06556
4.00000;1.22504
4.50000;1.39581
5.00000;1.56688
5.50000;1.74183
6.00000;1.91315
6.50000;2.08842
7.00000;2.25942
7.50000;2.43050
8.00000;2.59041
9.50000;3.29362
10.00000;3.46020
10.50000;3.62774
11.00000;3.80575
11.50000;3.96352
11.99792;4.35000
