"MID";"WAV"
0.50000;0.01270
1.00000;0.06930
1.50000;0.13688
2.00000;0.22838
3.00000;0.46274
4.00000;0.71727
5.00000;0.98871
6.00000;1.22562
7.00000;1.48243
8.00000;1.71340
9.00000;1.94446
9.12500;1.96116
9.25000;1.97525
9.37500;1.98553
9.50000;2.00117
10.00000;2.12323
11.00000;2.39681
12.00000;2.65109
13.00000;2.90685
14.00000;3.17116
14.99792;3.55000
