"MID";"WAV"
0.00000;0.19846
1.00000;0.63205
2.00000;1.08011
3.00000;1.53015
5.00000;2.39019
5.50000;2.55526
6.00000;2.76027
7.00000;3.15032
8.00000;3.54038
9.00000;3.95047
9.50000;4.17550
10.00000;4.40052
12.00000;5.39212
13.00000;5.81455
14.00000;6.21845
15.00000;6.65618
16.50000;7.31740
16.75000;7.41909
17.00000;7.52094
17.99792;7.94998
