"MID";"WAV"
0.00000;0.00000
2.00000;0.26018
3.00000;0.44679
4.00000;0.65281
6.00000;1.09336
7.00000;1.30389
8.00000;1.55922
9.00000;1.77632
10.00000;2.00241
11.00000;2.24223
12.00000;2.45520
13.50000;2.76476
14.00000;2.86790
14.99792;3.25000
