"MID";"WAV"
1.00000;0.06197
1.12500;0.18302
1.25000;0.30262
5.75000;3.40237
6.75000;4.26704
10.25000;7.16698
10.75000;7.68955
11.25000;8.18427
11.75000;8.54778
11.87500;8.64814
12.00000;8.74555
16.50000;11.99688
19.50000;14.48505
19.75000;14.69079
20.00000;14.91121
20.25000;15.15278
22.50000;17.14560
23.50000;18.04596
26.50000;20.55852
27.50000;21.40276
29.39792;23.05000
