"MID";"WAV"
0.00000;0.00000
1.00000;0.89371
2.00000;1.78739
3.00000;2.68110
4.00000;3.57475
5.00000;4.39313
5.50000;4.86504
6.00000;5.27425
7.00000;6.25584
8.00000;7.14955
9.00000;8.04325
10.00000;8.87411
10.50000;9.28328
11.00000;9.69245
11.50000;10.16439
12.00000;10.58614
13.00000;11.50500
14.00000;12.47401
15.00000;13.30492
15.99792;14.25000
