"MID";"WAV"
1.00000;1.51048
3.00000;3.58140
3.66667;4.52388
4.00000;5.05505
7.00000;9.29640
8.50000;11.43701
9.00000;12.08393
9.50000;12.73086
10.00000;13.82145
12.50000;17.46805
13.50000;18.77959
14.00000;19.51280
16.50000;23.08722
17.50000;24.81132
18.00000;25.54786
18.50000;26.39227
19.50000;27.80852
20.00000;28.51541
20.50000;29.25573
21.00000;30.08911
21.99792;31.05000
