"MID";"WAV"
0.00000;0.00000
1.00000;0.86037
1.06250;0.91413
1.50000;1.29053
1.56250;1.34431
2.00000;1.72072
2.06250;1.77449
2.50000;2.15089
2.56250;2.20468
3.00000;2.58107
3.06250;2.63486
3.50000;3.01126
3.75000;3.22635
4.00000;3.44144
4.99792;4.25000
