"MID";"WAV"
0.00000;0.09667
1.00000;0.43563
2.00000;0.98600
3.00000;1.40673
4.00000;1.80237
5.00000;2.19797
6.00000;2.64747
7.00000;3.04914
8.00000;3.44475
9.00000;3.84034
10.00000;4.19607
11.00000;4.59153
12.00000;5.09088
13.00000;5.54257
14.00000;6.09779
15.00000;6.29467
16.00000;6.66958
17.00000;7.06509
18.00000;7.38093
18.50000;7.55861
19.00000;7.79372
20.00000;8.19186
21.00000;8.58747
22.99792;9.25000
