"MID";"WAV"
0.00000;0.09897
1.00000;0.50765
2.00000;0.90863
3.00000;1.27302
4.00000;1.63735
6.00000;2.32607
7.00000;2.69038
8.00000;3.05472
9.00000;3.41906
10.00000;3.79526
10.06250;3.82600
11.00000;4.14773
11.50000;4.32984
12.00000;4.47208
12.50000;4.65423
13.00000;4.79643
13.99792;5.05000
