"MID";"WAV"
0.00000;0.09333
1.00000;0.76338
2.00000;1.20247
3.00000;1.61151
4.00000;2.02041
5.00000;2.45831
6.00000;2.89289
9.00000;4.25103
9.75000;4.58689
10.00000;4.69882
11.00000;5.10789
12.00000;5.59466
13.00000;6.05034
14.00000;6.48935
16.00000;7.34400
16.25000;7.46364
17.00000;7.73157
17.25000;7.82275
18.00000;8.18202
18.25000;8.32294
18.99792;9.05000
