"MID";"WAV"
0.00000;0.00000
3.00000;1.20901
3.50000;1.40080
4.00000;1.58666
4.50000;1.77247
5.00000;1.96407
5.50000;2.15575
6.00000;2.32437
6.50000;2.52129
7.00000;2.70741
7.50000;2.89893
8.00000;3.07918
8.50000;3.28189
9.00000;3.45688
12.00000;4.60058
15.00000;5.75067
15.50000;5.94235
16.00000;6.13404
16.50000;6.32573
17.00000;6.51742
17.50000;6.70911
17.99792;6.85000
