"MID";"WAV"
0.00000;0.08120
0.50000;0.36876
1.00000;0.65632
3.00000;2.13107
3.50000;2.37039
4.00000;2.64966
4.06250;2.68461
5.00000;3.18428
6.00000;3.69454
6.50000;3.98188
7.00000;4.25334
8.00000;4.78791
9.00000;5.31438
10.00000;5.90546
12.00000;6.70749
12.50000;6.98614
13.00000;7.26559
14.00000;7.82448
15.00000;8.38339
16.00000;8.94227
16.99792;9.45002
