"MID";"WAV"
0.00000;0.00000
2.00000;0.86009
3.00000;1.29014
4.00000;1.72018
5.00000;2.15023
6.00000;2.58027
6.50000;2.79530
7.00000;3.01032
7.50000;3.22534
8.00000;3.44036
8.50000;3.65539
9.00000;3.87041
12.00000;5.16050
14.00000;6.01238
15.00000;6.38809
16.00000;6.77940
17.00000;7.18568
18.00000;7.56248
18.50000;7.80045
19.00000;8.02268
19.50000;8.22558
19.99792;8.55000
