"MID";"WAV"
0.00000;0.00000
2.00000;0.79401
2.50000;1.02170
3.00000;1.26408
3.50000;1.54101
4.00000;1.81107
5.50000;2.78417
5.75000;2.91237
6.00000;3.05429
7.50000;3.80214
8.00000;4.06676
8.50000;4.34140
9.00000;4.59833
9.50000;4.82688
10.00000;5.10459
10.50000;5.38156
11.00000;5.66545
11.50000;5.94241
12.00000;6.21552
13.50000;7.01261
13.75000;7.17007
14.00000;7.32790
14.99792;8.05000
