"MID";"WAV"
1.00000;0.06535
2.00000;0.44815
3.00000;0.88507
4.00000;1.29994
6.00000;2.46489
9.00000;4.01726
10.00000;4.52133
11.00000;5.01635
12.00000;5.59151
14.00000;6.67794
17.00000;8.18941
18.00000;8.59277
19.00000;8.99392
20.00000;9.32718
21.00000;9.69774
22.50000;10.39464
23.00000;10.68941
24.50000;11.30197
25.00000;11.58666
25.99792;12.25000
