"MID";"WAV"
1.00000;0.26503
1.50000;0.39754
2.00000;0.53006
3.00000;0.79508
4.00000;1.06011
4.50000;1.19263
5.00000;1.32514
5.50000;1.45765
6.00000;1.59017
7.00000;1.85519
7.50000;1.98771
8.00000;2.12022
10.50000;2.78226
11.00000;2.90337
11.50000;3.00930
12.00000;3.10828
13.00000;3.40359
14.50000;3.76758
15.00000;3.88220
15.50000;4.00285
16.00000;4.11802
17.00000;4.34999
18.00000;4.59562
18.50000;4.72031
19.00000;4.83932
19.50000;4.98891
19.99792;5.05002
