"MID";"WAV"
0.00000;0.18923
4.00000;1.59297
5.00000;2.02612
7.00000;2.82151
8.00000;3.24580
9.00000;3.65905
11.00000;4.42560
12.00000;4.85867
14.00000;5.72512
16.00000;6.56753
18.00000;7.31824
20.00000;8.09580
20.99792;8.35000
