"MID";"WAV"
0.00000;0.00000
2.50000;0.67085
2.75000;0.76193
3.00000;0.85303
4.00000;1.22601
5.00000;1.60170
6.00000;2.04595
8.00000;2.79202
9.00000;3.17905
11.00000;4.05522
12.00000;4.57576
13.99792;5.05000
