"MID";"WAV"
0.00000;0.10299
1.00000;0.41491
2.00000;0.72980
3.00000;1.02476
4.00000;1.30273
4.06250;1.35557
5.00000;1.59842
6.00000;1.85209
9.00000;2.93343
10.00000;3.20342
11.00000;3.49874
12.00000;3.78619
12.99792;4.05000
