"MID";"WAV"
0.00000;0.00000
3.00000;1.21379
5.00000;2.10211
6.00000;2.56612
9.00000;3.70076
12.00000;5.30049
16.00000;7.07772
16.50000;7.27065
17.00000;7.51174
17.50000;7.72439
18.00000;7.89748
20.00000;8.79510
22.00000;9.79211
23.50000;10.48850
24.00000;10.70154
24.99792;11.55000
