"MID";"WAV"
0.00000;0.10137
1.00000;0.33897
2.00000;0.59776
3.00000;0.81927
4.00000;1.05807
4.50000;1.18458
5.00000;1.27859
5.50000;1.38994
6.00000;1.49384
7.00000;1.75142
7.50000;1.84156
8.00000;1.95105
8.50000;2.06092
9.00000;2.15023
10.00000;2.38513
11.00000;2.60561
11.99792;2.74998
