"MID";"WAV"
0.00000;0.00000
0.50000;0.18984
1.00000;0.38255
1.50000;0.55493
2.00000;0.74990
2.50000;0.93147
3.00000;1.06976
3.50000;1.24806
4.00000;1.42631
4.50000;1.58464
5.00000;1.76293
5.50000;1.96120
6.00000;2.09953
6.50000;2.25780
7.00000;2.41613
7.50000;2.61440
8.00000;2.79268
8.50000;2.93105
9.00000;3.10928
9.50000;3.28757
10.00000;3.46584
10.50000;3.62420
11.00000;3.82265
11.49792;4.05002
