"MID";"WAV"
0.00000;0.09692
0.50000;0.29114
1.00000;0.50310
1.50000;0.79198
2.50000;1.18785
3.00000;1.40920
4.00000;1.85227
4.50000;2.07379
6.00000;2.77822
6.50000;3.01962
7.00000;3.22180
7.50000;3.42336
8.50000;3.84623
9.00000;4.06760
10.00000;4.51067
10.50000;4.71265
11.49792;5.34998
