"MID";"WAV"
0.00000;0.10214
1.00000;0.74159
4.00000;2.30606
6.00000;3.21009
7.00000;3.80772
10.00000;5.57601
11.50000;6.42950
12.00000;6.65811
12.50000;6.87993
13.00000;7.15926
15.00000;8.00608
16.00000;8.51427
17.99792;9.25000
