"MID";"WAV"
0.00000;0.00000
3.00000;0.76484
5.00000;1.54142
6.00000;1.90972
7.00000;2.29795
8.00000;2.64626
8.50000;2.82048
9.00000;3.04929
12.00000;4.42627
13.00000;4.80768
14.00000;5.17599
14.50000;5.40029
15.00000;5.60428
16.00000;6.04128
16.99792;6.55000
