"MID";"WAV"
0.00000;0.10051
0.75000;0.58383
1.00000;0.73177
4.00000;2.46339
4.75000;2.79830
5.00000;2.93185
6.00000;3.49456
6.75000;3.86009
7.00000;4.00488
8.00000;4.55417
8.75000;5.01798
9.00000;5.16592
11.99792;6.75000
