"MID";"WAV"
0.00000;0.00427
0.75000;0.34861
1.00000;0.48430
2.00000;0.90506
3.00000;1.34986
4.00000;1.85314
4.75000;2.28645
5.00000;2.39169
6.00000;2.83645
7.00000;3.27761
7.99792;3.75000
