"MID";"WAV"
0.00000;0.00000
4.00000;0.81129
8.00000;1.61179
9.00000;1.88404
9.50000;1.98432
10.00000;2.09522
10.50000;2.21362
11.00000;2.31718
11.50000;2.42612
12.00000;2.52998
14.00000;2.97361
15.99792;3.35000
