"MID";"WAV"
0.00000;0.08957
0.37500;0.49869
0.50000;0.66962
1.00000;1.21925
1.50000;1.84887
2.00000;2.45848
2.50000;3.10414
2.56250;3.17433
3.25000;4.12257
3.50000;4.46735
4.50000;5.70666
4.56250;5.79917
5.25000;6.76112
5.50000;7.14585
6.50000;8.40517
7.50000;9.58444
7.87500;10.04157
8.00000;10.17407
8.37500;10.65122
8.50000;10.83559
9.49792;11.95000
