"MID";"WAV"
1.00000;1.40023
3.00000;3.42051
3.50000;3.94672
4.00000;4.47909
5.00000;5.52081
7.00000;7.60113
8.00000;8.62652
9.00000;9.48144
10.00000;10.40168
11.00000;11.49789
12.50000;13.21351
14.00000;14.95299
14.99792;16.15000
