"MID";"WAV"
0.00000;0.19231
1.00000;0.56510
2.50000;1.36268
3.00000;1.56768
4.00000;1.92029
5.50000;2.55205
6.00000;2.75037
7.00000;3.11049
8.50000;3.71315
9.00000;3.96560
10.00000;4.38522
11.99792;4.85000
