"MID";"WAV"
0.00000;0.00000
3.00000;1.69014
4.50000;2.45318
5.00000;2.72821
5.50000;3.00323
6.00000;3.26791
9.00000;4.89943
10.50000;5.70522
11.00000;5.96026
11.50000;6.22494
12.00000;6.49994
15.00000;8.17077
16.00000;8.68085
17.50000;9.50591
18.00000;9.78094
19.00000;10.31997
21.00000;11.40279
21.99792;11.85000
