"MID";"WAV"
0.00000;0.00000
1.00000;0.39913
1.50000;0.67742
2.00000;0.91823
2.50000;1.15183
3.00000;1.37736
4.00000;1.83648
5.00000;2.31559
6.00000;2.79472
7.00000;3.27380
8.00000;3.73295
8.06250;3.76291
8.50000;3.97251
9.00000;4.21223
10.00000;4.81102
12.00000;5.66943
13.00000;6.14855
13.50000;6.38812
14.00000;6.62756
14.50000;6.84711
15.00000;7.06680
16.00000;7.54581
17.00000;8.00513
18.00000;8.50352
18.99792;8.85002
