"MID";"WAV"
0.00000;0.09812
0.50000;0.34638
1.00000;0.53280
1.50000;0.71919
2.00000;0.90559
2.50000;1.09199
3.00000;1.25843
3.50000;1.42484
5.00000;1.98399
5.50000;2.17039
6.00000;2.35679
6.50000;2.54313
7.00000;2.68959
7.50000;2.87598
8.00000;3.06236
8.50000;3.20878
9.00000;3.39518
9.50000;3.58158
10.99792;4.05000
