"MID";"WAV"
0.00000;0.00000
1.00000;0.32548
1.50000;0.49471
2.00000;0.67121
2.50000;0.88414
3.00000;1.11425
4.00000;1.52243
4.50000;1.73495
5.00000;1.92610
5.50000;2.12106
6.00000;2.34852
7.00000;2.76048
7.50000;2.95204
8.00000;3.16484
8.50000;3.37881
9.00000;3.64984
11.99792;4.75000
