"MID";"WAV"
0.00000;0.00000
0.25000;0.20784
0.50000;0.42073
1.50000;1.26249
2.00000;1.64348
2.25000;1.83390
2.50000;2.10973
3.50000;2.90591
4.00000;3.30673
4.25000;3.51694
4.50000;3.76640
5.50000;4.54683
6.00000;4.93038
6.25000;5.17904
6.50000;5.41003
7.50000;6.20166
7.99792;6.55000
