"MID";"WAV"
0.00000;0.18427
0.50000;0.29312
1.00000;0.40161
2.00000;0.64137
3.00000;0.85570
4.00000;1.06656
6.00000;1.54908
7.00000;1.77116
7.99792;2.25000
