"MID";"WAV"
0.00000;0.00000
0.50000;0.30044
1.00000;0.60088
1.75000;1.03733
2.00000;1.19458
3.00000;1.74588
3.50000;2.03920
4.00000;2.33963
4.75000;2.74779
5.00000;2.91197
6.00000;3.43506
6.50000;3.72123
7.00000;4.00747
7.75000;4.43685
8.00000;4.57997
9.00000;5.15247
9.50000;5.43871
10.00000;5.72496
10.75000;6.15434
11.00000;6.29745
12.00000;6.86995
12.50000;7.15620
13.00000;7.44245
13.75000;7.87182
14.00000;8.01495
14.49792;8.25000
