"MID";"WAV"
0.00000;0.00000
1.50000;0.34379
2.00000;0.45837
3.00000;0.68756
4.00000;0.91670
8.00000;1.80732
9.50000;2.14153
10.00000;2.27612
11.00000;2.50031
12.00000;2.73436
16.00000;3.60985
17.50000;3.96245
18.00000;4.05865
19.00000;4.31786
20.00000;4.54212
22.00000;5.00429
22.50000;5.10412
23.00000;5.21303
23.50000;5.31957
23.99792;5.45000
