"MID";"WAV"
0.00000;0.00000
1.00000;0.80820
2.00000;1.30453
3.00000;1.87463
4.00000;2.48947
5.00000;2.82348
6.00000;3.49582
7.00000;3.90416
8.00000;4.42205
9.00000;4.88132
10.00000;5.48772
11.00000;5.99214
12.00000;6.49558
14.49792;8.64998
