"MID";"WAV"
0.00000;0.00000
0.50000;0.22892
1.50000;0.99765
2.00000;1.19757
2.50000;1.41778
3.00000;1.63800
3.50000;1.85242
4.00000;2.06677
4.50000;2.29859
6.00000;2.90684
6.50000;3.10665
7.44792;3.35002
