"MID";"WAV"
0.00000;0.10077
0.25000;0.29762
0.31250;0.40467
1.00000;0.85824
1.25000;1.00282
2.00000;1.31655
2.25000;1.39178
2.31250;1.52206
3.00000;1.79483
3.25000;1.91935
4.00000;2.25308
4.25000;2.37831
5.00000;2.71136
5.25000;2.83588
6.00000;3.20945
6.25000;3.37396
7.00000;3.80768
7.25000;3.97254
7.74792;4.55000
