"MID";"WAV"
0.00000;0.14171
0.25000;0.56126
0.50000;0.86306
0.75000;1.34411
2.00000;3.21155
2.12500;3.42108
2.25000;3.57215
3.00000;4.59656
3.25000;4.95681
3.50000;5.23897
3.75000;5.58006
4.12500;6.07152
4.25000;6.22235
4.75000;6.84662
5.00000;7.22886
5.25000;7.64870
5.75000;8.35772
5.99792;8.95000
