"MID";"WAV"
0.00000;0.00000
1.00000;0.52008
3.00000;1.56021
4.00000;2.08028
4.75000;2.47034
5.00000;2.60036
6.00000;3.12043
7.00000;3.64051
10.00000;5.20077
13.00000;6.80218
14.99792;7.75000
