"MID";"WAV"
0.00000;0.10761
1.00000;0.82441
2.00000;1.50886
3.00000;2.31327
4.00000;3.01771
5.00000;3.82212
8.00000;6.15541
9.00000;6.93978
10.00000;7.62427
11.00000;8.40868
12.00000;9.17313
13.00000;9.95754
16.00000;12.31082
17.00000;13.09525
18.00000;13.75968
19.00000;14.54409
20.00000;15.26853
21.00000;16.05295
22.00000;16.81737
23.00000;17.58180
24.00000;18.36622
25.00000;19.13063
26.00000;19.81507
27.00000;20.59952
28.00000;21.44395
31.99792;24.75000
