"MID";"WAV"
0.00000;0.00000
4.00000;4.58307
6.00000;6.63865
7.00000;7.60386
8.00000;8.79762
16.00000;17.14107
18.00000;19.10894
19.00000;20.24323
20.00000;21.38246
24.99792;29.05000
