"MID";"WAV"
0.00000;0.10855
1.00000;0.49730
3.00000;1.01278
4.00000;1.31036
6.00000;1.80555
6.50000;1.95434
7.00000;2.10313
8.00000;2.36430
9.00000;2.64455
10.00000;2.93172
12.00000;3.49800
13.00000;3.79040
15.00000;4.34201
15.50000;4.45264
16.00000;4.58146
17.50000;5.02784
18.00000;5.19654
18.50000;5.30544
19.00000;5.45424
19.50000;5.60303
20.00000;5.75182
20.49792;5.95000
