"MID";"WAV"
0.00000;0.00000
0.50000;0.19712
1.00000;0.35427
2.00000;0.73936
3.00000;1.07559
4.00000;1.41712
5.00000;1.79096
5.50000;1.92825
6.00000;2.08527
6.50000;2.24269
7.00000;2.41967
8.00000;2.75408
9.00000;3.10835
10.00000;3.46215
12.00000;4.09001
12.99792;4.35000
