"MID";"WAV"
0.00000;0.00000
2.00000;0.49556
3.00000;0.73695
4.00000;0.99521
5.50000;1.32063
6.00000;1.45165
8.00000;1.91656
9.00000;2.14534
10.00000;2.39954
12.00000;2.89823
14.00000;3.31615
15.00000;3.55302
16.00000;3.78886
17.50000;4.11031
18.00000;4.22806
18.99792;4.45000
