"MID";"WAV"
0.00000;0.00000
1.00000;0.30045
2.00000;0.58822
3.00000;0.90786
4.00000;1.24036
5.00000;1.60477
6.00000;1.89912
6.06250;1.91939
7.00000;2.19967
8.00000;2.50649
9.00000;2.81336
10.00000;3.17114
11.00000;3.50390
12.00000;3.82370
12.06250;3.84404
13.00000;4.18146
14.00000;4.50159
20.00000;6.78441
22.99792;7.45000
