"MID";"WAV"
0.00000;0.00000
1.00000;0.27264
3.00000;0.84758
4.00000;1.14343
6.00000;1.73519
7.00000;2.09100
9.00000;2.65847
10.00000;2.96038
12.00000;3.53031
12.50000;3.67824
13.00000;3.82618
14.00000;4.14203
15.00000;4.43791
16.00000;4.75371
16.50000;4.89232
17.00000;5.04961
17.50000;5.19753
18.00000;5.34557
19.00000;5.70851
20.00000;6.01041
21.00000;6.29912
22.00000;6.58356
23.99792;7.05000
