"MID";"WAV"
0.00000;0.00000
0.50000;0.16490
1.00000;0.21929
1.50000;0.29010
3.00000;0.83293
4.50000;1.45672
6.00000;2.05600
6.06250;2.08262
6.50000;2.26839
7.00000;2.46266
7.50000;2.69459
9.00000;3.29400
9.06250;3.31881
9.50000;3.46588
10.00000;3.64337
10.50000;3.93269
11.99792;4.55000
