"MID";"WAV"
0.00000;0.00000
2.00000;0.50180
3.50000;0.89471
4.00000;0.99313
5.00000;1.19946
6.00000;1.40224
8.00000;1.98899
9.00000;2.20668
10.00000;2.40987
11.00000;2.61548
12.00000;2.88214
12.06250;2.89898
12.50000;2.99022
13.00000;3.08776
13.50000;3.18716
14.00000;3.29163
14.99792;3.55000
