"MID";"WAV"
0.00000;0.09444
0.50000;0.82471
1.50000;2.29759
2.00000;3.05645
3.00000;4.37493
3.37500;4.90336
3.50000;5.03392
3.75000;5.37372
4.00000;5.73329
4.50000;6.45303
5.00000;7.25079
5.99792;8.45000
