"MID";"WAV"
0.00000;0.11291
0.50000;0.33518
1.00000;0.57932
1.50000;0.80359
2.25000;1.14726
2.50000;1.28323
4.00000;2.06525
4.50000;2.28389
5.00000;2.50209
5.50000;2.71921
6.25000;3.04761
6.50000;3.15673
8.50000;4.06092
9.50000;4.55462
10.50000;5.02392
11.50000;5.47014
12.25000;5.81094
12.50000;5.90823
13.00000;6.11449
13.50000;6.31648
14.00000;6.51074
14.50000;6.74420
16.24792;7.25000
