"MID";"WAV"
0.00000;0.00000
0.50000;0.16402
1.50000;0.40808
2.00000;0.51607
3.00000;0.75605
3.50000;0.82798
4.50000;0.97876
5.00000;1.10022
6.00000;1.34825
6.50000;1.47227
7.50000;1.72032
8.00000;1.82434
9.00000;2.05234
9.50000;2.12826
10.50000;2.35636
11.00000;2.47254
12.00000;2.73720
12.49792;3.05000
