"MID";"WAV"
0.00000;0.00000
0.50000;0.29343
1.00000;0.58683
1.50000;0.88025
2.00000;1.17366
2.25000;1.32036
2.50000;1.46708
2.75000;1.61379
3.00000;1.76049
3.50000;2.03530
4.00000;2.30256
4.50000;2.57337
5.00000;2.82952
5.50000;3.10012
6.00000;3.36000
7.00000;3.87926
7.49792;4.35000
