"MID";"WAV"
0.00000;0.00000
0.25000;0.27953
0.31250;0.33734
1.00000;0.92772
1.25000;1.08568
2.25000;1.50151
3.25000;2.10954
4.25000;2.73450
5.25000;3.30408
6.25000;4.00280
8.25000;5.32656
10.25000;6.58881
11.24792;7.15000
