"MID";"WAV"
0.00000;0.10607
1.00000;0.79394
3.50000;4.18595
4.00000;4.79560
4.50000;5.21269
5.00000;5.63328
5.50000;6.09387
6.00000;6.55696
8.00000;9.63123
8.50000;10.22836
9.00000;11.14533
9.50000;12.04204
10.00000;12.55889
10.50000;12.97614
11.00000;13.35309
11.50000;13.77001
12.00000;14.20692
12.50000;14.72384
13.00000;15.40075
13.50000;16.40961
14.00000;17.05462
15.99792;17.95000
