"MID";"WAV"
0.00000;0.00000
0.50000;0.29464
1.50000;0.76402
2.00000;1.01870
2.50000;1.27337
3.00000;1.52709
3.50000;1.70217
4.50000;2.13177
5.00000;2.36926
6.00000;2.75671
6.50000;3.04158
7.50000;3.47959
8.00000;3.71478
8.50000;3.96946
9.00000;4.22349
9.50000;4.45692
11.99792;5.45000
