"MID";"WAV"
0.00000;0.19991
0.50000;0.91579
2.00000;2.10766
2.50000;2.48793
4.00000;3.12305
4.50000;3.78351
6.00000;4.86451
6.50000;5.30736
7.50000;6.05558
8.50000;6.73639
10.00000;7.72745
10.50000;8.03788
11.50000;8.59857
12.00000;8.94902
12.50000;9.36844
15.49792;11.65000
