"MID";"WAV"
0.00000;0.10308
1.00000;0.39786
2.00000;0.67596
3.00000;0.93421
4.00000;1.20307
5.00000;1.41790
6.00000;1.70116
8.00000;2.26821
9.00000;2.55708
11.00000;3.09838
11.50000;3.23469
12.00000;3.37158
15.00000;4.05357
16.00000;4.33643
17.00000;4.56080
18.00000;4.80581
19.00000;5.02803
20.00000;5.29085
20.06250;5.30826
21.00000;5.56340
21.49792;5.85000
