"MID";"WAV"
2.00000;0.91197
3.00000;1.20793
4.00000;1.49165
5.00000;1.71623
6.00000;1.97571
7.00000;2.21194
8.00000;2.52785
9.00000;2.82365
10.00000;3.07941
11.00000;3.29580
12.00000;3.59154
13.00000;3.84750
13.50000;3.97575
14.00000;4.12375
15.00000;4.41942
16.00000;4.67548
18.00000;5.21192
19.00000;5.50480
20.00000;5.73337
21.00000;6.00957
22.00000;6.30917
23.00000;6.61072
23.99792;6.85000
