"MID";"WAV"
0.50000;0.19984
1.50000;0.39954
2.00000;0.49938
3.50000;0.79891
4.50000;0.99860
5.00000;1.09844
6.50000;1.39796
7.50000;1.59766
8.00000;1.69750
9.50000;1.99703
10.50000;2.19672
11.00000;2.29656
11.99792;2.45000
