"MID";"WAV"
0.00000;0.19991
2.00000;2.42052
2.75000;3.40822
3.00000;3.78789
5.00000;5.85124
6.00000;6.94150
8.00000;9.16205
8.50000;9.80711
8.75000;10.04974
9.00000;10.45213
9.99792;11.95000
