"MID";"WAV"
0.00000;0.11000
2.00000;1.48021
3.00000;2.19027
4.00000;2.80039
6.00000;4.10280
7.00000;4.70959
8.00000;5.39853
10.00000;6.70429
11.00000;7.39329
12.00000;8.02001
13.99792;8.95000
