"MID";"WAV"
0.00000;0.10573
1.00000;0.48106
1.06250;0.55956
1.12500;0.59197
1.75000;0.90973
2.00000;1.03684
3.00000;1.54523
4.00000;1.99366
6.00000;2.93057
7.00000;3.39898
7.75000;3.76028
8.00000;3.88737
9.00000;4.35582
10.00000;4.84421
10.75000;5.22554
11.00000;5.29267
11.99792;5.65000
