"MID";"WAV"
0.00000;0.10205
0.50000;0.29716
1.00000;0.54662
1.50000;0.74023
2.00000;0.89392
2.50000;1.08705
3.00000;1.26067
3.50000;1.45387
4.00000;1.58812
4.50000;1.78069
5.00000;1.94217
5.50000;2.12769
5.75000;2.24320
6.00000;2.34092
6.25000;2.42410
6.50000;2.51465
7.50000;2.89459
7.99792;3.05000
