"MID";"WAV"
0.00000;0.10299
0.75000;0.54172
1.00000;0.62246
1.75000;0.95078
2.00000;0.98492
2.75000;1.32836
3.00000;1.36776
3.50000;1.59246
4.00000;1.82989
5.00000;2.15240
5.50000;2.37693
6.00000;2.56989
7.00000;2.95726
7.25000;3.05896
7.50000;3.11927
8.00000;3.36002
8.49792;3.75000
