"MID";"WAV"
0.00000;0.10974
4.00000;2.17965
6.00000;2.98948
8.00000;3.83926
12.00000;5.51893
16.00000;7.17859
20.00000;8.77813
21.00000;9.17313
22.00000;9.58808
23.00000;10.00305
24.00000;10.43811
26.00000;11.42783
28.00000;12.34956
30.99792;13.55000
