"MID";"WAV"
0.00000;0.00000
1.00000;0.39120
2.00000;0.80441
4.00000;1.58879
4.75000;1.87543
5.00000;1.97098
5.75000;2.25970
6.00000;2.39299
7.00000;2.77645
8.00000;3.21916
9.00000;3.68066
10.00000;4.10217
12.00000;4.88636
12.75000;5.17301
13.00000;5.27013
13.75000;5.59521
14.00000;5.69405
15.00000;6.17619
15.94792;6.35002
