"MID";"WAV"
0.00000;0.00000
1.00000;0.60020
1.50000;0.90025
2.00000;1.22038
3.00000;1.82057
4.00000;2.46034
4.33333;2.64757
4.66667;2.81418
5.00000;3.00096
5.33333;3.16779
5.66667;3.35441
6.00000;3.58113
7.00000;4.16134
7.49792;5.05000
