"MID";"WAV"
0.00000;0.19350
1.00000;0.85133
2.00000;1.44264
3.00000;1.97399
4.00000;2.56533
5.00000;3.19664
8.00000;4.99068
8.50000;5.30633
9.00000;5.72189
10.00000;6.47328
11.00000;7.02467
12.00000;7.57600
12.50000;7.81721
13.00000;8.26731
15.99792;9.95000
