"MID";"WAV"
1.00000;0.93024
2.00000;2.04045
3.00000;3.17916
4.00000;4.28950
4.06250;4.38161
5.50000;5.95346
6.00000;6.58548
6.50000;7.09960
7.00000;7.51373
7.50000;7.85635
8.00000;8.40185
8.50000;8.95697
9.00000;9.51209
9.50000;10.06747
9.99792;11.05000
