"MID";"WAV"
1.00000;1.37447
1.50000;1.71451
2.00000;2.05641
3.00000;2.66897
4.00000;3.20889
4.06250;3.25616
6.00000;4.71809
6.06250;4.78533
9.00000;6.94714
9.50000;7.26533
10.00000;7.62348
11.00000;8.19983
12.00000;8.83618
12.06250;8.88346
14.00000;10.14887
14.06250;10.19616
15.99792;12.05000
