"MID";"WAV"
0.00000;0.00000
2.00000;0.51166
4.00000;1.10418
7.00000;1.90819
7.50000;2.01019
8.00000;2.20394
9.00000;2.37623
10.00000;2.62030
11.00000;2.85631
12.00000;3.20511
16.00000;4.18956
18.00000;4.71243
20.00000;5.28046
23.00000;6.09240
23.50000;6.15481
24.00000;6.29657
24.99792;6.65000
