"MID";"WAV"
0.00000;0.13709
1.50000;0.58172
4.50000;1.46523
7.50000;2.30944
12.00000;3.47706
12.50000;3.59940
13.00000;3.72017
13.50000;3.84095
16.50000;4.62319
19.50000;5.46455
23.99792;6.65000
