"MID";"WAV"
0.00000;0.10658
1.00000;0.51061
1.75000;0.78322
2.00000;0.89417
3.00000;1.29217
4.00000;1.69629
5.00000;2.12035
5.75000;2.35365
6.00000;2.47581
7.00000;2.92840
8.00000;3.33221
9.00000;3.69679
9.75000;4.02935
10.00000;4.12059
10.75000;4.41338
11.00000;4.50478
13.00000;5.33284
14.00000;5.73678
14.75000;6.03029
15.00000;6.14010
15.99792;6.45000
