"MID";"WAV"
1.00000;0.39237
1.50000;0.58856
2.00000;0.78475
2.50000;0.98093
3.00000;1.17711
3.50000;1.37330
4.00000;1.56948
4.06250;1.59401
5.00000;1.96185
5.50000;2.15803
6.00000;2.35422
6.50000;2.55041
7.00000;2.74660
7.50000;2.94278
8.00000;3.13896
8.06250;3.16349
9.00000;3.53134
9.50000;3.72752
10.00000;3.92371
10.06250;3.94823
11.00000;4.31608
11.50000;4.51226
12.00000;4.70844
12.06250;4.73297
12.99792;5.05000
