"MID";"WAV"
0.00000;0.09692
1.00000;0.43370
5.00000;1.58013
6.00000;1.89616
7.00000;2.21204
11.00000;3.31020
12.00000;3.65390
13.00000;3.98360
17.00000;5.10945
18.00000;5.43928
19.00000;5.76220
22.00000;6.71021
23.00000;7.01938
24.00000;7.33665
24.99792;7.85000
