"MID";"WAV"
0.00000;0.00000
1.00000;0.74389
2.00000;1.73527
2.75000;2.51562
3.00000;2.67166
4.00000;3.69296
5.00000;4.57938
6.00000;5.53500
6.75000;6.33108
7.00000;6.52713
8.00000;7.60202
9.00000;8.49485
10.00000;9.51874
10.75000;10.26662
11.00000;10.50259
12.00000;11.44646
13.00000;12.35036
14.00000;13.37419
15.99792;15.05000
