"MID";"WAV"
0.00000;0.00000
1.50000;0.28877
2.00000;0.47599
3.00000;0.79593
4.00000;1.10116
6.00000;1.66226
7.50000;2.16939
8.00000;2.36270
9.00000;2.71909
10.00000;3.07539
12.00000;3.69704
13.50000;4.20424
14.00000;4.39163
15.00000;4.70492
16.00000;5.01274
17.50000;5.40471
18.00000;5.60398
19.50000;6.09908
20.00000;6.29848
20.99792;6.65000
