"MID";"WAV"
0.00000;0.00000
1.00000;0.35632
2.00000;1.04934
3.00000;1.79398
6.00000;3.19952
7.00000;3.68513
8.00000;4.04147
9.00000;4.44946
12.00000;5.51831
13.00000;5.90053
14.00000;6.30854
15.00000;6.69077
17.00000;7.40327
19.00000;8.01224
20.50000;8.54241
21.00000;8.75074
23.99792;9.95000
