MID;WAV
0.00000;0.00000
0.25000;0.15422
0.50000;0.30844
0.75000;0.46266
1.00000;0.61688
1.25000;0.77111
1.50000;0.92533
1.75000;1.07954
2.00000;1.23376
2.25000;1.38798
2.50000;1.54220
2.75000;1.69642
3.00000;1.85064
3.25000;2.00486
3.50000;2.15909
3.75000;2.31331
4.00000;2.46753
4.25000;2.62175
4.50000;2.77597
4.75000;2.93018
5.00000;3.08440
5.25000;3.23862
5.50000;3.39284
5.75000;3.54404
5.98542;3.65000
