"MID";"WAV"
0.00000;0.00000
3.00000;0.96827
5.50000;1.77517
6.00000;1.93655
8.00000;2.58206
9.00000;2.90482
10.00000;3.22758
11.00000;3.55034
12.00000;3.87309
16.50000;5.32550
17.00000;5.48689
17.50000;5.64827
18.00000;5.80961
21.00000;6.69904
21.99792;6.94998
