"MID";"WAV"
0.00000;0.00000
0.50000;0.14877
0.56250;0.16738
2.50000;0.80452
3.50000;1.09003
6.00000;2.02170
6.50000;2.17681
6.56250;2.19547
8.50000;2.80217
9.50000;3.19599
12.00000;4.04593
12.50000;4.23039
13.50000;4.59539
14.50000;4.94871
15.50000;5.29724
16.50000;5.59519
17.50000;5.92209
18.50000;6.24963
19.50000;6.57289
21.00000;7.07522
21.50000;7.27488
23.49792;7.55000
