"MID";"WAV"
0.00000;0.19974
0.75000;0.59630
1.00000;0.68174
2.00000;1.06345
3.00000;1.42522
3.75000;1.74141
4.00000;1.80022
5.00000;2.10866
6.00000;2.49044
6.75000;2.80665
7.00000;2.89206
8.00000;3.21383
9.00000;3.57550
11.99792;4.05000
