"MID";"WAV"
0.00000;0.00000
0.50000;0.19321
2.50000;1.08303
3.50000;1.49449
6.00000;2.30121
6.50000;2.58639
8.50000;3.40087
9.50000;3.81229
12.00000;4.80333
12.50000;5.09683
14.50000;6.11243
15.50000;6.59089
18.00000;7.85817
18.50000;8.07644
20.50000;8.89937
21.50000;9.32755
22.44792;9.74998
