"MID";"WAV"
0.00000;0.16590
0.50000;0.49870
1.50000;1.17611
1.75000;1.34546
2.00000;1.51481
3.00000;2.21219
3.50000;2.55093
4.00000;2.90951
4.50000;3.24832
5.00000;3.58702
5.25000;3.75639
5.50000;3.92572
6.50000;4.60313
7.00000;4.94183
7.50000;5.30631
8.00000;5.62506
8.25000;5.78383
8.50000;5.94068
8.99792;6.25000
