"MID";"WAV"
0.00000;-0.01564
0.50000;0.12951
1.00000;0.29899
1.50000;0.49628
2.00000;0.71777
2.50000;0.94762
3.00000;1.22679
4.50000;1.74518
5.00000;1.91464
6.00000;2.23357
6.50000;2.40304
7.00000;2.55255
7.50000;2.70196
8.00000;2.87143
8.50000;3.02093
9.00000;3.19034
10.50000;3.67869
11.00000;3.82820
12.00000;4.16714
12.50000;4.33659
13.00000;4.48609
13.50000;4.63559
14.00000;4.76499
14.50000;4.93445
15.00000;5.06053
16.50000;5.53235
17.00000;5.68181
17.99792;6.05000
