"MID";"WAV"
0.00000;0.00000
0.06250;0.02302
1.00000;0.36865
2.50000;1.39105
3.00000;1.60305
5.50000;2.40598
6.00000;2.61083
8.50000;3.50369
9.00000;3.70149
12.00000;4.41865
13.00000;4.78682
14.50000;5.33914
15.00000;5.52319
17.00000;6.11428
18.00000;6.45484
19.00000;6.81608
20.50000;7.29928
21.00000;7.50421
21.99792;8.05000
