"MID";"WAV"
0.00000;0.10650
1.00000;0.77931
2.00000;1.50047
3.00000;2.21598
3.50000;2.56712
4.00000;2.87147
5.00000;3.60366
6.00000;4.30555
7.00000;4.91640
8.00000;5.59702
9.00000;6.27767
10.00000;6.98410
11.00000;7.69271
12.00000;8.37437
13.00000;9.09241
13.50000;9.45180
14.00000;9.77300
16.00000;11.21031
17.00000;11.91635
18.00000;12.54581
19.00000;13.27958
19.50000;13.67167
20.00000;14.01696
20.99792;14.45000
