"MID";"WAV"
0.00000;0.00000
2.50000;0.64208
2.75000;0.75185
3.00000;0.88465
3.25000;0.93148
3.50000;1.05213
3.75000;1.13451
4.00000;1.23619
4.50000;1.41293
6.00000;2.08572
6.25000;2.11525
6.50000;2.19028
6.75000;2.32723
7.00000;2.42006
7.25000;2.49391
7.50000;2.62791
7.75000;2.73206
8.00000;2.82396
8.25000;2.93869
8.50000;3.02983
8.75000;3.11609
9.00000;3.18370
9.25000;3.29731
9.50000;3.41548
9.75000;3.54021
10.00000;3.70040
10.25000;3.84182
10.49792;3.95000
