"MID";"WAV"
0.00000;0.00000
1.00000;0.21810
2.00000;0.43622
3.00000;0.65433
4.00000;0.87243
5.00000;1.09054
6.00000;1.30865
7.00000;1.52675
8.00000;1.74486
9.00000;1.96297
10.00000;2.18108
11.00000;2.39917
12.00000;2.60472
13.00000;2.79772
14.00000;3.00327
15.00000;3.20046
16.00000;3.41437
17.00000;3.64500
18.00000;3.85474
19.00000;4.07704
21.99792;4.75000
