"MID";"WAV"
0.00000;0.00000
0.12500;0.04688
0.25000;0.09376
0.37500;0.14064
0.50000;0.18752
1.00000;0.46059
2.00000;0.83563
3.00000;1.21846
3.12500;1.28073
3.25000;1.35109
3.37500;1.40567
3.50000;1.46050
4.00000;1.81903
5.00000;2.21739
6.00000;2.59243
8.00000;3.40471
9.00000;3.78749
11.00000;4.49091
12.00000;4.85037
13.00000;5.20987
14.00000;5.59266
15.00000;5.95213
17.00000;6.66335
18.00000;7.00729
19.00000;7.37452
20.00000;7.74954
21.00000;8.14011
23.00000;8.85132
23.99792;9.05000
