"MID";"WAV"
0.00000;0.00000
2.00000;0.41503
3.00000;0.70669
5.00000;1.52081
6.00000;1.82516
8.00000;2.43355
9.00000;2.73774
11.00000;3.34612
12.00000;3.65032
14.00000;4.30851
15.00000;4.59418
18.00000;5.59386
20.00000;6.18996
21.00000;6.49412
23.99792;7.25002
