"MID";"WAV"
0.00000;0.00000
0.50000;0.30236
1.00000;0.70107
3.00000;2.10288
5.00000;3.40052
5.50000;3.71725
6.25000;4.29248
6.50000;4.45995
6.75000;4.63347
7.00000;4.80699
8.50000;5.80568
9.00000;6.12849
9.25000;6.30199
9.50000;6.48046
9.75000;6.66006
10.00000;6.83965
10.99792;7.05000
