"MID";"WAV"
0.00000;0.00000
2.00000;1.61156
3.00000;2.58069
3.50000;3.09074
4.00000;3.51520
5.50000;4.78878
6.00000;5.42023
9.00000;10.59418
9.50000;11.19022
10.00000;11.75232
11.00000;12.97724
12.00000;13.58617
13.50000;14.87808
14.00000;15.52536
16.99792;19.05000
