"MID";"WAV"
0.00000;0.00000
1.00000;0.50674
2.00000;1.01348
3.75000;1.90026
4.00000;2.02695
4.75000;2.40699
5.00000;2.53368
5.75000;2.91373
6.00000;3.04043
7.00000;3.54716
7.25000;3.67385
7.50000;3.80053
7.75000;3.92721
8.00000;4.05389
9.00000;4.56063
10.00000;5.06737
11.75000;5.95417
12.00000;6.08084
12.75000;6.46089
13.00000;6.58758
13.75000;6.96763
14.00000;7.09379
14.99792;7.55000
