"MID";"WAV"
0.50000;0.99096
1.50000;1.92310
2.50000;3.20409
3.50000;4.38322
4.00000;4.96699
4.50000;5.59356
5.33333;6.64858
5.66667;7.09061
6.00000;7.53050
6.33333;7.94209
6.66667;8.34009
7.00000;8.73687
7.33333;9.12020
7.66667;9.50353
8.00000;9.89110
8.50000;10.53975
9.50000;12.03116
10.50000;13.21256
11.50000;14.47651
12.00000;15.07360
12.94792;16.34998
