"MID";"WAV"
0.00000;0.03453
0.50000;0.40720
1.00000;0.71092
1.50000;1.11003
2.00000;1.44801
3.00000;1.85694
4.00000;2.30035
6.00000;3.10099
6.50000;3.30288
7.00000;3.50985
7.50000;3.70140
8.00000;3.90156
9.00000;4.30181
10.00000;4.71084
11.00000;5.19740
14.00000;6.39819
17.00000;7.59900
20.00000;8.69644
21.00000;9.13126
22.00000;9.56594
22.99792;9.95000
