"MID";"WAV"
0.00000;0.00000
1.00000;0.74533
2.00000;1.55993
4.00000;2.31736
5.50000;3.04723
5.75000;3.18602
6.00000;3.30703
7.50000;3.68333
8.00000;3.90908
9.00000;4.30056
10.00000;4.69166
11.50000;5.15461
11.75000;5.26756
12.00000;5.37933
13.50000;5.78226
14.00000;6.00767
15.00000;6.38181
16.00000;6.73900
17.50000;7.30502
17.75000;7.40937
18.00000;7.51227
19.50000;7.89797
20.00000;8.09824
21.00000;8.51523
22.00000;8.89286
22.99792;9.55000
