"MID";"WAV"
0.00000;0.00000
1.00000;0.35667
2.00000;0.71761
3.00000;1.06998
4.00000;1.42564
5.00000;1.73969
6.00000;2.09520
7.00000;2.41813
8.50000;2.94893
9.00000;3.08728
11.49792;3.95000
