"MID";"WAV"
0.00000;0.00000
1.00000;0.36671
2.00000;0.73340
3.00000;1.10011
4.00000;1.46682
5.50000;2.01687
6.00000;2.20022
7.00000;2.56693
8.00000;2.93362
10.00000;3.66703
11.50000;4.20390
12.00000;4.38072
13.00000;4.76714
14.00000;5.13380
16.00000;5.80806
17.50000;6.32519
18.00000;6.51509
19.00000;6.85550
20.00000;7.20903
20.99792;7.65000
