"MID";"WAV"
0.00000;0.00000
4.00000;0.99506
5.00000;1.29678
6.00000;1.59944
7.00000;1.90815
8.50000;2.39984
9.00000;2.59670
12.00000;3.69566
16.00000;4.99727
17.00000;5.30599
18.00000;5.60866
19.00000;5.91558
20.50000;6.39531
21.00000;6.55379
22.99792;7.05000
