"MID";"WAV"
0.00000;0.00000
1.00000;0.35420
3.00000;1.06260
4.00000;1.41679
6.00000;2.12519
7.00000;2.47939
11.00000;3.89617
12.00000;4.23593
13.00000;4.57561
15.00000;5.19705
16.00000;5.59416
18.00000;6.20903
19.00000;6.59852
23.00000;7.96510
23.99792;8.45000
