"MID";"WAV"
0.00000;0.00000
0.75000;1.18100
1.00000;1.54138
2.00000;2.84270
4.00000;5.38542
4.75000;6.40642
5.00000;6.72675
6.00000;7.92818
8.00000;10.72117
9.00000;12.11683
12.00000;16.19643
12.75000;17.27669
13.00000;17.52577
16.00000;21.72167
16.75000;22.70292
17.00000;23.06329
18.00000;24.50520
19.49792;27.05000
