"MID";"WAV"
0.00000;0.00000
1.00000;0.46254
3.00000;1.34224
4.00000;1.78577
6.00000;2.52112
7.00000;2.94569
8.50000;3.53520
9.00000;3.77583
12.00000;4.75557
13.00000;5.18024
15.00000;5.79235
16.00000;6.20735
18.00000;6.83840
19.00000;7.25342
20.50000;7.68497
21.00000;7.94460
23.99792;8.95000
