"MID";"WAV"
0.00000;0.10325
4.00000;3.27852
6.50000;5.39342
7.00000;5.81290
7.50000;6.21241
8.00000;6.63188
9.50000;7.83038
10.00000;8.24978
10.50000;8.56936
11.00000;9.00884
11.25000;9.21859
11.50000;9.42834
11.75000;9.63808
12.00000;9.80782
14.00000;11.38580
15.00000;12.18485
17.99792;15.05000
