"MID";"WAV"
1.00000;0.80859
2.00000;1.48737
3.00000;2.13152
3.06250;2.17409
4.50000;2.79714
5.00000;2.97930
7.00000;3.60715
8.00000;3.97088
9.00000;4.27495
9.06250;4.29748
10.50000;4.79725
11.00000;4.97143
13.00000;5.57499
14.00000;5.94621
15.00000;6.28253
16.00000;6.61537
17.50000;7.10235
18.00000;7.25217
19.00000;7.56272
20.00000;7.91066
21.00000;8.21281
22.00000;8.53420
22.06250;8.54999
23.00000;8.82953
24.00000;9.20435
24.99792;9.45000
