"MID";"WAV"
0.00000;0.19265
1.00000;0.81563
3.00000;2.01760
4.00000;2.46500
6.00000;3.21467
7.00000;3.61761
7.12500;3.67069
8.00000;4.04224
9.00000;4.46496
10.00000;4.86316
12.00000;5.72515
13.00000;6.12729
15.00000;6.92999
16.00000;7.32401
18.00000;8.08632
19.00000;8.50022
20.00000;8.91991
21.00000;9.34675
22.00000;9.76686
25.00000;10.91119
26.00000;11.27345
27.50000;11.65651
28.00000;11.84421
30.84792;12.75000
