"MID";"WAV"
0.00000;0.00000
0.50000;0.20330
3.00000;1.29684
3.50000;1.49053
6.00000;2.41035
6.50000;2.60403
12.00000;4.60840
12.50000;4.81028
15.00000;5.70744
15.50000;5.89307
18.00000;6.70122
18.50000;6.90333
23.49792;8.64998
