MID;WAV
0.00000;0.18521
0.50000;0.35128
1.00000;0.52751
2.50000;0.99153
3.00000;1.17371
4.00000;1.49832
5.00000;1.84305
6.00000;2.20669
6.50000;2.33570
7.00000;2.49983
9.00000;3.16100
9.50000;3.32233
10.00000;3.44512
11.00000;3.80000
11.50000;3.96923
12.00000;4.12834
12.50000;4.29992
13.00000;4.46823
14.50000;4.84567
15.00000;5.03461
16.00000;5.33850
17.00000;5.71938
18.00000;6.03289
18.50000;6.21096
19.00000;6.40000
19.47292;6.75000
