"MID";"WAV"
0.00000;0.11222
2.00000;1.59009
2.50000;1.95112
3.00000;2.30756
5.00000;3.10066
5.50000;3.29384
6.00000;3.50421
8.00000;4.09793
9.00000;4.43850
12.00000;5.55213
14.00000;6.20836
14.50000;6.41313
15.00000;6.61170
17.00000;7.19704
17.50000;7.40411
18.00000;7.60593
20.00000;8.21722
21.00000;8.60351
23.99792;9.65000
