"MID";"WAV"
0.00000;0.00000
1.00000;0.30666
2.00000;0.63433
3.00000;0.97603
4.00000;1.29671
6.00000;2.05016
7.00000;2.39187
8.00000;2.73357
9.00000;3.07526
10.00000;3.41696
12.00000;4.00928
13.00000;4.33694
14.00000;4.70663
15.00000;5.04836
16.00000;5.35504
18.00000;6.01042
19.00000;6.34508
20.00000;6.67977
21.00000;7.03539
22.00000;7.37715
23.99792;8.15000
