"MID";"WAV"
0.00000;0.00000
4.00000;2.08762
8.00000;4.08759
12.00000;6.20439
16.00000;8.18967
20.00000;9.98509
22.00000;11.01434
24.00000;12.08729
26.00000;13.08777
28.00000;14.39439
31.99792;16.65000
