"MID";"WAV"
0.00000;0.00000
1.50000;1.10148
2.00000;1.30478
3.00000;1.68711
4.00000;1.99398
5.00000;2.32783
6.00000;2.62506
7.00000;2.89605
8.00000;3.16499
9.50000;3.69170
10.00000;3.88283
12.00000;4.50253
13.00000;4.86117
14.00000;5.21073
15.50000;5.71143
16.00000;5.89638
17.99792;6.35000
