"MID";"WAV"
0.00000;0.00000
1.00000;0.33894
3.00000;1.01683
4.00000;1.35577
6.00000;2.03365
7.00000;2.37259
9.00000;3.05047
10.00000;3.38941
12.00000;4.06730
13.00000;4.40624
15.00000;5.08412
16.00000;5.42307
18.00000;6.10095
19.00000;6.43989
21.00000;7.11778
22.00000;7.45668
23.89792;8.05000
