"MID";"WAV"
0.00000;0.00222
0.50000;0.19476
1.00000;0.36689
1.50000;0.56023
2.00000;0.75364
2.25000;0.85035
2.50000;0.98635
2.75000;1.08376
3.00000;1.18046
3.50000;1.39362
4.00000;1.58728
4.25000;1.70339
4.50000;1.80069
4.75000;1.89740
5.00000;1.99410
5.50000;2.24228
6.00000;2.44082
6.25000;2.51872
6.50000;2.61433
6.75000;2.71104
7.00000;2.80774
7.50000;3.00115
7.99792;3.25000
