"MID";"WAV"
0.00000;0.14846
1.00000;1.55665
2.00000;2.80497
2.25000;3.14056
2.50000;3.49616
2.75000;3.83180
3.00000;4.16741
4.00000;5.54987
7.00000;9.37730
8.00000;10.71976
9.00000;11.98224
9.25000;12.31786
9.50000;12.69349
10.00000;13.38470
11.00000;14.60704
11.24792;14.85000
