"MID";"WAV"
0.00000;0.18000
0.50000;0.33491
1.00000;0.49676
2.00000;0.82044
3.00000;1.15104
6.00000;2.10364
6.50000;2.27933
7.00000;2.45500
8.00000;2.77177
9.00000;3.09545
12.00000;4.10803
13.00000;4.43863
14.00000;4.76232
15.00000;5.09293
16.50000;5.59232
17.00000;5.76107
18.00000;6.09170
19.50000;6.60489
20.00000;6.76494
21.00000;7.11802
22.50000;7.61654
23.00000;7.77581
23.99792;8.05000
