"MID";"WAV"
0.00000;-0.03462
0.50000;0.12012
3.00000;0.99287
3.50000;1.14718
6.00000;1.91164
6.50000;2.10135
6.56250;2.12379
8.50000;2.78702
9.50000;3.11487
12.00000;3.88017
12.50000;4.06007
15.00000;4.89168
15.50000;5.07849
18.00000;5.95195
18.50000;6.15920
18.56250;6.18136
20.50000;6.79739
21.50000;7.16681
22.49792;7.75000
