"MID";"WAV"
0.00000;0.00000
3.00000;0.81180
6.00000;1.74358
10.00000;2.93939
10.50000;3.10126
11.00000;3.26322
11.50000;3.42518
12.00000;3.56732
15.00000;4.53894
18.00000;5.49076
22.00000;6.70655
22.50000;6.86840
23.00000;7.01071
23.50000;7.18939
24.00000;7.35425
24.99792;8.25000
