"MID";"WAV"
0.00000;0.00000
1.00000;0.60503
2.00000;0.99784
3.00000;1.39670
4.00000;1.78939
5.00000;2.15179
6.00000;2.51419
7.00000;2.89473
8.00000;3.24495
9.00000;3.57086
10.00000;3.84842
10.50000;4.02046
11.00000;4.18658
12.00000;4.54889
13.00000;4.89312
14.00000;5.24944
15.00000;5.59964
16.00000;5.91966
16.50000;6.10384
17.00000;6.28193
18.00000;6.62004
18.99792;6.95000
