"MID";"WAV"
0.00000;0.00000
3.00000;0.79309
7.50000;2.39069
9.00000;3.09083
12.00000;4.46264
16.50000;6.30684
18.00000;6.91218
21.00000;8.20806
25.50000;9.93845
27.00000;10.51512
29.84792;11.05000
