"MID";"WAV"
0.00000;0.00000
1.00000;0.30836
3.00000;0.92508
4.00000;1.23345
6.00000;1.85016
6.50000;2.00434
7.00000;2.15852
7.06250;2.17780
9.00000;2.77524
10.00000;3.08360
12.00000;3.70032
12.50000;3.85450
13.00000;4.00868
13.06250;4.02795
15.00000;4.62540
16.00000;4.93376
16.06250;4.95303
18.00000;5.55048
18.50000;5.70466
19.00000;5.85884
21.00000;6.47557
22.00000;6.78392
23.99792;7.35000
