"MID";"WAV"
0.00000;0.00000
0.50000;0.13819
1.00000;0.30250
1.50000;0.44510
2.00000;0.60502
2.50000;0.76070
3.00000;0.91622
3.50000;1.06762
4.00000;1.22808
4.50000;1.40941
5.00000;1.56964
5.50000;1.73839
6.00000;1.90698
6.50000;2.07180
8.00000;2.60560
8.50000;2.81182
9.50000;3.14973
10.50000;3.50345
11.50000;3.81445
12.50000;4.12872
12.99792;4.45002
