"MID";"WAV"
0.00000;0.08436
1.00000;0.50047
3.00000;1.40499
5.00000;2.30944
8.00000;3.50949
9.00000;3.90146
10.00000;4.28153
11.00000;4.70968
12.00000;5.13783
13.00000;5.56598
15.00000;6.42234
17.00000;7.30282
18.00000;7.75507
19.00000;8.20735
20.00000;8.68357
21.00000;9.11168
24.00000;10.36003
25.00000;10.78807
26.00000;11.19235
28.00000;12.09674
29.00000;12.52510
30.00000;12.98863
31.99792;13.65000
