"MID";"WAV"
0.00000;0.00000
1.00000;0.39222
3.00000;1.06770
4.00000;1.48556
4.06250;1.50687
6.00000;2.19949
7.00000;2.52120
9.00000;3.19668
10.00000;3.53761
10.06250;3.55242
12.00000;4.09137
13.00000;4.41301
15.00000;5.08848
16.00000;5.41020
18.50000;6.30101
19.00000;6.47788
21.99792;7.45000
