"MID";"WAV"
0.00000;0.00000
1.00000;0.35004
2.50000;0.87508
3.00000;1.05010
5.00000;1.71077
6.00000;2.05417
7.00000;2.35847
8.50000;2.88314
9.00000;3.07103
11.00000;3.69286
12.00000;4.02946
13.00000;4.33392
14.50000;4.79974
15.00000;4.98679
17.00000;5.68080
18.00000;5.99204
19.00000;6.31554
20.50000;6.90484
21.00000;7.18739
21.99792;7.65000
