"MID";"WAV"
0.00000;0.00000
1.00000;0.50822
2.00000;1.16077
3.00000;2.27874
4.00000;2.70401
5.50000;3.37818
6.00000;3.61626
7.00000;3.99997
8.50000;4.55042
9.00000;4.78792
13.00000;6.10689
14.00000;6.55212
15.00000;6.92566
16.00000;7.30819
17.50000;7.71513
18.00000;7.93159
19.00000;8.25311
20.50000;8.72095
21.00000;8.90723
25.00000;10.28844
26.00000;10.70382
26.99792;11.14998
