"MID";"WAV"
1.00000;-0.01744
3.00000;1.52649
5.00000;2.28909
7.00000;3.18771
9.00000;3.89166
11.00000;4.59562
13.00000;5.29956
15.00000;5.98795
17.00000;6.68420
19.00000;7.38815
21.00000;8.06101
23.00000;8.75384
23.99792;9.05000
