"MID";"WAV"
0.00000;0.00000
2.00000;2.68086
3.00000;3.92215
4.00000;5.28733
5.50000;7.40948
6.00000;8.11687
8.00000;10.97122
9.25000;12.59105
9.50000;12.91995
9.75000;13.27356
10.00000;13.62726
11.00000;14.99251
12.00000;16.48153
14.75000;20.29795
14.87500;20.45027
15.00000;20.62678
15.75000;21.71259
15.87500;21.91397
16.00000;22.09114
18.00000;25.19304
19.75000;27.69397
19.87500;27.87084
20.00000;28.02339
20.49792;28.95000
