"MID";"WAV"
0.00000;0.00000
3.50000;1.42875
4.00000;1.61287
5.50000;2.16519
6.00000;2.34931
10.00000;3.76217
11.50000;4.27450
12.00000;4.45860
16.00000;5.83148
17.50000;6.38379
18.00000;6.56789
20.00000;7.24435
21.00000;7.61260
21.99792;8.05000
