"MID";"WAV"
0.00000;0.00000
0.50000;0.16876
1.00000;0.33753
2.00000;0.67506
2.50000;0.84382
3.00000;1.01259
4.00000;1.35011
4.50000;1.51889
5.00000;1.68765
6.00000;2.02518
7.00000;2.36270
8.50000;2.86900
9.00000;3.03776
11.00000;3.71282
12.00000;4.05035
13.00000;4.38788
14.50000;4.89418
15.00000;5.06291
17.00000;5.68949
18.00000;5.99250
19.00000;6.30232
20.50000;6.85009
21.00000;7.01888
23.00000;7.70086
23.99792;8.05000
