"MID";"WAV"
0.00000;0.16333
0.06250;0.19033
3.00000;1.43649
3.06250;1.46019
6.00000;2.68298
6.06250;2.70668
10.00000;4.29310
11.00000;4.67032
12.00000;5.00483
12.06250;5.02853
15.00000;6.05270
15.06250;6.07578
18.00000;7.09737
18.06250;7.12259
22.00000;8.48353
23.00000;8.85493
23.99792;9.05000
