"MID";"WAV"
0.00000;0.00000
0.50000;0.41360
1.50000;1.08525
2.50000;1.71370
4.00000;2.65158
4.25000;2.82355
4.50000;2.97886
5.00000;3.27261
5.50000;3.59983
6.25000;4.09072
6.50000;4.25435
7.00000;4.58160
7.50000;4.90886
8.50000;5.56338
9.50000;6.21789
10.00000;6.54514
10.50000;6.87241
11.00000;7.19966
11.50000;7.52692
12.00000;7.85418
12.50000;8.18142
13.50000;8.78573
14.00000;9.11296
14.50000;9.38998
14.97292;9.75000
