"MID";"WAV"
0.00000;0.10239
0.50000;0.30373
2.00000;0.87773
4.00000;1.49547
4.50000;1.67483
5.00000;1.81444
5.50000;1.97379
6.00000;2.13319
6.50000;2.29263
8.00000;2.83095
9.50000;3.42136
10.00000;3.56609
10.50000;3.70455
11.00000;3.85888
11.50000;4.01827
12.00000;4.17331
12.50000;4.33186
13.00000;4.48703
13.50000;4.62473
14.00000;4.78415
15.00000;5.14301
15.50000;5.28246
16.50000;5.64139
16.99792;5.85000
