"MID";"WAV"
1.87500;2.12265
2.00000;2.32953
3.87500;4.81303
4.00000;4.98546
5.87500;7.60652
6.00000;7.81318
7.87500;10.29675
8.00000;10.48631
9.00000;11.98607
9.75000;12.98636
9.87500;13.17603
10.00000;13.36552
10.75000;14.31435
10.87500;14.50401
11.00000;14.69370
11.75000;15.88282
11.87500;16.07252
12.00000;16.27921
13.00000;17.62439
13.50000;18.33129
14.00000;18.96988
14.49792;19.94998
