"MID";"WAV"
0.00000;0.00000
0.50000;0.16523
1.00000;0.33047
3.00000;0.99140
3.50000;1.15663
4.00000;1.32185
6.00000;1.98279
6.50000;2.14802
7.00000;2.31325
7.06250;2.33391
9.00000;2.97418
9.50000;3.13942
10.00000;3.30465
10.06250;3.32530
12.00000;3.96558
12.50000;4.13080
13.00000;4.29604
15.00000;4.95697
15.50000;5.12220
16.00000;5.28743
18.00000;5.89042
18.50000;6.04887
19.00000;6.20133
21.00000;6.81036
21.50000;6.97507
22.00000;7.14031
22.99792;7.55000
