"MID";"WAV"
0.00000;0.00000
2.00000;1.65102
3.00000;2.54212
4.00000;3.45376
5.00000;4.27973
6.00000;5.14835
8.00000;6.84131
10.00000;8.42946
11.00000;9.31804
12.00000;10.14441
13.50000;11.35949
14.00000;11.79586
16.00000;13.53225
18.00000;15.18354
20.00000;16.80925
23.00000;19.22641
24.00000;20.11284
27.00000;22.56075
28.00000;23.38976
29.00000;24.23671
30.89792;25.45002
