"MID";"WAV"
0.00000;0.00000
0.50000;0.30682
0.75000;0.46239
1.00000;0.62668
1.25000;0.78660
1.50000;0.94221
1.75000;1.10649
2.00000;1.26206
2.25000;1.41767
2.50000;1.58628
2.75000;1.74188
3.00000;1.89747
3.25000;2.06171
3.50000;2.19996
3.75000;2.35113
4.00000;2.50672
4.50000;2.85271
4.75000;2.99525
5.00000;3.15520
5.50000;3.51858
5.75000;3.67858
6.00000;3.83852
6.25000;3.99846
6.50000;4.15839
6.75000;4.31834
7.00000;4.47827
7.25000;4.63820
7.50000;4.79815
7.75000;4.95808
7.98542;5.05000
