"MID";"WAV"
0.00000;0.17009
0.50000;0.25983
1.00000;0.36161
2.00000;0.54336
3.00000;0.72506
4.00000;0.90674
5.00000;1.10454
8.00000;1.67322
8.06250;1.68482
9.00000;1.91286
10.00000;2.09683
10.06250;2.10819
11.00000;2.29761
12.00000;2.48020
12.06250;2.49155
13.00000;2.69978
14.00000;2.88357
14.06250;2.89492
15.00000;3.08797
16.00000;3.27205
16.06250;3.28349
16.99792;3.45002
