"MID";"WAV"
0.00000;0.00000
1.00000;0.35836
2.50000;1.49066
3.00000;1.70552
4.00000;2.08758
7.00000;2.99393
8.50000;3.49460
9.00000;3.69545
11.00000;4.39779
13.00000;4.99735
14.50000;5.48327
15.00000;5.66934
17.00000;6.27655
19.00000;6.80303
20.00000;7.15271
21.00000;7.51095
23.00000;8.19126
23.99792;8.55000
