"MID";"WAV"
0.00000;0.14128
3.00000;1.25012
6.00000;2.39947
6.50000;2.59083
7.00000;2.76155
8.50000;3.39748
9.00000;3.57024
12.00000;4.54040
15.00000;5.72967
18.00000;6.74049
18.50000;6.90225
19.00000;7.08386
20.50000;7.68891
21.00000;7.89059
24.00000;8.88954
25.00000;9.20165
26.50000;9.69345
27.00000;9.88398
28.00000;10.23568
29.50000;10.86507
29.99792;11.25000
