"MID";"WAV"
0.00000;0.00000
3.00000;0.95683
6.00000;2.00455
9.00000;3.05683
12.00000;4.06913
13.00000;4.39046
14.00000;4.73858
15.00000;5.09443
18.00000;6.11368
19.00000;6.43127
20.00000;6.76855
21.00000;7.10598
23.99792;8.25000
