"MID";"WAV"
0.00000;0.05171
0.50000;0.32827
1.50000;0.98095
2.00000;1.31419
3.00000;1.89348
3.50000;2.18240
4.50000;2.72019
5.00000;2.96917
6.50000;3.75588
8.00000;4.66255
9.50000;5.46937
12.00000;6.81393
12.50000;7.02286
14.00000;7.82956
15.00000;8.32744
15.50000;8.59633
16.50000;9.13415
17.00000;9.40308
18.00000;9.94090
18.50000;10.20981
20.00000;10.97790
21.00000;11.48474
21.50000;11.74330
22.49792;12.05000
