"MID";"WAV"
0.00000;0.00000
2.00000;0.91500
2.50000;1.20896
3.00000;1.50135
3.50000;1.79773
4.00000;2.20234
5.50000;3.28261
6.00000;3.57194
7.50000;4.43993
8.00000;4.72929
9.50000;5.81728
10.00000;6.12657
10.50000;6.39591
11.00000;6.74515
11.50000;6.99305
12.00000;7.29922
13.99792;8.05000
