"MID";"WAV"
0.00000;0.16932
1.75000;2.72805
2.00000;3.11172
3.75000;5.53641
3.87500;5.73649
4.00000;5.95269
6.00000;9.06224
7.00000;10.31423
7.75000;11.41631
8.00000;11.81183
9.75000;14.15742
10.00000;14.60311
11.75000;17.01600
11.87500;17.19965
12.00000;17.38329
12.99792;18.55000
