"MID";"WAV"
0.00000;0.01709
0.06250;0.09575
3.00000;0.62548
4.00000;0.96351
4.50000;1.06597
5.00000;1.17813
6.00000;1.38699
6.06250;1.41530
9.00000;1.99538
10.00000;2.17057
10.50000;2.31196
11.00000;2.46622
12.00000;2.58670
13.00000;2.79375
13.50000;2.88319
14.00000;2.98902
15.00000;3.18196
16.00000;3.38516
16.50000;3.47091
17.00000;3.58998
18.00000;3.78591
19.00000;4.00065
19.50000;4.09496
20.00000;4.18640
21.00000;4.38078
22.00000;4.54562
22.50000;4.64868
23.00000;4.77630
23.99792;4.95000
