"MID";"WAV"
0.50000;0.95590
1.00000;1.37107
1.50000;1.83362
2.00000;2.25776
2.50000;2.72825
3.00000;3.15288
3.50000;3.57554
4.00000;3.99067
4.50000;4.39019
6.50000;5.99918
7.00000;6.41006
7.50000;6.79279
8.00000;7.21745
8.50000;7.69893
9.00000;8.08568
10.00000;9.01160
10.50000;9.49725
11.99792;11.05000
