"MID";"WAV"
0.00000;0.11462
1.00000;0.50192
2.00000;0.89457
3.00000;1.30803
4.00000;1.70149
5.00000;2.11489
6.00000;2.49374
7.00000;2.89254
8.00000;3.21963
9.00000;3.59913
9.06250;3.62005
10.00000;3.98099
11.00000;4.34331
12.00000;4.66905
12.06250;4.69313
13.00000;5.04019
14.00000;5.40672
15.00000;5.77245
15.06250;5.79307
16.00000;6.11740
17.00000;6.43391
18.00000;6.78828
18.06250;6.81688
19.00000;7.15084
19.50000;7.34370
20.00000;7.53048
20.99792;7.95000
