"MID";"WAV"
0.00000;0.00000
1.50000;0.40007
2.00000;0.53342
3.00000;0.80014
4.50000;1.20021
5.00000;1.33357
6.00000;1.60028
6.06250;1.61694
7.00000;1.86699
7.50000;2.00035
9.00000;2.40041
9.50000;2.53377
10.00000;2.66712
10.50000;2.80049
11.00000;2.93030
11.99792;3.15000
