"MID";"WAV"
0.00000;0.10333
1.00000;0.86401
2.00000;1.52912
3.00000;2.20203
4.00000;2.89835
5.00000;3.50130
6.00000;4.18192
7.00000;4.90925
8.00000;5.60550
9.00000;6.30174
10.00000;7.06022
11.99792;8.65000
