"MID";"WAV"
0.00000;0.17889
0.50000;0.51030
1.00000;0.82618
1.50000;1.14981
2.00000;1.46571
2.50000;1.79719
3.00000;2.13633
3.50000;2.45995
4.00000;2.77595
4.50000;3.09953
6.50000;4.30964
7.00000;4.79636
7.50000;5.22897
9.00000;6.52613
9.50000;6.88869
10.00000;7.25126
10.50000;7.61364
11.99792;8.65002
