"MID";"WAV"
0.00000;0.00000
1.50000;0.99031
2.50000;1.81025
3.00000;2.32076
5.50000;4.27059
6.00000;5.04385
8.50000;7.38007
8.66667;7.53489
8.83333;7.72044
9.00000;7.89060
10.50000;9.28308
11.50000;10.19591
12.00000;10.64462
14.50000;13.05819
15.00000;13.56872
17.50000;16.24525
17.66667;16.40004
17.83333;16.55476
18.00000;16.70949
19.49792;18.05000
