MID;WAV
0.00000;0.09103
0.25000;0.30970
0.50000;0.52199
0.75000;0.74246
1.00000;0.94754
1.50000;1.38762
2.00000;1.81004
2.50000;2.24475
2.62500;2.35719
2.75000;2.47569
2.87500;2.59870
3.00000;2.71245
4.00000;3.43092
4.25000;3.63713
4.50000;3.85317
4.75000;4.06012
5.00000;4.26995
5.25000;4.48868
5.50000;4.70666
5.75000;4.92992
6.00000;5.14930
7.00000;5.93920
7.06458;5.99293
7.95000;6.65000
