"MID";"WAV"
0.00000;0.00000
0.50000;0.19275
0.75000;0.28911
1.00000;0.38548
1.50000;0.57823
2.00000;0.77096
2.50000;0.96371
3.00000;1.15645
3.50000;1.34919
4.00000;1.54193
4.50000;1.73468
4.75000;1.83104
5.00000;1.92741
5.50000;2.12016
6.00000;2.31290
6.50000;2.50564
7.00000;2.69839
7.49792;2.85002
