"MID";"WAV"
0.00000;0.16872
0.25000;0.59933
1.75000;2.91917
2.00000;3.32313
3.00000;4.90290
3.11042;5.08665
3.22083;5.28881
3.33125;5.48670
3.44167;5.67044
3.55208;5.85418
3.66250;6.05000
3.77292;6.25792
3.88333;6.46567
4.00000;6.65980
4.25000;7.00325
5.75000;9.31513
6.00000;9.70167
7.00000;11.31096
7.11042;11.50706
7.22083;11.73445
7.33125;11.93908
7.44167;12.14702
7.55208;12.33119
7.66250;12.50804
7.77292;12.69024
7.88333;12.88591
8.00000;13.12207
8.47292;14.05000
