"MID";"WAV"
0.00000;0.00000
0.50000;0.38494
1.00000;0.94853
1.50000;1.50703
2.00000;1.91701
2.50000;2.42143
3.00000;3.10533
3.50000;3.60979
4.00000;4.09404
4.50000;4.66790
5.00000;5.16255
6.00000;6.23312
6.50000;7.01531
7.00000;7.49953
7.50000;7.92380
8.00000;8.42813
8.50000;9.01551
9.00000;9.59650
9.50000;10.22073
10.00000;10.64515
10.50000;11.10936
11.00000;11.61359
11.99792;12.05000
