"MID";"WAV"
0.00000;0.10077
1.50000;0.32820
2.00000;0.44426
3.00000;0.67634
4.00000;0.88833
6.00000;1.29278
6.06250;1.30710
7.00000;1.50492
7.50000;1.62098
8.00000;1.73704
8.50000;1.85140
9.00000;1.88240
9.50000;1.98473
10.00000;2.08120
10.50000;2.13685
11.00000;2.23314
12.00000;2.44462
13.50000;2.69376
14.00000;2.80913
15.00000;3.00153
16.00000;3.21286
18.00000;3.55835
18.06250;3.57285
19.00000;3.79048
19.50000;3.90358
20.00000;3.96192
20.50000;4.06426
21.00000;4.15885
21.99792;4.55000
