"MID";"WAV"
0.50000;1.11424
1.00000;1.69748
1.50000;2.27508
2.00000;2.79388
2.50000;3.29848
3.00000;3.85016
3.50000;4.42188
4.00000;4.92415
4.50000;5.53029
5.00000;6.08791
5.50000;6.61644
6.00000;7.25445
6.50000;7.82431
7.00000;8.44057
7.50000;9.03504
8.00000;9.61847
9.49792;10.05000
