"MID";"WAV"
0.00000;0.00000
1.25000;1.16877
1.41667;1.30860
1.58333;1.44603
1.75000;1.56633
2.00000;1.70464
2.25000;1.84803
2.50000;1.99943
2.75000;2.15558
3.00000;2.32312
3.25000;2.50175
3.74792;3.55000
