"MID";"WAV"
0.50000;0.99546
0.75000;1.17617
1.00000;1.35727
1.50000;1.77617
2.00000;2.20779
2.50000;2.67520
3.00000;3.12257
3.25000;3.33318
3.50000;3.53610
4.00000;4.00773
4.25000;4.24444
4.50000;4.47511
5.00000;4.89214
5.25000;5.10468
5.50000;5.30498
6.00000;5.69344
6.25000;5.92414
6.50000;6.16085
6.75000;6.39156
7.00000;6.61882
7.49792;7.05000
