"MID";"WAV"
0.00000;0.00000
2.00000;0.56613
3.00000;0.88809
5.00000;1.53858
6.00000;1.85923
8.00000;2.46754
9.00000;2.76831
9.20000;2.83298
9.40000;2.90459
9.60000;2.97504
9.80000;3.04458
10.00000;3.11622
11.00000;3.44633
11.49792;3.80000
