"MID";"WAV"
0.00000;0.10000
1.00000;0.49869
1.25000;0.59339
1.50000;0.69140
2.50000;1.09011
3.50000;1.49880
4.00000;1.68154
4.75000;2.00218
5.00000;2.09688
6.50000;2.69161
7.00000;2.89427
7.50000;3.10695
8.00000;3.29967
8.75000;3.59371
9.00000;3.69823
9.94792;3.85000
