"MID";"WAV"
0.50000;0.41422
1.00000;0.70842
1.50000;0.96263
2.00000;1.21682
2.75000;1.55816
2.87500;1.62187
3.00000;1.72526
3.50000;1.97948
4.00000;2.23369
4.50000;2.48790
5.00000;2.74207
5.50000;2.97628
6.00000;3.21057
6.75000;3.59184
6.87500;3.65539
7.00000;3.71894
7.50000;3.97316
8.00000;4.24735
8.50000;4.50159
9.00000;4.69585
9.50000;4.95001
10.00000;5.22420
11.99792;6.05000
