"MID";"WAV"
0.00000;0.00000
1.33333;1.53048
1.50000;1.80525
1.66667;2.05020
1.83333;2.29509
2.00000;2.59294
3.50000;4.81942
4.00000;5.59224
5.00000;7.54356
7.50000;11.20072
8.00000;12.09709
10.84792;16.55000
