"MID";"WAV"
0.00000;0.00000
1.00000;1.09735
1.50000;1.60605
2.00000;2.99405
3.00000;3.76131
3.50000;4.17850
3.60000;4.34507
3.70000;4.51595
3.80000;4.66316
3.90000;4.84007
4.00000;5.00598
4.47292;7.05000
