"Start";"Duration";"Pitch"
0.0;0.7489583333333333;74
0.75;0.7489583333333334;72
1.5;0.7489583333333334;70
2.25;0.4989583333333334;67
3.0;0.7489583333333334;75
3.75;0.7489583333333334;74
4.5;0.7489583333333334;72
5.25;0.4989583333333334;69
6.0;0.7489583333333334;69
6.75;0.7489583333333334;70
7.5;0.7489583333333325;72
8.25;0.7489583333333325;74
9.0;0.7489583333333325;77
