"Start";"Duration";"Pitch"
0.0;0.49895833333333334;68
0.5;0.18645833333333328;69
0.6875;0.06145833333333328;68
0.75;0.09270833333333328;68
0.84375;0.03020833333333328;66
0.875;0.06145833333333328;64
0.9375;0.03020833333333328;68
0.96875;0.03020833333333328;66
1.0;0.3739583333333334;64
1.375;0.12395833333333339;64
1.5;0.2489583333333334;66
1.75;0.12395833333333339;66
1.875;0.12395833333333339;66
2.0;0.12395833333333339;66
2.125;0.12395833333333339;66
2.25;0.4989583333333334;68
