"Start";"Duration";"Pitch"
0.0;0.06145833333333333;74
0.0625;0.06145833333333334;76
0.125;0.06145833333333334;74
0.1875;0.06145833333333334;72
0.25;0.24895833333333334;74
0.5;0.24895833333333328;76
0.75;0.24895833333333328;78
1.0;0.2489583333333334;79
1.25;0.2489583333333334;81
1.5;0.2489583333333334;82
1.75;0.2489583333333334;74
2.0;0.030208333333333393;76
2.03125;0.2177083333333334;74
2.25;0.2489583333333334;73
2.5;0.2489583333333334;73
2.75;0.2489583333333334;73
3.0;0.9989583333333334;73
