"Start";"Duration";"Pitch"
0.0;0.49895833333333334;68
0.5;0.3739583333333333;72
0.875;0.12395833333333328;70
1.0;0.7489583333333334;68
1.75;0.2489583333333334;69
2.0;0.06145833333333339;70
2.0625;0.06145833333333339;72
2.125;0.06145833333333339;70
2.1875;0.06145833333333339;68
2.25;0.2489583333333334;70
2.5;0.3739583333333334;73
2.875;0.12395833333333339;72
3.0;0.7489583333333334;70
