"Start";"Duration";"Pitch"
0.0;0.49895833333333334;49
0.5;0.7489583333333334;50
1.25;0.2489583333333334;51
2.0;0.7489583333333334;50
2.75;0.2489583333333334;51
5.0;0.7489583333333334;50
5.75;0.2489583333333334;51
6.0;0.2489583333333334;58
6.25;0.2489583333333334;56
6.5;0.2489583333333334;61
6.75;0.2489583333333334;71
7.0;0.7489583333333334;69
7.75;0.2489583333333334;66
