"Start";"Duration";"Pitch"
0.0;0.12395833333333334;55
0.125;0.24895833333333334;60
0.625;0.24895833333333328;59
1.125;0.2489583333333334;60
1.625;0.2489583333333334;62
2.125;0.2489583333333334;64
2.625;0.2489583333333334;65
3.125;0.9989583333333334;62
4.125;0.2489583333333334;67
4.625;0.2489583333333334;67
5.125;0.2489583333333334;67
5.625;0.2489583333333334;68
6.125;0.2489583333333334;69
6.625;0.2489583333333334;69
7.125;0.8739583333333334;62
