"Start";"Duration";"Pitch"
0.0;0.49895833333333334;64
0.75;0.24895833333333328;64
1.0;0.12395833333333339;65
1.125;0.12395833333333339;64
1.25;0.12395833333333339;62
1.375;0.12395833333333339;60
1.5;0.12395833333333339;67
1.625;0.12395833333333339;62
1.75;0.4989583333333334;65
2.25;0.2489583333333334;69
2.5;0.12395833333333339;67
2.625;0.12395833333333339;65
2.75;0.12395833333333339;64
2.875;0.12395833333333339;62
3.0;0.12395833333333339;64
