"Start";"Duration";"Pitch"
0.0;0.24895833333333334;65
0.25;0.9989583333333334;74
1.25;0.9989583333333334;69
2.25;0.9989583333333334;70
3.25;0.9989583333333334;75
4.25;0.4989583333333334;74
4.75;0.4989583333333334;72
5.25;0.4989583333333334;70
5.75;0.4989583333333334;70
6.25;0.2489583333333334;70
6.5;0.2489583333333334;69
6.75;0.2489583333333334;72
7.0;0.2489583333333334;69
7.25;0.4989583333333334;65
