"Start";"Duration";"Pitch"
0.0;0.49895833333333334;60
0.5;0.4989583333333333;65
1.0;0.4989583333333334;68
1.5;0.4989583333333334;72
2.0;0.4989583333333334;77
2.5;0.7489583333333334;80
3.25;0.08229166666666643;79
3.3333333333333335;0.08229166666666643;77
3.4166666666666665;0.08229166666666687;76
3.5;0.4989583333333334;77
