"Start";"Duration";"Pitch"
0.0;0.49895833333333334;63
0.5;0.4989583333333333;58
1.5;0.4989583333333334;58
2.0;0.4989583333333334;55
3.0;0.4989583333333334;55
3.5;0.9989583333333334;51
4.5;0.4989583333333334;70
5.0;1.4989583333333334;82
6.5;0.4989583333333334;82
7.0;0.4989583333333334;80
7.5;0.4989583333333334;79
8.0;0.4989583333333325;79
8.5;0.4989583333333325;77
9.0;0.4989583333333325;75
9.5;1.4989583333333325;75
