"Start";"Duration";"Pitch"
0.0;0.49895833333333334;72
0.5;0.4989583333333333;72
1.0;0.2489583333333334;72
1.25;0.2489583333333334;71
1.5;0.2489583333333334;69
1.75;0.2489583333333334;71
2.0;0.06145833333333339;72
2.0625;0.06145833333333339;74
2.125;0.06145833333333339;72
2.1875;0.06145833333333339;71
2.25;0.2489583333333334;72
2.5;0.3739583333333334;72
2.875;0.12395833333333339;76
3.0;0.9989583333333334;79
