"Start";"Duration";"Pitch"
0.0;0.24895833333333334;63
0.25;0.24895833333333334;68
0.5;0.24895833333333328;71
0.75;0.24895833333333328;70
1.0;0.2489583333333334;68
1.25;0.2489583333333334;67
1.5;0.2489583333333334;73
2.25;0.2489583333333334;68
2.5;0.2489583333333334;71
2.75;0.2489583333333334;70
3.0;0.2489583333333334;68
3.25;0.2489583333333334;68
3.5;0.2489583333333334;67
