"Start";"Duration";"Pitch"
0.0;0.9989583333333333;72
1.0;0.4989583333333334;69
1.5;0.4989583333333334;77
2.0;0.4989583333333334;72
2.5;0.4989583333333334;81
3.0;0.4989583333333334;72
3.5;0.4989583333333334;84
4.0;0.9989583333333334;72
5.0;0.4989583333333334;69
5.5;0.4989583333333334;77
6.0;0.4989583333333334;72
6.5;0.4989583333333334;81
7.0;0.4989583333333334;72
7.5;0.4989583333333334;84
