"Start";"Duration";"Pitch"
0.0;0.49895833333333334;60
0.5;0.4989583333333333;69
1.5;0.7489583333333334;69
2.25;0.2489583333333334;69
2.5;1.7489583333333334;69
4.25;0.2489583333333334;69
4.5;0.030208333333333393;72
4.53125;0.7177083333333334;70
5.25;0.2489583333333334;69
5.5;0.030208333333333393;72
5.53125;0.7177083333333334;70
6.25;0.2489583333333334;69
6.5;1.7489583333333325;67
