"Start";"Duration";"Pitch"
0.0;1.2489583333333334;68
1.25;0.06145833333333339;70
1.3125;0.06145833333333339;68
1.375;0.06145833333333339;67
1.4375;0.06145833333333339;68
1.5;0.4989583333333334;72
2.0;0.2489583333333334;70
2.25;0.7489583333333334;68
3.0;0.9989583333333334;67
4.0;0.2489583333333334;67
4.25;0.2489583333333334;68
4.5;0.7489583333333334;70
