"Start";"Duration";"Pitch"
0.0;0.9989583333333333;68
1.0;0.9989583333333334;69
2.0;0.9989583333333334;71
3.0;0.9989583333333334;76
4.0;0.4989583333333334;78
4.5;0.4989583333333334;80
5.0;0.4989583333333334;81
5.5;0.4989583333333334;78
6.0;0.9989583333333334;83
7.0;0.4989583333333334;88
