"Start";"Duration";"Pitch"
0.0;0.24895833333333334;70
0.25;0.24895833333333334;79
0.5;0.9989583333333334;79
1.5;0.2489583333333334;77
1.75;0.2489583333333334;75
2.0;0.030208333333333393;75
2.03125;0.030208333333333393;77
2.0625;0.030208333333333393;79
2.09375;0.6552083333333334;75
2.75;0.2489583333333334;74
3.0;0.2489583333333334;72
3.25;0.2489583333333334;70
3.5;0.030208333333333393;68
3.53125;0.4677083333333334;68
4.0;0.4989583333333334;68
4.5;0.4989583333333334;68
