"Start";"Duration";"Pitch"
0.0;1.3739583333333334;93
1.375;0.12395833333333339;80
1.5;0.4989583333333334;75
3.0;1.3739583333333334;81
4.375;0.12395833333333339;80
4.5;0.4989583333333334;75
5.5;1.4989583333333334;79
7.0;0.4989583333333334;76
7.5;0.4989583333333334;72
8.0;0.4989583333333325;68
8.5;0.2489583333333325;63
8.75;0.2489583333333325;64
9.0;0.9989583333333325;67
10.0;0.4989583333333325;66
