"Start";"Duration";"Pitch"
0.0;0.49895833333333334;67
0.5;0.7489583333333334;72
1.25;0.2489583333333334;67
1.5;0.2489583333333334;64
1.75;0.2489583333333334;60
2.0;0.4989583333333334;60
2.5;0.4989583333333334;59
3.0;0.4989583333333334;60
3.5;0.4989583333333334;64
4.0;0.4989583333333334;62
