"Start";"Duration";"Pitch"
0.0;0.24895833333333334;64
0.25;0.24895833333333334;59
0.5;0.24895833333333328;67
0.75;0.8739583333333334;71
1.625;0.12395833333333339;72
1.75;0.12395833333333339;69
1.875;0.12395833333333339;66
2.0;0.12395833333333339;63
2.125;0.12395833333333339;59
2.25;0.7489583333333334;64
