"Start";"Duration";"Pitch"
0.0;0.7489583333333333;62
0.75;1.2489583333333334;74
2.0;0.2489583333333334;73
2.25;0.4989583333333334;73
2.75;0.2489583333333334;70
3.0;0.4989583333333334;71
3.5;0.2489583333333334;73
3.75;0.4989583333333334;74
4.25;0.2489583333333334;73
4.5;0.2489583333333334;76
4.75;0.2489583333333334;74
5.0;0.2489583333333334;71
5.25;0.4989583333333334;71
5.75;0.2489583333333334;69
6.0;0.4989583333333334;74
