"Start";"Duration";"Pitch"
0.0;0.49895833333333334;75
1.0;0.4989583333333334;63
1.5;0.4989583333333334;67
2.0;0.4989583333333334;70
5.0;1.4989583333333334;82
6.5;0.2489583333333334;79
6.75;0.2489583333333334;80
7.0;0.4989583333333334;82
7.5;0.4989583333333334;73
8.0;0.9989583333333325;72
9.0;0.7489583333333325;80
9.75;0.2489583333333325;79
10.0;0.4989583333333325;77
