"Start";"Duration";"Pitch"
0.5;0.4989583333333333;72
1.0;0.4989583333333334;70
1.5;0.7489583333333334;68
2.25;0.2489583333333334;68
2.5;0.030208333333333393;75
2.53125;0.3427083333333334;73
2.875;0.12395833333333339;72
3.0;0.4989583333333334;72
3.5;0.4989583333333334;71
4.0;1.2489583333333334;70
5.25;0.2489583333333334;76
5.5;0.2489583333333334;75
5.75;0.2489583333333334;70
