"Start";"Duration";"Pitch"
0.0;0.24895833333333334;64
0.25;0.24895833333333334;64
0.5;0.24895833333333328;69
0.75;0.24895833333333328;73
1.0;0.2489583333333334;69
1.25;0.7489583333333334;74
2.0;0.12395833333333339;71
2.125;0.12395833333333339;68
2.25;0.2489583333333334;69
2.5;0.2489583333333334;68
2.75;0.2489583333333334;69
3.0;0.2489583333333334;71
3.25;0.4989583333333334;74
3.75;0.2489583333333334;73
4.0;0.2489583333333334;71
