"Start";"Duration";"Pitch"
0.0;0.18645833333333334;65
0.1875;0.06145833333333334;65
0.25;0.24895833333333334;68
0.5;0.24895833333333328;65
0.8125;0.06145833333333328;65
0.875;0.2489583333333334;68
1.125;0.12395833333333339;65
1.3125;0.06145833333333339;65
1.375;0.2489583333333334;64
1.625;0.2489583333333334;67
