"Start";"Duration";"Pitch"
0.5;0.4989583333333333;46
1.0;0.4989583333333334;51
1.5;0.4989583333333334;53
2.0;0.4989583333333334;54
2.5;0.4989583333333334;70
3.0;0.4989583333333334;75
3.5;0.4989583333333334;77
4.0;0.030208333333333393;70
4.03125;1.4677083333333334;78
5.5;0.4989583333333334;75
6.0;0.030208333333333393;70
6.03125;1.4677083333333334;78
7.5;0.4989583333333334;75
8.0;0.4989583333333325;74
