"Start";"Duration";"Pitch"
0.0;1.4989583333333334;65
1.5;1.4989583333333334;66
3.0;1.4989583333333334;68
4.5;1.4989583333333334;69
6.0;1.4989583333333334;70
7.5;0.4989583333333334;71
8.0;0.4989583333333325;73
8.5;0.4989583333333325;74
9.0;0.9989583333333325;69
10.0;0.4989583333333325;68
10.5;0.2489583333333325;69
