"Start";"Duration";"Pitch"
0.0;0.24895833333333334;63
0.25;0.24895833333333334;63
0.5;0.24895833333333328;68
0.75;0.24895833333333328;68
1.0;0.12395833333333339;68
1.125;0.12395833333333339;67
1.25;0.1864583333333334;67
1.4375;0.06145833333333339;65
1.5;0.1864583333333334;67
1.6875;0.06145833333333339;63
1.75;0.4989583333333334;68
2.25;0.2489583333333334;70
2.5;0.1864583333333334;73
2.6875;0.06145833333333339;72
2.75;0.2489583333333334;70
