"Start";"Duration";"Pitch"
2.0;1.4989583333333334;69
3.5;0.4989583333333334;69
4.0;1.9989583333333334;67
6.0;0.2489583333333334;66
6.25;0.2489583333333334;64
6.5;0.9989583333333334;62
7.5;0.4989583333333334;61
8.0;0.9989583333333325;59
9.0;0.4989583333333325;57
9.5;1.4989583333333325;57
11.0;1.4989583333333325;62
12.5;0.9989583333333325;64
13.5;0.2489583333333325;66
13.75;0.2489583333333325;67
14.0;0.4989583333333325;66
