"Start";"Duration";"Pitch"
0.0;0.49895833333333334;55
0.5;1.2489583333333334;60
1.75;0.030208333333333393;62
1.78125;0.030208333333333393;60
1.8125;0.030208333333333393;59
1.84375;0.1552083333333334;60
2.0;0.2489583333333334;63
2.25;0.2489583333333334;62
2.5;0.9989583333333334;62
3.5;0.4989583333333334;60
4.0;0.4989583333333334;60
4.5;0.9989583333333334;65
