"Start";"Duration";"Pitch"
0.375;0.12395833333333334;64
0.5;0.12395833333333328;69
0.625;0.12395833333333328;74
0.75;1.3739583333333334;73
2.125;0.12395833333333339;68
2.25;0.7489583333333334;67
3.0;0.7489583333333334;70
3.75;0.7489583333333334;70
4.5;0.08229166666666643;69
4.583333333333333;0.08229166666666732;69
4.666666666666667;0.08229166666666643;73
4.75;0.7489583333333334;69
