"Start";"Duration";"Pitch"
0.0;0.08229166666666667;43
0.08333333333333333;0.08229166666666667;45
0.16666666666666666;0.08229166666666668;47
0.25;0.4989583333333333;48
0.75;0.4989583333333334;51
1.25;0.7489583333333334;47
2.0;0.2489583333333334;56
2.25;0.2489583333333334;55
2.5;0.2489583333333334;53
2.75;0.2489583333333334;51
3.0;0.2489583333333334;50
3.25;0.12395833333333339;51
3.375;0.12395833333333339;53
3.5;0.12395833333333339;51
3.625;0.12395833333333339;50
3.75;0.2489583333333334;48
