"Start";"Duration";"Pitch"
0.0;2.2489583333333334;67
2.25;0.2489583333333334;70
2.5;0.4989583333333334;75
3.0;1.4989583333333334;75
4.5;0.4989583333333334;74
6.0;2.2489583333333325;70
8.25;0.030208333333332504;77
8.28125;0.030208333333332504;79
8.3125;0.030208333333332504;77
8.34375;0.030208333333332504;75
8.375;0.1239583333333325;77
8.5;0.4989583333333325;80
9.0;1.4989583333333325;80
10.5;0.4989583333333325;79
