"Start";"Duration";"Pitch"
0.0;0.9989583333333333;64
1.5;0.9989583333333334;69
3.0;0.9989583333333334;71
4.0;0.030208333333333393;72
4.03125;0.2177083333333334;71
4.25;0.2489583333333334;69
4.5;0.4989583333333334;71
5.0;0.4989583333333334;72
6.0;0.9989583333333334;74
7.5;0.9989583333333325;76
9.0;0.4989583333333325;74
9.5;0.030208333333332504;74
9.53125;0.4677083333333325;72
10.0;0.4989583333333325;71
10.5;0.4989583333333325;69
