"Start";"Duration";"Pitch"
0.5;0.4989583333333333;69
1.0;0.4989583333333334;67
1.5;0.4989583333333334;66
2.0;0.4989583333333334;67
2.5;0.4989583333333334;69
3.0;0.4989583333333334;62
3.5;0.4989583333333334;64
4.0;0.4989583333333334;66
4.5;0.9989583333333334;67
5.5;0.4989583333333334;66
6.0;0.9989583333333334;64
7.0;1.9989583333333325;69
