"Start";"Duration";"Pitch"
0.0;0.24895833333333334;70
0.25;0.24895833333333334;69
0.5;0.24895833333333328;70
0.75;1.2489583333333334;75
2.0;0.2489583333333334;75
2.25;0.2489583333333334;74
2.5;0.2489583333333334;75
2.75;1.2489583333333334;79
4.0;0.2489583333333334;79
4.25;0.2489583333333334;78
4.5;0.2489583333333334;79
4.75;1.4989583333333334;82
