"Start";"Duration";"Pitch"
0.0;0.24895833333333334;69
0.25;0.4989583333333333;78
0.75;0.24895833333333328;76
1.0;0.2489583333333334;74
1.25;0.2489583333333334;73
1.5;0.2489583333333334;71
1.75;0.7489583333333334;69
2.5;0.2489583333333334;69
2.75;0.2489583333333334;71
3.0;0.2489583333333334;73
3.25;0.2489583333333334;74
3.5;0.2489583333333334;76
3.75;0.4989583333333334;78
