"Start";"Duration";"Pitch"
0.0;0.24895833333333334;56
0.25;0.24895833333333334;61
0.5;0.24895833333333328;64
0.75;0.24895833333333328;56
1.0;0.2489583333333334;61
1.25;0.2489583333333334;64
1.5;0.2489583333333334;56
1.75;0.2489583333333334;61
2.0;0.2489583333333334;64
2.25;0.2489583333333334;56
2.5;0.2489583333333334;61
2.75;0.2489583333333334;64
