"Start";"Duration";"Pitch"
0.0;0.24895833333333334;70
0.25;0.24895833333333334;69
0.5;0.24895833333333328;65
0.75;0.24895833333333328;70
1.0;0.2489583333333334;72
1.25;0.4989583333333334;74
1.75;0.2489583333333334;72
2.0;0.2489583333333334;74
2.25;0.030208333333333393;77
2.28125;0.2177083333333334;75
2.5;0.2489583333333334;74
2.75;0.2489583333333334;72
3.0;0.2489583333333334;70
3.25;0.2489583333333334;69
3.5;0.2489583333333334;67
3.75;0.2489583333333334;65
