"Start";"Duration";"Pitch"
0.5;0.4989583333333333;79
1.0;0.4989583333333334;77
1.5;0.7489583333333334;75
2.25;0.2489583333333334;75
2.5;0.030208333333333393;82
2.53125;0.3427083333333334;80
2.875;0.12395833333333339;79
3.0;0.4989583333333334;79
3.5;0.4989583333333334;78
4.0;1.2489583333333334;77
5.25;0.2489583333333334;83
5.5;0.2489583333333334;82
5.75;0.2489583333333334;77
6.0;0.2489583333333334;79
6.25;0.12395833333333339;80
6.375;0.12395833333333339;77
6.5;0.4989583333333334;75
