"Start";"Duration";"Pitch"
0.0;0.9989583333333333;79
1.0;0.2489583333333334;77
1.25;0.2489583333333334;79
1.5;0.2489583333333334;80
1.75;0.2489583333333334;77
2.0;0.9989583333333334;75
3.0;0.7489583333333334;70
3.75;0.2489583333333334;75
4.0;0.4989583333333334;77
4.5;0.4989583333333334;77
5.0;0.4989583333333334;77
5.5;0.4989583333333334;78
6.0;0.9989583333333334;78
7.0;0.4989583333333334;79
