"Start";"Duration";"Pitch"
0.0;0.49895833333333334;81
0.5;0.24895833333333328;76
0.75;0.4989583333333334;76
1.25;0.2489583333333334;81
1.5;0.4989583333333334;80
2.0;0.2489583333333334;76
2.25;0.4989583333333334;76
2.75;0.2489583333333334;80
3.0;0.4989583333333334;81
3.5;0.2489583333333334;81
3.75;0.4989583333333334;82
4.25;0.2489583333333334;83
4.5;0.4989583333333334;84
5.0;0.2489583333333334;85
5.25;0.4989583333333334;86
5.75;0.2489583333333334;87
6.0;0.4989583333333334;88
