"Start";"Duration";"Pitch"
0.0;0.24895833333333334;69
0.25;0.4989583333333333;72
1.0;0.08229166666666665;72
1.0833333333333333;0.08229166666666665;71
1.1666666666666667;0.08229166666666665;74
1.25;0.4989583333333334;72
2.0;0.2489583333333334;69
2.25;0.4989583333333334;70
3.0;0.08229166666666643;70
3.0833333333333335;0.08229166666666643;69
3.1666666666666665;0.08229166666666687;72
3.25;0.4989583333333334;70
