"Start";"Duration";"Pitch"
0.0;0.49895833333333334;68
0.5;0.8739583333333334;67
1.375;0.12395833333333339;63
1.5;0.4989583333333334;67
2.0;0.4989583333333334;70
2.5;0.9989583333333334;71
3.5;0.3739583333333334;71
3.875;0.12395833333333339;70
4.0;0.4989583333333334;68
4.5;0.4989583333333334;67
5.0;0.4989583333333334;68
5.5;0.4989583333333334;63
