"Start";"Duration";"Pitch"
0.0;0.7489583333333333;67
0.75;0.24895833333333328;64
1.0;0.2489583333333334;71
1.25;0.9989583333333334;71
2.25;0.2489583333333334;67
2.5;0.2489583333333334;76
2.75;0.4989583333333334;76
3.25;0.2489583333333334;78
3.5;0.4989583333333334;79
4.0;0.2489583333333334;78
4.25;0.7489583333333334;76
5.0;0.4989583333333334;75
