"Start";"Duration";"Pitch"
0.0;0.49895833333333334;60
0.5;0.4989583333333333;69
1.0;0.4989583333333334;67
1.5;0.9989583333333334;72
2.5;0.4989583333333334;65
3.0;0.4989583333333334;67
3.5;0.4989583333333334;65
4.0;0.9989583333333334;65
5.0;0.9989583333333334;65
6.0;0.9989583333333334;64
7.0;0.9989583333333334;62
8.0;0.9989583333333325;64
9.0;0.9989583333333325;65
10.0;0.9989583333333325;67
11.0;0.9989583333333325;65
