"Start";"Duration";"Pitch"
0.0;0.49895833333333334;71
0.5;0.4989583333333333;75
1.0;0.9989583333333334;76
2.0;0.4989583333333334;76
2.5;0.4989583333333334;76
3.0;0.7489583333333334;78
3.75;0.2489583333333334;80
4.0;0.4989583333333334;81
4.5;0.4989583333333334;81
5.0;0.4989583333333334;81
5.5;0.4989583333333334;81
6.0;0.4989583333333334;81
6.5;0.4989583333333334;81
7.0;0.9989583333333334;81
