"Start";"Duration";"Pitch"
0.0;2.9989583333333334;77
3.0;0.4989583333333334;82
3.5;1.9989583333333334;81
5.5;0.4989583333333334;79
6.0;0.4989583333333334;77
6.5;2.4989583333333325;76
9.0;0.4989583333333325;84
9.5;1.9989583333333325;82
11.5;0.4989583333333325;81
12.0;0.4989583333333325;79
12.5;0.9989583333333325;78
13.5;0.4989583333333325;81
14.0;2.9989583333333343;90
17.0;0.4989583333333343;89
