"Start";"Duration";"Pitch"
0.5;0.8739583333333334;72
1.375;0.12395833333333339;75
1.5;0.2489583333333334;74
2.0;0.7489583333333334;67
2.75;0.06145833333333339;67
2.8125;0.06145833333333339;69
2.875;0.04062499999999991;71
2.9166666666666665;0.04062499999999991;72
2.9583333333333335;0.04062499999999991;74
3.0;0.2489583333333334;76
3.5;0.8739583333333334;76
4.375;0.12395833333333339;79
4.5;0.2489583333333334;77
5.0;0.7489583333333334;65
