"Start";"Duration";"Pitch"
0.0;0.7489583333333333;62
0.75;0.24895833333333328;67
1.0;0.7489583333333334;65
1.75;0.2489583333333334;70
2.0;0.7489583333333334;69
2.75;0.2489583333333334;75
3.0;0.7489583333333334;72
3.75;0.2489583333333334;79
4.0;0.2489583333333334;77
