"Start";"Duration";"Pitch"
0.0;0.24895833333333334;79
0.25;0.24895833333333334;91
0.5;0.24895833333333328;84
0.75;0.24895833333333328;86
1.0;0.2489583333333334;88
1.25;0.3739583333333334;86
1.625;0.12395833333333339;83
1.75;0.2489583333333334;79
2.0;0.2489583333333334;83
2.25;0.3739583333333334;81
2.625;0.12395833333333339;78
2.75;0.2489583333333334;74
3.0;0.2489583333333334;83
3.25;0.7489583333333334;81
