"Start";"Duration";"Pitch"
0.0;0.9989583333333333;80
1.0;0.9989583333333334;83
2.5;0.4989583333333334;85
3.0;0.9989583333333334;85
4.0;0.9989583333333334;87
6.0;0.9989583333333334;87
7.0;0.9989583333333334;88
8.5;0.4989583333333325;83
9.0;0.9989583333333325;84
10.0;0.9989583333333325;85
