"Start";"Duration";"Pitch"
1.5;0.4989583333333334;83
2.0;0.4989583333333334;88
2.5;0.4989583333333334;83
3.0;0.4989583333333334;84
3.5;0.4989583333333334;85
4.5;0.4989583333333334;85
5.0;0.4989583333333334;90
5.5;0.4989583333333334;87
6.0;0.4989583333333334;85
6.5;0.4989583333333334;83
7.5;0.4989583333333334;83
8.0;0.4989583333333325;92
8.5;0.4989583333333325;88
9.0;0.4989583333333325;87
9.5;0.4989583333333325;85
