"Start";"Duration";"Pitch"
0.0;0.9989583333333333;75
1.0;0.9989583333333334;75
2.0;0.33229166666666643;75
2.3333333333333335;0.33229166666666643;73
2.6666666666666665;0.3322916666666669;75
3.0;0.9989583333333334;76
4.0;0.4989583333333334;78
4.5;0.4989583333333334;76
5.0;0.9989583333333334;75
