"Start";"Duration";"Pitch"
0.0;0.49895833333333334;93
0.5;0.24895833333333328;91
1.0;0.4989583333333334;93
1.5;0.2489583333333334;88
2.0;0.4989583333333334;89
2.5;0.9989583333333334;91
3.5;0.2489583333333334;84
4.0;0.4989583333333334;93
4.5;0.2489583333333334;91
5.0;0.4989583333333334;93
5.5;0.2489583333333334;88
6.0;0.4989583333333334;89
6.5;0.9989583333333334;98
7.5;0.4989583333333334;96
8.0;0.4989583333333325;98
8.5;0.4989583333333325;99
9.0;0.4989583333333325;100
