"Start";"Duration";"Pitch"
0.0;0.49895833333333334;84
0.5;0.9989583333333334;91
1.5;0.4989583333333334;90
2.0;0.4989583333333334;91
2.5;1.4989583333333334;87
4.0;0.4989583333333334;86
