"Start";"Duration";"Pitch"
0.25;0.24895833333333334;58
0.5;0.24895833333333328;58
0.75;0.24895833333333328;58
1.0;0.9989583333333334;51
2.0;0.9989583333333334;53
3.0;1.9989583333333334;46
