"Start";"Duration";"Pitch"
0.0;0.9989583333333333;91
1.0;0.1656249999999999;89
1.1666666666666667;0.1656249999999999;87
1.3333333333333333;0.16562500000000013;89
1.5;0.4989583333333334;91
2.0;0.9989583333333334;94
3.0;0.1656249999999999;92
3.1666666666666665;0.1656249999999999;91
3.3333333333333335;0.1656249999999999;89
3.5;0.4989583333333334;91
