"Start";"Duration";"Pitch"
0.0;0.24895833333333334;95
0.25;0.24895833333333334;96
0.5;0.24895833333333328;96
0.75;0.24895833333333328;95
1.0;0.2489583333333334;96
1.25;0.2489583333333334;96
1.5;0.2489583333333334;97
1.75;0.2489583333333334;94
2.0;0.2489583333333334;94
2.25;0.2489583333333334;92
2.5;0.2489583333333334;85
2.75;0.2489583333333334;85
