"Start";"Duration";"Pitch"
0.0;0.49895833333333334;83
0.5;0.9989583333333334;79
2.0;0.4989583333333334;76
2.5;0.9989583333333334;84
4.0;0.4989583333333334;81
4.5;0.9989583333333334;78
6.0;0.4989583333333334;75
6.5;0.9989583333333334;83
8.0;0.4989583333333325;88
8.5;0.9989583333333325;76
10.0;0.4989583333333325;79
10.5;0.9989583333333325;83
12.0;0.4989583333333325;86
12.5;0.9989583333333325;74
14.0;0.4989583333333325;77
14.5;0.9989583333333325;81
