"Start";"Duration";"Pitch"
0.5;0.4989583333333333;88
1.0;0.4989583333333334;86
1.5;0.4989583333333334;85
2.0;0.4989583333333334;81
2.5;0.4989583333333334;83
3.0;0.4989583333333334;84
3.5;0.4989583333333334;86
4.0;0.4989583333333334;84
4.5;0.4989583333333334;83
5.0;0.4989583333333334;93
5.5;0.4989583333333334;91
6.0;0.4989583333333334;90
6.5;0.4989583333333334;86
7.0;0.4989583333333334;88
7.5;0.4989583333333334;90
8.0;0.4989583333333325;91
8.5;0.4989583333333325;90
9.0;0.4989583333333325;88
