"Start";"Duration";"Pitch"
0.0;0.7489583333333333;91
1.0;0.7489583333333334;91
1.875;0.12395833333333339;91
2.0;0.9989583333333334;91
3.0;0.4989583333333334;86
4.0;0.7489583333333334;91
5.0;0.7489583333333334;93
5.875;0.12395833333333339;93
6.0;0.4989583333333334;94
6.5;0.4989583333333334;93
8.0;0.2489583333333325;94
8.5;0.2489583333333325;93
