"Start";"Duration";"Pitch"
0.0;0.9989583333333333;87
1.0;0.33229166666666665;88
1.3333333333333333;0.33229166666666665;89
1.6666666666666667;0.33229166666666665;90
2.0;0.4989583333333334;90
2.5;0.9989583333333334;88
3.5;0.4989583333333334;87
4.0;0.9989583333333334;84
5.0;0.33229166666666643;85
5.333333333333333;0.3322916666666673;87
5.666666666666667;0.33229166666666643;88
6.0;0.9989583333333334;82
7.0;0.9989583333333334;83
