"Start";"Duration";"Pitch"
0.0;1.4989583333333334;60
1.5;0.9989583333333334;63
2.5;0.4989583333333334;60
3.0;0.7489583333333334;59
3.75;0.2489583333333334;62
4.0;0.4989583333333334;67
4.5;0.4989583333333334;67
6.0;0.7489583333333334;60
6.75;0.2489583333333334;63
7.0;0.4989583333333334;68
7.5;0.4989583333333334;68
