"Start";"Duration";"Pitch"
0.5;0.4989583333333333;76
1.0;0.4989583333333334;75
1.5;0.4989583333333334;76
2.0;0.4989583333333334;78
2.5;0.4989583333333334;79
3.0;0.4989583333333334;78
3.5;0.4989583333333334;83
4.0;0.4989583333333334;82
4.5;0.7489583333333334;83
5.25;0.2489583333333334;81
5.5;0.2489583333333334;79
5.75;0.2489583333333334;78
6.0;0.4989583333333334;76
