"Start";"Duration";"Pitch"
0.0;2.9989583333333334;74
3.0;0.4989583333333334;76
3.5;0.4989583333333334;78
4.0;0.030208333333333393;81
4.03125;0.9677083333333334;79
5.0;0.4989583333333334;78
5.5;0.4989583333333334;79
6.0;0.9989583333333334;76
7.0;0.9989583333333334;81
8.0;0.4989583333333325;74
