"Start";"Duration";"Pitch"
0.0;0.7489583333333333;84
0.75;0.24895833333333328;79
1.0;0.2489583333333334;80
1.25;0.2489583333333334;76
1.5;0.2489583333333334;77
1.75;0.2489583333333334;72
2.0;0.2489583333333334;73
2.25;0.2489583333333334;72
2.5;0.2489583333333334;72
2.75;0.2489583333333334;70
3.0;0.4989583333333334;68
