"Start";"Duration";"Pitch"
0.0;1.4989583333333334;88
1.5;1.4989583333333334;90
3.0;1.4989583333333334;91
4.5;1.4989583333333334;93
6.0;1.4989583333333334;94
7.5;1.4989583333333325;95
9.0;1.4989583333333325;83
10.5;1.4989583333333325;88
