"Start";"Duration";"Pitch"
0.0;0.9989583333333333;81
1.0;0.4989583333333334;76
1.75;0.2489583333333334;76
2.0;1.4989583333333334;77
3.5;0.4989583333333334;77
4.0;0.4989583333333334;79
4.5;0.4989583333333334;77
5.0;0.4989583333333334;77
5.5;0.4989583333333334;76
6.0;1.9989583333333334;77
