"Start";"Duration";"Pitch"
0.5;0.4989583333333333;97
1.0;0.4989583333333334;96
1.5;0.7489583333333334;97
2.25;0.2489583333333334;92
2.5;0.2489583333333334;89
2.75;0.2489583333333334;90
3.0;0.2489583333333334;92
3.25;0.2489583333333334;89
3.5;0.2489583333333334;85
3.75;0.2489583333333334;87
4.0;0.2489583333333334;89
4.25;0.2489583333333334;85
4.5;0.2489583333333334;80
4.75;0.2489583333333334;82
