"Start";"Duration";"Pitch"
0.0;1.4989583333333334;50
1.5;0.12395833333333339;50
1.625;0.12395833333333339;49
1.75;0.12395833333333339;50
1.875;0.12395833333333339;52
2.0;1.4989583333333334;54
3.5;0.12395833333333339;54
3.625;0.12395833333333339;52
3.75;0.12395833333333339;54
3.875;0.12395833333333339;55
4.0;0.4989583333333334;57
4.5;0.4989583333333334;57
5.0;0.4989583333333334;54
5.5;0.4989583333333334;54
6.0;0.4989583333333334;50
