"Start";"Duration";"Pitch"
0.0;0.37395833333333334;76
0.375;0.12395833333333334;76
0.5;0.4989583333333333;74
1.0;0.3739583333333334;77
1.375;0.12395833333333339;77
1.5;0.4989583333333334;76
2.0;0.3739583333333334;81
2.375;0.12395833333333339;81
2.5;0.4989583333333334;79
3.0;0.3739583333333334;81
3.375;0.12395833333333339;81
3.5;0.9989583333333334;79
