"Start";"Duration";"Pitch"
0.0;0.24895833333333334;78
0.375;0.12395833333333334;79
0.5;0.4989583333333333;81
1.0;0.2489583333333334;83
1.375;0.12395833333333339;85
1.5;0.9989583333333334;86
2.5;0.2489583333333334;74
2.875;0.12395833333333339;75
3.0;0.2489583333333334;76
3.375;0.12395833333333339;75
3.5;0.2489583333333334;76
3.875;0.12395833333333339;78
4.0;0.4989583333333334;78
4.5;0.9989583333333334;79
