"Start";"Duration";"Pitch"
0.0;0.24895833333333334;63
1.0;0.2489583333333334;70
2.0;0.2489583333333334;58
3.0;0.2489583333333334;63
4.0;0.2489583333333334;63
4.5;0.2489583333333334;62
5.0;0.4989583333333334;63
5.75;0.2489583333333334;64
6.0;0.2489583333333334;65
6.25;0.2489583333333334;62
6.5;0.2489583333333334;63
6.75;0.2489583333333334;57
7.0;0.4989583333333334;58
