"Start";"Duration";"Pitch"
0.0;0.9989583333333333;77
1.0;0.9989583333333334;78
2.0;1.4989583333333334;79
3.5;0.4989583333333334;75
4.0;0.4989583333333334;72
4.5;0.4989583333333334;69
5.0;0.4989583333333334;65
5.5;0.4989583333333334;63
6.0;0.4989583333333334;62
6.5;0.4989583333333334;70
