"Start";"Duration";"Pitch"
0.0;0.49895833333333334;91
0.5;0.4989583333333333;87
1.0;0.4989583333333334;88
1.5;0.7489583333333334;81
2.25;0.2489583333333334;83
2.5;0.2489583333333334;84
2.75;0.2489583333333334;88
3.0;0.4989583333333334;86
3.5;0.4989583333333334;82
4.0;0.4989583333333334;83
4.5;0.7489583333333334;76
5.25;0.2489583333333334;78
5.5;0.2489583333333334;79
5.75;0.2489583333333334;83
