"Start";"Duration";"Pitch"
0.0;0.9989583333333333;78
1.0;0.4989583333333334;81
1.5;0.9989583333333334;69
2.5;0.4989583333333334;74
3.0;0.4989583333333334;76
3.5;0.4989583333333334;78
4.0;0.4989583333333334;76
4.5;0.9989583333333334;74
5.5;0.4989583333333334;69
6.0;0.4989583333333334;93
6.5;0.4989583333333334;95
7.0;0.4989583333333334;97
7.5;0.9989583333333325;98
8.5;0.4989583333333325;102
9.0;0.9989583333333325;100
10.0;0.4989583333333325;93
10.5;1.4989583333333325;98
