"Start";"Duration";"Pitch"
0.0;0.24895833333333334;69
0.25;0.24895833333333334;66
0.5;0.24895833333333328;66
0.75;0.24895833333333328;66
1.0;0.2489583333333334;69
1.25;0.2489583333333334;66
1.5;0.2489583333333334;66
1.75;0.2489583333333334;78
2.0;0.12395833333333339;76
2.125;0.12395833333333339;74
2.25;0.12395833333333339;73
2.375;0.12395833333333339;71
2.5;0.2489583333333334;69
2.75;0.2489583333333334;67
3.0;0.2489583333333334;66
3.25;0.2489583333333334;67
3.5;0.4989583333333334;69
