"Start";"Duration";"Pitch"
0.0;0.7489583333333333;85
0.75;0.24895833333333328;80
1.0;0.4989583333333334;80
1.5;0.4989583333333334;80
2.0;0.4989583333333334;85
2.5;0.4989583333333334;89
3.0;0.2489583333333334;89
3.25;0.2489583333333334;87
3.5;0.2489583333333334;86
3.75;0.2489583333333334;87
4.0;0.4989583333333334;84
4.5;0.2489583333333334;89
4.75;0.2489583333333334;87
5.0;0.2489583333333334;86
5.25;0.2489583333333334;87
5.5;0.4989583333333334;84
