"Start";"Duration";"Pitch"
0.0;0.49895833333333334;77
0.5;0.7489583333333334;76
1.25;0.9989583333333334;72
2.25;0.2489583333333334;77
2.5;0.7489583333333334;80
3.25;0.2489583333333334;76
3.5;0.7489583333333334;80
4.25;0.2489583333333334;77
4.5;0.7489583333333334;76
5.25;0.9989583333333334;72
6.25;0.2489583333333334;74
6.5;0.7489583333333334;76
