"Start";"Duration";"Pitch"
0.0;1.4989583333333334;60
1.5;1.4989583333333334;62
3.0;0.030208333333333393;65
3.03125;0.4677083333333334;64
3.5;0.2489583333333334;64
3.75;0.2489583333333334;62
4.0;0.2489583333333334;64
4.25;0.2489583333333334;65
4.5;0.4989583333333334;62
