"Start";"Duration";"Pitch"
0.0;0.12395833333333334;60
0.125;0.12395833333333334;63
0.25;0.24895833333333334;66
0.5;0.12395833333333328;66
0.625;0.12395833333333328;65
0.75;0.12395833333333328;63
0.875;0.12395833333333328;66
1.0;0.4989583333333334;65
1.5;0.12395833333333339;61
1.625;0.12395833333333339;63
1.75;0.2489583333333334;64
2.0;0.12395833333333339;64
2.125;0.12395833333333339;63
2.25;0.12395833333333339;61
2.375;0.12395833333333339;64
2.5;0.4989583333333334;63
