"Start";"Duration";"Pitch"
0.0;0.24895833333333334;75
0.25;0.4989583333333333;79
0.75;0.24895833333333328;87
1.0;1.2489583333333334;91
2.25;0.2489583333333334;88
2.5;0.4989583333333334;91
3.25;1.2489583333333334;92
4.5;0.2489583333333334;89
4.75;0.4989583333333334;86
5.25;0.2489583333333334;84
5.5;0.2489583333333334;83
