"Start";"Duration";"Pitch"
0.0;0.12395833333333334;74
0.125;0.7489583333333333;74
0.875;0.2489583333333334;78
1.125;0.2489583333333334;76
1.375;0.2489583333333334;74
1.625;0.4989583333333334;74
2.125;0.4989583333333334;73
2.625;0.4989583333333334;75
3.125;0.7489583333333334;76
3.875;0.2489583333333334;78
4.125;0.2489583333333334;79
4.375;0.2489583333333334;83
4.625;0.4989583333333334;74
5.125;0.2489583333333334;73
