"Start";"Duration";"Pitch"
0.0;0.12395833333333334;82
0.125;0.24895833333333334;80
0.375;0.12395833333333334;82
0.5;0.24895833333333328;77
0.75;0.24895833333333328;82
1.0;0.12395833333333339;80
1.125;0.2489583333333334;77
1.375;0.12395833333333339;75
1.5;0.2489583333333334;71
1.75;0.2489583333333334;75
2.0;0.12395833333333339;70
2.125;0.2489583333333334;70
2.375;0.12395833333333339;72
2.5;0.2489583333333334;70
2.75;0.2489583333333334;82
3.0;0.9989583333333334;70
