"Start";"Duration";"Pitch"
0.125;0.12395833333333334;80
0.25;0.12395833333333334;81
0.375;0.12395833333333334;80
0.5;0.12395833333333328;79
0.625;0.12395833333333328;79
0.75;0.12395833333333328;85
0.875;0.12395833333333328;88
1.0;0.12395833333333339;87
1.125;0.12395833333333339;85
1.25;0.12395833333333339;87
1.375;0.12395833333333339;85
1.5;0.12395833333333339;84
1.625;0.12395833333333339;85
1.75;0.12395833333333339;88
1.875;0.12395833333333339;92
