"Start";"Duration";"Pitch"
0.0;0.49895833333333334;77
0.5;1.4989583333333334;89
2.0;0.9989583333333334;89
3.0;1.4989583333333334;87
4.5;0.4989583333333334;85
5.0;0.4989583333333334;84
5.5;0.4989583333333334;82
6.0;0.4989583333333334;77
6.5;0.4989583333333334;78
