"Start";"Duration";"Pitch"
0.0;0.49895833333333334;84
0.5;0.4989583333333333;83
1.0;0.4989583333333334;84
1.5;0.4989583333333334;87
2.0;0.4989583333333334;84
2.5;0.3739583333333334;84
2.875;0.12395833333333339;82
3.0;0.4989583333333334;80
3.5;0.4989583333333334;75
4.0;0.2489583333333334;72
4.25;0.2489583333333334;75
4.5;0.2489583333333334;80
4.75;0.2489583333333334;82
5.0;0.4989583333333334;84
