"Start";"Duration";"Pitch"
0.0;0.9989583333333333;92
1.0;0.4989583333333334;89
1.5;0.7489583333333334;87
2.25;0.4989583333333334;85
2.75;0.2489583333333334;77
3.0;0.7489583333333334;94
3.75;0.4989583333333334;92
4.25;0.2489583333333334;89
4.5;0.7489583333333334;87
5.25;0.4989583333333334;85
5.75;0.2489583333333334;83
6.0;0.4989583333333334;81
