"Start";"Duration";"Pitch"
0.0;0.24895833333333334;77
0.375;0.12395833333333334;77
0.5;0.4989583333333333;77
1.0;0.4989583333333334;78
1.5;0.030208333333333393;77
1.53125;0.2177083333333334;73
1.875;0.12395833333333339;74
2.0;0.4989583333333334;75
2.5;0.4989583333333334;77
3.0;0.2489583333333334;78
3.375;0.12395833333333339;77
3.5;0.4989583333333334;78
4.0;0.4989583333333334;79
4.5;0.2489583333333334;82
4.875;0.12395833333333339;82
5.0;0.4989583333333334;82
5.5;0.4989583333333334;80
