"Start";"Duration";"Pitch"
0.5;0.4989583333333333;85
1.0;0.4989583333333334;89
1.5;0.4989583333333334;90
2.5;0.4989583333333334;92
3.5;0.4989583333333334;97
4.5;0.4989583333333334;92
5.5;0.4989583333333334;94
6.5;0.4989583333333334;92
7.5;0.4989583333333334;90
8.5;0.4989583333333325;89
9.333333333333334;0.33229166666666643;89
9.666666666666666;0.33229166666666643;92
