"Start";"Duration";"Pitch"
0.0;0.49895833333333334;64
1.0;0.2489583333333334;66
1.5;0.2489583333333334;67
2.0;0.2489583333333334;69
2.5;0.2489583333333334;67
3.0;0.2489583333333334;78
3.5;0.2489583333333334;71
4.0;0.2489583333333334;64
4.5;0.2489583333333334;64
5.0;0.2489583333333334;62
5.5;0.2489583333333334;62
6.0;0.2489583333333334;60
6.5;0.4989583333333334;60
7.0;0.4989583333333334;62
