"Start";"Duration";"Pitch"
0.0;0.49895833333333334;78
0.5;0.9989583333333334;81
1.5;0.2489583333333334;79
1.75;0.2489583333333334;81
2.0;0.4989583333333334;83
2.5;0.4989583333333334;83
3.0;0.4989583333333334;78
3.5;0.9989583333333334;81
4.5;0.2489583333333334;79
4.75;0.2489583333333334;81
5.0;0.4989583333333334;78
5.5;0.4989583333333334;76
6.0;0.4989583333333334;78
6.5;0.9989583333333334;81
