"Start";"Duration";"Pitch"
0.0;0.030208333333333334;85
0.03125;0.34270833333333334;94
0.375;0.12395833333333334;92
0.5;0.3739583333333333;92
0.875;0.12395833333333328;90
1.0;0.3739583333333334;90
1.375;0.12395833333333339;89
1.5;0.7489583333333334;89
2.25;0.2489583333333334;87
2.5;0.3739583333333334;87
2.875;0.12395833333333339;87
3.0;0.7489583333333334;87
3.75;0.2489583333333334;85
4.0;0.3739583333333334;85
4.375;0.12395833333333339;85
4.5;0.4989583333333334;87
