"Start";"Duration";"Pitch"
0.0;0.49895833333333334;84
0.5;0.9989583333333334;89
1.5;0.4989583333333334;88
2.0;0.4989583333333334;86
2.5;0.4989583333333334;88
3.0;0.4989583333333334;84
3.5;0.3739583333333334;86
3.875;0.12395833333333339;88
4.0;0.4989583333333334;89
4.5;0.4989583333333334;91
5.0;1.4989583333333334;93
