"Start";"Duration";"Pitch"
0.0;0.49895833333333334;53
0.5;0.9989583333333334;50
1.5;0.2489583333333334;53
1.75;0.2489583333333334;55
2.0;0.2489583333333334;48
2.25;0.2489583333333334;50
2.5;0.9989583333333334;53
3.5;0.2489583333333334;50
3.75;0.2489583333333334;48
4.0;0.2489583333333334;48
4.25;0.2489583333333334;50
4.5;0.4989583333333334;50
5.0;0.4989583333333334;48
5.5;0.4989583333333334;53
6.0;1.9989583333333334;50
