"Start";"Duration";"Pitch"
0.75;0.24895833333333328;81
1.0;0.12395833333333339;83
1.125;0.12395833333333339;84
1.25;0.12395833333333339;85
1.375;0.12395833333333339;88
1.5;0.4989583333333334;86
