"Start";"Duration";"Pitch"
0.0;0.49895833333333334;80
0.5;0.24895833333333328;92
0.75;0.24895833333333328;93
1.0;0.2489583333333334;92
1.25;0.2489583333333334;90
1.5;0.2489583333333334;87
1.75;0.2489583333333334;80
2.0;0.2489583333333334;90
2.25;0.2489583333333334;92
2.5;0.2489583333333334;90
2.75;0.2489583333333334;88
3.0;0.2489583333333334;85
3.25;0.2489583333333334;80
