"Start";"Duration";"Pitch"
0.0;0.24895833333333334;81
0.25;0.4989583333333333;79
0.75;0.24895833333333328;67
1.0;0.4989583333333334;79
1.5;0.2489583333333334;81
1.75;0.4989583333333334;79
2.25;0.2489583333333334;67
2.5;0.4989583333333334;79
3.0;0.2489583333333334;88
3.25;0.4989583333333334;88
3.75;0.2489583333333334;86
4.0;0.4989583333333334;84
4.5;0.2489583333333334;81
4.75;0.7489583333333334;79
