"Start";"Duration";"Pitch"
0.25;0.12395833333333334;65
0.375;0.12395833333333334;69
0.5;0.24895833333333328;72
0.75;0.24895833333333328;77
1.0;0.2489583333333334;72
1.25;0.2489583333333334;69
1.5;0.2489583333333334;72
1.75;0.2489583333333334;72
2.0;0.9989583333333334;69
3.0;0.4989583333333334;69
3.5;0.2489583333333334;67
3.75;0.2489583333333334;69
4.0;0.2489583333333334;70
4.25;0.2489583333333334;69
4.5;0.4989583333333334;67
5.0;0.9989583333333334;65
