"Start";"Duration";"Pitch"
0.375;0.3739583333333333;86
0.75;0.3739583333333334;86
1.125;0.3739583333333334;86
1.5;0.030208333333333393;85
1.53125;0.030208333333333393;86
1.5625;0.6864583333333334;88
2.25;0.3739583333333334;86
2.625;0.3739583333333334;85
3.0;0.12395833333333339;83
3.125;0.12395833333333339;85
3.25;0.4989583333333334;86
