"Start";"Duration";"Pitch"
0.0;1.9989583333333334;81
2.0;0.9989583333333334;79
3.0;1.4989583333333334;84
4.5;0.4989583333333334;86
5.0;0.4989583333333334;84
5.5;0.4989583333333334;86
6.0;1.9989583333333334;81
8.0;0.9989583333333325;79
9.0;5.9989583333333325;76
