"Start";"Duration";"Pitch"
0.5;0.9989583333333334;78
2.0;0.4989583333333334;80
2.5;0.4989583333333334;81
3.5;0.9989583333333334;78
4.75;0.2489583333333334;76
5.0;0.2489583333333334;76
5.25;0.2489583333333334;80
5.5;0.4989583333333334;80
6.5;0.9989583333333334;78
8.0;0.4989583333333325;80
8.5;0.4989583333333325;81
9.5;0.2489583333333325;83
9.75;0.2489583333333325;81
10.0;0.4989583333333325;80
10.5;0.4989583333333325;78
11.0;0.4989583333333325;76
11.5;0.4989583333333325;74
