"Start";"Duration";"Pitch"
0.5;0.24895833333333328;76
0.75;0.24895833333333328;78
1.0;0.2489583333333334;80
1.25;0.2489583333333334;81
1.5;0.2489583333333334;83
1.75;0.2489583333333334;85
2.0;0.2489583333333334;78
2.5;1.4989583333333334;78
4.5;0.2489583333333334;77
4.75;0.2489583333333334;78
5.0;0.2489583333333334;80
5.25;0.2489583333333334;81
5.5;0.2489583333333334;83
5.75;0.2489583333333334;85
6.0;1.9989583333333334;76
