"Start";"Duration";"Pitch"
1.0;0.12395833333333339;80
1.125;1.8739583333333334;81
3.0;0.9989583333333334;80
4.0;0.12395833333333339;80
4.125;2.3739583333333334;78
7.0;0.9989583333333334;72
8.0;0.33229166666666643;72
8.333333333333334;0.33229166666666643;72
8.666666666666666;0.33229166666666643;72
9.0;0.9989583333333325;72
