"Start";"Duration";"Pitch"
0.0;0.24895833333333334;88
0.25;0.24895833333333334;83
0.5;0.4989583333333333;84
1.0;0.4989583333333334;81
1.5;0.2489583333333334;83
1.75;0.2489583333333334;80
2.0;0.9989583333333334;76
3.0;0.2489583333333334;78
3.25;0.2489583333333334;80
3.5;0.4989583333333334;81
4.0;0.4989583333333334;83
4.5;0.2489583333333334;84
4.75;0.2489583333333334;89
5.0;0.9989583333333334;88
