"Start";"Duration";"Pitch"
0.0;0.12395833333333334;96
0.125;0.37395833333333334;98
0.5;0.12395833333333328;99
0.625;0.9989583333333334;99
2.0;0.12395833333333339;91
2.125;0.3739583333333334;91
2.5;0.12395833333333339;91
2.625;0.9989583333333334;92
3.625;0.2489583333333334;91
4.0;0.12395833333333339;96
4.125;0.3739583333333334;98
4.5;0.12395833333333339;99
4.625;0.9989583333333334;87
6.0;0.12395833333333339;91
6.125;0.3739583333333334;91
6.5;0.12395833333333339;91
6.625;1.9989583333333325;93
