"Start";"Duration";"Pitch"
0.0;0.7489583333333333;92
0.75;0.12395833333333328;90
0.875;0.12395833333333328;88
1.0;0.2489583333333334;86
1.25;0.08229166666666665;88
1.3333333333333333;0.08229166666666665;86
1.4166666666666667;0.08229166666666665;85
1.5;0.2489583333333334;83
1.75;0.2489583333333334;95
2.0;1.2489583333333334;92
3.25;0.12395833333333339;90
3.375;0.12395833333333339;88
3.5;0.4989583333333334;86
