"Start";"Duration";"Pitch"
0.0;0.030208333333333334;83
0.03125;1.4677083333333334;91
1.5;0.2489583333333334;90
1.75;0.2489583333333334;88
2.0;1.4989583333333334;87
3.5;0.3739583333333334;88
3.875;0.12395833333333339;84
4.0;0.7489583333333334;83
4.75;0.2489583333333334;78
5.0;0.2489583333333334;84
5.25;0.2489583333333334;83
5.5;0.2489583333333334;81
5.75;0.2489583333333334;79
6.0;0.4989583333333334;78
6.5;0.4989583333333334;79
7.0;0.2489583333333334;78
