"Start";"Duration";"Pitch"
0.0;1.4989583333333334;89
1.5;1.4989583333333334;88
3.0;0.2489583333333334;87
3.25;0.2489583333333334;89
3.5;0.4989583333333334;87
4.0;0.4989583333333334;84
4.5;0.4989583333333334;82
5.0;0.9989583333333334;80
