"Start";"Duration";"Pitch"
0.0;0.24895833333333334;78
0.25;0.12395833333333334;87
0.5;0.24895833333333328;86
0.75;0.24895833333333328;86
1.0;0.12395833333333339;86
1.25;0.2489583333333334;85
1.5;0.2489583333333334;86
1.75;0.9989583333333334;85
2.75;0.2489583333333334;87
3.0;0.2489583333333334;88
3.25;0.2489583333333334;90
