"Start";"Duration";"Pitch"
0.0;1.4989583333333334;85
1.5;0.9989583333333334;83
2.5;0.4989583333333334;81
3.0;0.030208333333333393;80
3.03125;0.030208333333333393;81
3.0625;0.4364583333333334;80
3.5;0.2489583333333334;79
3.75;0.2489583333333334;79
4.0;0.2489583333333334;81
4.25;0.2489583333333334;83
4.5;1.4989583333333334;81
