"Start";"Duration";"Pitch"
0.0;0.12395833333333334;85
0.125;0.24895833333333334;85
0.375;0.24895833333333328;85
0.625;0.12395833333333328;85
0.75;0.12395833333333328;84
0.875;0.12395833333333328;87
1.0;0.12395833333333339;82
1.125;0.2489583333333334;82
1.375;0.12395833333333339;82
1.5;0.2489583333333334;80
1.75;0.2489583333333334;82
2.0;0.4989583333333334;85
