"Start";"Duration";"Pitch"
0.0;0.24895833333333334;81
0.25;0.3739583333333333;83
0.625;0.12395833333333328;85
0.75;0.24895833333333328;85
1.0;0.3739583333333334;87
1.375;0.12395833333333339;88
1.5;0.2489583333333334;88
1.75;0.2489583333333334;90
2.0;0.4989583333333334;92
2.5;0.2489583333333334;93
2.75;0.2489583333333334;97
3.0;0.2489583333333334;95
3.25;0.3739583333333334;90
3.625;0.12395833333333339;85
3.75;0.3739583333333334;85
4.125;0.3739583333333334;83
