"Start";"Duration";"Pitch"
0.75;0.24895833333333328;82
1.0;0.2489583333333334;82
1.25;0.2489583333333334;83
1.5;1.4989583333333334;85
3.0;0.2489583333333334;85
3.25;0.2489583333333334;85
3.5;0.2489583333333334;87
3.75;0.2489583333333334;85
4.0;0.2489583333333334;83
4.25;0.4989583333333334;82
