"Start";"Duration";"Pitch"
0.0;0.49895833333333334;69
0.5;0.7489583333333334;77
1.25;0.2489583333333334;76
1.5;0.2489583333333334;75
1.75;0.030208333333333393;86
1.78125;0.2177083333333334;87
2.0;0.030208333333333393;84
2.03125;0.2177083333333334;85
2.25;0.030208333333333393;86
2.28125;0.2177083333333334;87
2.75;0.030208333333333393;86
2.78125;0.2177083333333334;87
3.0;0.030208333333333393;84
3.03125;0.2177083333333334;85
3.25;0.030208333333333393;86
3.28125;0.2177083333333334;87
