"Start";"Duration";"Pitch"
0.0;0.24895833333333334;76
0.25;0.24895833333333334;74
0.5;0.24895833333333328;73
0.75;0.24895833333333328;76
1.0;0.2489583333333334;78
1.25;0.2489583333333334;76
1.5;0.4989583333333334;81
2.0;0.4989583333333334;76
2.5;0.4989583333333334;73
3.0;0.4989583333333334;78
3.5;0.4989583333333334;76
4.0;0.4989583333333334;73
4.5;0.4989583333333334;74
5.0;0.4989583333333334;73
5.5;0.4989583333333334;69
