"Start";"Duration";"Pitch"
0.0;0.37395833333333334;66
0.375;0.3739583333333333;67
0.75;0.24895833333333328;69
1.0;0.2489583333333334;71
1.25;0.08229166666666665;71
1.3333333333333333;0.08229166666666665;69
1.4166666666666667;0.08229166666666665;67
1.5;0.3739583333333334;66
1.875;0.3739583333333334;67
2.25;0.2489583333333334;69
2.5;0.2489583333333334;71
2.75;0.08229166666666643;71
2.8333333333333335;0.08229166666666643;69
2.9166666666666665;0.08229166666666687;67
3.0;0.2489583333333334;66
