"Start";"Duration";"Pitch"
0.0;0.49895833333333334;78
0.5;0.4989583333333333;85
1.0;1.4989583333333334;83
2.5;0.2489583333333334;81
2.75;0.2489583333333334;80
3.0;0.4989583333333334;78
3.5;0.2489583333333334;76
3.75;0.2489583333333334;74
4.0;0.4989583333333334;73
4.5;0.2489583333333334;74
4.75;0.2489583333333334;76
5.0;0.4989583333333334;78
5.5;0.4989583333333334;81
6.0;1.9989583333333334;80
