"Start";"Duration";"Pitch"
0.25;0.24895833333333334;85
0.5;0.4989583333333333;83
1.0;0.4989583333333334;81
1.5;0.3739583333333334;80
1.875;0.12395833333333339;76
2.0;0.4989583333333334;73
2.5;0.4989583333333334;74
3.0;0.3739583333333334;76
3.375;0.12395833333333339;78
3.5;0.4989583333333334;80
4.0;0.030208333333333393;83
4.03125;0.4677083333333334;81
4.5;0.3739583333333334;80
4.875;0.12395833333333339;76
5.0;0.4989583333333334;73
5.5;0.4989583333333334;74
6.0;0.3739583333333334;76
