"Start";"Duration";"Pitch"
0.0;0.49895833333333334;71
0.5;0.7489583333333334;80
1.25;0.2489583333333334;81
1.5;0.2489583333333334;83
1.75;0.2489583333333334;87
2.0;0.2489583333333334;88
2.25;0.2489583333333334;85
2.5;0.9989583333333334;83
3.5;0.7489583333333334;78
4.25;0.2489583333333334;80
4.5;0.9989583333333334;76
5.5;0.2489583333333334;78
5.75;0.2489583333333334;80
6.0;0.2489583333333334;81
6.25;0.2489583333333334;83
6.5;0.9989583333333334;85
