"Start";"Duration";"Pitch"
0.0;0.49895833333333334;80
0.5;1.4989583333333334;88
2.0;1.4989583333333334;87
3.75;0.2489583333333334;80
4.0;0.030208333333333393;83
4.03125;0.2177083333333334;81
4.375;0.12395833333333339;80
4.5;0.4989583333333334;87
5.25;0.2489583333333334;80
5.5;0.030208333333333393;83
5.53125;0.2177083333333334;81
5.875;0.12395833333333339;80
6.0;0.4989583333333334;85
