"Start";"Duration";"Pitch"
0.0;0.7489583333333333;85
0.75;0.24895833333333328;81
1.0;0.2489583333333334;85
1.25;0.2489583333333334;81
1.5;0.3739583333333334;81
1.875;0.12395833333333339;82
2.0;0.4989583333333334;82
2.5;0.4989583333333334;82
3.0;0.7489583333333334;89
3.75;0.2489583333333334;84
4.0;0.2489583333333334;89
4.25;0.2489583333333334;84
4.5;0.3739583333333334;84
4.875;0.12395833333333339;85
5.0;0.4989583333333334;85
5.5;0.4989583333333334;85
