"Start";"Duration";"Pitch"
0.0;0.6239583333333333;95
0.625;0.06145833333333328;94
0.6875;0.06145833333333328;95
0.75;0.6239583333333334;92
1.375;0.06145833333333339;91
1.4375;0.06145833333333339;92
1.5;0.6239583333333334;89
2.125;0.06145833333333339;88
2.1875;0.06145833333333339;89
2.25;0.6239583333333334;86
