"Start";"Duration";"Pitch"
0.0;1.4989583333333334;80
1.5;0.4989583333333334;83
2.0;0.2489583333333334;85
2.25;1.4989583333333334;80
3.75;0.4989583333333334;83
4.25;0.2489583333333334;80
4.5;0.4989583333333334;85
5.0;0.2489583333333334;87
5.25;0.7489583333333334;89
6.0;0.4989583333333334;85
6.5;0.2489583333333334;89
6.75;0.2489583333333334;91
7.0;0.2489583333333334;89
7.25;0.2489583333333334;85
7.5;0.7489583333333325;85
