"Start";"Duration";"Pitch"
0.0;0.9989583333333333;86
1.0;0.2489583333333334;84
1.25;0.2489583333333334;82
1.5;0.030208333333333393;81
1.53125;0.030208333333333393;82
1.5625;0.030208333333333393;84
1.59375;0.1552083333333334;82
1.75;0.2489583333333334;81
2.75;0.2489583333333334;82
3.0;0.1656249999999999;82
3.1666666666666665;0.1656249999999999;81
3.3333333333333335;0.1656249999999999;79
3.5;0.9989583333333334;78
