"Start";"Duration";"Pitch"
0.0;0.6239583333333333;73
0.625;0.12395833333333328;75
0.75;0.12395833333333328;73
0.875;0.12395833333333328;72
1.0;0.12395833333333339;73
1.125;0.12395833333333339;75
1.25;0.12395833333333339;76
1.375;0.12395833333333339;78
1.5;0.4989583333333334;80
2.0;0.4989583333333334;80
2.5;0.4989583333333334;80
3.0;0.9989583333333334;79
4.0;0.4989583333333334;79
4.5;1.4989583333333334;75
