"Start";"Duration";"Pitch"
0.0;0.49895833333333334;64
0.5;0.9989583333333334;72
1.5;0.4989583333333334;69
2.0;0.9989583333333334;65
3.0;0.4989583333333334;62
3.5;0.4989583333333334;59
4.0;0.2489583333333334;59
4.25;0.2489583333333334;60
4.5;0.2489583333333334;62
4.75;0.2489583333333334;64
5.0;0.4989583333333334;60
5.5;0.4989583333333334;57
