"Start";"Duration";"Pitch"
0.0;0.49895833333333334;65
0.5;0.7489583333333334;65
1.25;0.2489583333333334;69
1.5;0.2489583333333334;70
1.75;0.2489583333333334;72
2.0;0.2489583333333334;73
2.25;0.2489583333333334;77
2.5;0.4989583333333334;75
3.0;0.4989583333333334;66
4.0;0.4989583333333334;66
4.5;0.7489583333333334;70
5.25;0.2489583333333334;69
5.5;0.2489583333333334;70
5.75;0.2489583333333334;72
6.0;0.2489583333333334;73
6.25;0.2489583333333334;77
6.5;1.2489583333333334;75
