"Start";"Duration";"Pitch"
0.0;0.49895833333333334;72
0.5;0.4989583333333333;71
1.0;0.4989583333333334;72
1.5;0.4989583333333334;76
2.0;0.9989583333333334;67
3.0;0.4989583333333334;72
3.5;0.9989583333333334;62
4.5;0.4989583333333334;69
5.0;0.7489583333333334;55
5.75;0.2489583333333334;69
6.0;0.2489583333333334;67
6.25;0.2489583333333334;65
6.5;0.4989583333333334;65
7.0;0.4989583333333334;64
7.5;0.4989583333333334;72
8.0;0.4989583333333325;71
8.5;0.4989583333333325;72
9.0;0.4989583333333325;76
