"Start";"Duration";"Pitch"
0.0;0.49895833333333334;69
0.5;0.4989583333333333;74
1.0;0.9989583333333334;76
2.0;0.4989583333333334;78
2.5;0.4989583333333334;79
3.0;0.9989583333333334;76
4.0;0.9989583333333334;73
5.0;0.9989583333333334;69
6.0;0.2489583333333334;68
6.25;0.2489583333333334;64
6.5;0.4989583333333334;69
7.0;0.9989583333333334;69
8.0;0.2489583333333325;68
8.25;0.2489583333333325;64
8.5;0.4989583333333325;69
9.0;0.2489583333333325;68
9.25;0.2489583333333325;64
9.5;0.4989583333333325;69
