"Start";"Duration";"Pitch"
0.0;0.49895833333333334;62
0.5;0.4989583333333333;59
1.0;0.4989583333333334;55
1.5;0.4989583333333334;60
2.0;0.4989583333333334;57
2.5;0.4989583333333334;54
3.0;0.2489583333333334;57
3.25;0.2489583333333334;54
3.5;0.4989583333333334;50
4.0;0.2489583333333334;52
4.25;0.2489583333333334;54
4.5;0.4989583333333334;55
5.0;0.4989583333333334;52
5.5;0.4989583333333334;47
6.0;0.4989583333333334;49
6.5;0.9989583333333334;50
7.5;0.4989583333333334;62
