"Start";"Duration";"Pitch"
0.0;0.49895833333333334;72
0.5;0.4989583333333333;69
1.0;0.4989583333333334;74
1.5;0.4989583333333334;72
2.0;0.4989583333333334;77
2.5;0.4989583333333334;76
3.0;0.4989583333333334;81
3.5;0.4989583333333334;79
4.0;0.4989583333333334;70
4.5;0.4989583333333334;69
5.0;0.4989583333333334;77
5.5;0.4989583333333334;79
6.0;0.2489583333333334;77
6.25;0.2489583333333334;76
6.5;0.4989583333333334;77
7.0;0.4989583333333334;72
7.5;0.4989583333333334;65
