"Start";"Duration";"Pitch"
0.0;0.7489583333333333;70
0.75;0.24895833333333328;75
1.0;0.7489583333333334;72
1.75;0.2489583333333334;75
2.0;0.2489583333333334;74
2.25;0.2489583333333334;77
2.5;0.2489583333333334;70
2.75;0.2489583333333334;74
3.0;0.4989583333333334;75
3.75;0.2489583333333334;75
4.0;0.2489583333333334;74
4.25;0.2489583333333334;77
4.5;0.2489583333333334;70
4.75;0.2489583333333334;74
5.0;0.4989583333333334;75
