"Start";"Duration";"Pitch"
0.0;0.24895833333333334;67
0.25;0.24895833333333334;66
0.5;0.24895833333333328;72
0.75;0.24895833333333328;71
1.0;0.2489583333333334;69
1.25;0.2489583333333334;67
1.5;0.2489583333333334;71
1.75;0.2489583333333334;74
2.0;0.2489583333333334;79
2.25;0.2489583333333334;78
2.5;0.2489583333333334;84
2.75;0.2489583333333334;83
3.0;0.2489583333333334;81
3.25;0.2489583333333334;79
3.5;0.12395833333333339;83
3.625;0.12395833333333339;86
3.75;0.12395833333333339;91
