"Start";"Duration";"Pitch"
0.0;0.49895833333333334;62
0.5;0.4989583333333333;62
1.0;0.4989583333333334;62
1.5;1.4989583333333334;62
3.0;1.4989583333333334;67
4.5;0.4989583333333334;66
5.0;0.4989583333333334;71
5.5;0.4989583333333334;69
6.0;0.9989583333333334;74
7.0;0.030208333333333393;73
7.03125;0.2177083333333334;71
7.25;0.12395833333333339;69
7.375;0.12395833333333339;71
7.5;0.4989583333333334;69
