"Start";"Duration";"Pitch"
0.0;0.24895833333333334;60
0.25;0.24895833333333334;60
0.5;0.24895833333333328;57
0.75;0.24895833333333328;58
1.0;0.4989583333333334;60
1.5;0.2489583333333334;60
1.75;0.7489583333333334;60
2.5;0.2489583333333334;57
3.0;0.2489583333333334;60
3.25;0.2489583333333334;60
3.5;0.2489583333333334;57
3.75;0.2489583333333334;60
4.0;0.2489583333333334;60
4.25;0.2489583333333334;58
4.5;0.2489583333333334;57
4.75;0.7489583333333334;57
5.5;0.2489583333333334;58
