"Start";"Duration";"Pitch"
0.0;0.24895833333333334;61
0.25;0.030208333333333337;63
0.28125;0.030208333333333337;61
0.3125;0.06145833333333334;60
0.375;0.06145833333333334;61
0.4375;0.06145833333333334;63
0.5;0.24895833333333328;64
0.75;0.24895833333333328;63
1.0;0.2489583333333334;61
1.25;0.2489583333333334;56
1.5;0.2489583333333334;61
1.75;0.2489583333333334;64
2.0;0.2489583333333334;61
2.25;0.2489583333333334;68
2.5;0.2489583333333334;68
2.75;0.2489583333333334;68
3.0;0.4989583333333334;68
