"Start";"Duration";"Pitch"
0.0;0.24895833333333334;67
0.25;0.24895833333333334;70
0.5;0.24895833333333328;75
0.75;0.24895833333333328;70
1.0;0.2489583333333334;79
1.25;0.2489583333333334;77
1.5;0.2489583333333334;75
1.75;0.2489583333333334;74
2.0;0.2489583333333334;72
2.25;0.2489583333333334;70
2.5;0.2489583333333334;68
2.75;0.2489583333333334;67
3.0;0.2489583333333334;65
3.25;0.2489583333333334;63
3.5;0.9989583333333334;62
4.5;0.4989583333333334;65
5.0;0.4989583333333334;68
