"Start";"Duration";"Pitch"
0.0;0.49895833333333334;60
0.5;0.4989583333333333;63
1.0;0.2489583333333334;59
1.25;0.2489583333333334;67
1.75;0.2489583333333334;71
2.0;0.3739583333333334;72
2.375;0.12395833333333339;70
2.5;0.3739583333333334;68
2.875;0.06145833333333339;67
2.9375;0.06145833333333339;68
3.0;0.2489583333333334;70
3.25;0.2489583333333334;58
