"Start";"Duration";"Pitch"
0.0;0.24895833333333334;72
0.25;0.24895833333333334;72
0.5;0.24895833333333328;79
0.75;0.24895833333333328;77
1.0;0.2489583333333334;76
1.25;0.2489583333333334;81
1.5;0.2489583333333334;79
1.75;0.7489583333333334;77
2.5;0.4989583333333334;76
3.0;0.2489583333333334;79
3.25;0.2489583333333334;69
3.5;0.2489583333333334;77
3.75;0.2489583333333334;76
4.0;0.2489583333333334;74
4.25;0.2489583333333334;72
4.5;0.2489583333333334;71
4.75;0.4989583333333334;72
