"Start";"Duration";"Pitch"
0.0;0.24895833333333334;78
0.25;0.24895833333333334;80
0.5;0.24895833333333328;82
0.75;0.24895833333333328;85
1.0;0.2489583333333334;87
1.25;0.2489583333333334;90
1.5;0.2489583333333334;92
1.75;0.2489583333333334;94
2.0;0.2489583333333334;98
2.5;0.12395833333333339;89
2.625;0.12395833333333339;86
2.75;0.12395833333333339;82
2.875;0.12395833333333339;77
3.0;0.2489583333333334;74
