"Start";"Duration";"Pitch"
0.75;0.24895833333333328;37
1.0;0.2489583333333334;39
1.25;0.2489583333333334;40
1.5;0.2489583333333334;42
1.75;0.2489583333333334;44
2.0;0.4989583333333334;40
2.5;0.2489583333333334;37
2.75;0.2489583333333334;39
3.0;0.2489583333333334;40
3.25;0.12395833333333339;42
3.375;0.12395833333333339;44
3.5;0.2489583333333334;45
3.75;0.2489583333333334;47
4.0;0.4989583333333334;44
