"Start";"Duration";"Pitch"
0.0;1.4989583333333334;64
1.5;0.4989583333333334;64
2.0;0.2489583333333334;62
2.25;1.665625;67
3.9166666666666665;0.1656249999999999;64
4.083333333333333;0.16562500000000036;62
4.25;0.7489583333333334;60
5.0;0.7489583333333334;57
5.75;0.4989583333333334;60
6.25;0.2489583333333334;62
6.5;1.7489583333333325;64
