"Start";"Duration";"Pitch"
0.0;0.24895833333333334;71
0.25;0.24895833333333334;71
0.5;0.24895833333333328;71
0.75;0.12395833333333328;72
0.875;0.12395833333333328;71
1.0;0.12395833333333339;69
1.125;0.12395833333333339;71
1.25;0.12395833333333339;72
1.5;0.2489583333333334;74
1.75;0.2489583333333334;76
2.0;0.2489583333333334;78
2.25;0.2489583333333334;81
2.5;0.12395833333333339;79
2.625;0.12395833333333339;78
2.75;0.2489583333333334;76
