"Start";"Duration";"Pitch"
0.0;0.24895833333333334;69
0.25;0.24895833333333334;71
0.5;0.7489583333333334;73
1.25;0.7489583333333334;73
2.0;1.2489583333333334;73
3.25;0.2489583333333334;73
3.5;0.2489583333333334;73
3.75;0.2489583333333334;81
4.0;0.2489583333333334;80
4.25;0.2489583333333334;78
4.5;0.2489583333333334;76
4.75;0.2489583333333334;74
5.0;0.4989583333333334;73
5.75;0.7489583333333334;66
