"Start";"Duration";"Pitch"
0.0;0.49895833333333334;75
0.5;0.4989583333333333;70
1.0;1.2489583333333334;68
2.25;0.2489583333333334;65
2.5;0.2489583333333334;70
2.75;0.2489583333333334;68
3.0;0.7489583333333334;66
3.75;0.12395833333333339;63
3.875;0.12395833333333339;65
4.0;0.2489583333333334;66
4.25;0.12395833333333339;63
4.375;0.12395833333333339;65
4.5;0.2489583333333334;66
4.75;0.2489583333333334;63
5.0;0.9989583333333334;68
