"Start";"Duration";"Pitch"
0.0;0.7489583333333333;72
0.75;0.24895833333333328;73
1.0;0.7489583333333334;73
1.75;0.2489583333333334;72
2.0;0.2489583333333334;71
2.25;0.2489583333333334;72
2.5;0.4989583333333334;68
3.0;0.4989583333333334;65
4.0;0.2489583333333334;71
4.25;0.2489583333333334;72
4.5;0.7489583333333334;73
5.25;0.2489583333333334;72
5.5;0.2489583333333334;70
5.75;0.2489583333333334;69
6.0;0.4989583333333334;72
6.5;0.4989583333333334;70
