"Start";"Duration";"Pitch"
0.0;0.9989583333333333;76
1.0;0.9989583333333334;73
2.0;0.9989583333333334;71
3.0;0.9989583333333334;69
4.0;0.4989583333333334;71
4.5;0.4989583333333334;73
5.0;0.4989583333333334;74
5.5;0.4989583333333334;71
6.0;0.9989583333333334;68
7.0;0.9989583333333334;69
8.0;0.4989583333333325;66
8.5;0.4989583333333325;69
9.0;0.4989583333333325;64
9.5;0.4989583333333325;69
10.0;0.9989583333333325;64
