"Start";"Duration";"Pitch"
0.0;0.24895833333333334;48
0.75;0.6239583333333334;60
1.375;0.12395833333333339;59
1.5;0.2489583333333334;64
1.75;0.2489583333333334;60
2.0;0.2489583333333334;59
2.25;0.2489583333333334;57
2.5;0.2489583333333334;55
2.75;0.2489583333333334;57
3.0;1.3739583333333334;53
4.375;0.12395833333333339;53
4.5;0.2489583333333334;53
