"Start";"Duration";"Pitch"
0.0;0.49895833333333334;65
0.5;0.4989583333333333;70
1.0;0.4989583333333334;69
1.5;0.4989583333333334;70
2.0;0.4989583333333334;72
3.0;0.4989583333333334;65
3.5;0.4989583333333334;72
4.0;0.4989583333333334;70
4.5;0.4989583333333334;72
5.0;0.4989583333333334;74
6.5;1.4989583333333334;76
8.0;1.4989583333333325;86
9.5;0.4989583333333325;84
10.0;0.4989583333333325;77
10.5;0.4989583333333325;76
11.0;0.4989583333333325;77
