"Start";"Duration";"Pitch"
0.0;0.37395833333333334;78
0.375;0.06145833333333334;79
0.4375;0.06145833333333334;78
0.5;0.4989583333333333;83
1.0;0.4989583333333334;86
1.5;0.3739583333333334;85
1.875;0.12395833333333339;77
2.0;0.030208333333333393;77
2.03125;0.9677083333333334;78
3.0;0.3739583333333334;76
3.375;0.06145833333333339;78
3.4375;0.06145833333333339;76
3.5;0.4989583333333334;85
4.0;0.4989583333333334;76
4.5;0.3739583333333334;74
