"Start";"Duration";"Pitch"
0.0;0.49895833333333334;65
0.5;0.3739583333333333;74
0.875;0.12395833333333328;72
1.0;0.12395833333333339;72
1.125;0.2489583333333334;70
1.375;0.12395833333333339;70
1.5;0.12395833333333339;70
1.625;0.2489583333333334;69
1.875;0.12395833333333339;70
2.0;0.4989583333333334;72
2.5;0.4989583333333334;67
3.0;0.9989583333333334;72
