"Start";"Duration";"Pitch"
0.0;0.030208333333333334;62
0.03125;0.03020833333333333;70
0.0625;0.43645833333333334;82
0.5;0.4989583333333333;70
1.0;0.2489583333333334;70
1.25;0.2489583333333334;70
1.5;0.2489583333333334;70
1.75;0.06145833333333339;69
1.8125;0.06145833333333339;72
2.0;0.06145833333333339;70
2.0625;0.06145833333333339;74
2.25;0.06145833333333339;72
2.3125;0.06145833333333339;75
