"Start";"Duration";"Pitch"
0.0;0.030208333333333334;72
0.03125;0.46770833333333334;70
0.5;0.24895833333333328;69
0.75;0.24895833333333328;70
1.0;0.030208333333333393;74
1.03125;0.4677083333333334;72
1.5;0.2489583333333334;70
1.75;0.2489583333333334;72
2.0;0.030208333333333393;75
2.03125;0.4677083333333334;74
2.5;0.2489583333333334;72
2.75;0.2489583333333334;74
3.0;0.030208333333333393;77
3.03125;0.4677083333333334;75
3.5;0.2489583333333334;74
3.75;0.2489583333333334;72
