"Start";"Duration";"Pitch"
0.0;0.9989583333333333;63
1.0;0.9989583333333334;67
2.0;0.2489583333333334;70
2.25;0.2489583333333334;70
2.5;0.2489583333333334;70
2.75;0.2489583333333334;70
3.0;0.2489583333333334;70
3.25;0.2489583333333334;70
3.5;0.2489583333333334;70
3.75;0.2489583333333334;70
4.0;0.4989583333333334;67
4.5;0.4989583333333334;63
