"Start";"Duration";"Pitch"
0.25;0.4989583333333333;68
0.75;0.4989583333333334;71
1.25;0.4989583333333334;69
1.75;0.2489583333333334;68
2.0;0.2489583333333334;66
2.25;0.3739583333333334;68
2.625;0.12395833333333339;69
2.75;0.4989583333333334;68
3.25;0.4989583333333334;69
3.75;0.2489583333333334;68
4.0;0.2489583333333334;69
4.25;0.4989583333333334;71
4.75;0.4989583333333334;71
5.25;0.2489583333333334;71
5.5;0.3739583333333334;69
5.875;0.12395833333333339;68
6.0;0.4989583333333334;66
