"Start";"Duration";"Pitch"
0.0;0.9989583333333333;74
1.0;0.2489583333333334;62
1.25;0.2489583333333334;66
1.5;0.2489583333333334;69
1.75;0.2489583333333334;74
2.0;0.2489583333333334;78
2.25;0.4989583333333334;81
2.75;0.4989583333333334;86
3.25;0.4989583333333334;86
3.75;0.4989583333333334;85
5.25;0.030208333333333393;71
5.28125;1.9677083333333334;83
7.25;0.12395833333333339;81
7.375;0.3739583333333334;79
7.75;0.12395833333333339;78
7.875;0.3739583333333325;76
