"Start";"Duration";"Pitch"
0.0;0.49895833333333334;74
0.5;0.4989583333333333;79
1.0;0.4989583333333334;81
1.5;0.4989583333333334;83
2.0;0.9989583333333334;84
3.0;0.4989583333333334;81
3.5;0.4989583333333334;83
4.0;0.4989583333333334;79
4.5;0.4989583333333334;81
5.0;0.030208333333333393;79
5.03125;0.4677083333333334;78
5.5;0.2489583333333334;76
5.75;0.2489583333333334;74
6.0;0.2489583333333334;76
6.25;0.2489583333333334;78
6.5;0.4989583333333334;79
