"Start";"Duration";"Pitch"
0.0;0.9989583333333333;72
1.0;0.7489583333333334;76
1.75;0.2489583333333334;67
2.0;0.7489583333333334;72
2.75;0.2489583333333334;64
3.0;0.2489583333333334;67
3.25;0.2489583333333334;60
3.5;0.2489583333333334;64
3.75;0.2489583333333334;55
4.0;0.12395833333333339;60
