"Start";"Duration";"Pitch"
0.0;1.9989583333333334;74
2.0;1.8739583333333334;86
3.875;0.12395833333333339;74
4.0;0.4989583333333334;73
4.5;0.4989583333333334;85
5.875;0.12395833333333339;73
6.0;0.4989583333333334;71
6.5;0.3739583333333334;71
6.875;0.12395833333333339;71
7.0;0.7489583333333334;71
7.75;0.12395833333333339;69
7.875;0.12395833333333339;71
8.0;0.4989583333333325;69
8.5;0.4989583333333325;81
