"Start";"Duration";"Pitch"
0.0;0.9989583333333333;64
1.0;0.9989583333333334;64
2.0;0.4989583333333334;64
2.5;0.9989583333333334;64
3.5;0.4989583333333334;69
4.0;0.4989583333333334;67
4.5;0.2489583333333334;66
4.75;0.2489583333333334;67
5.0;0.4989583333333334;64
5.5;0.4989583333333334;62
6.0;0.4989583333333334;66
6.5;1.4989583333333334;64
8.0;0.4989583333333325;64
8.5;0.4989583333333325;66
9.0;0.9989583333333325;62
10.0;1.9989583333333325;61
