"Start";"Duration";"Pitch"
0.0;0.7489583333333333;95
0.75;0.7489583333333334;94
1.5;0.7489583333333334;95
2.25;2.7489583333333334;85
5.5;0.4989583333333334;84
6.0;0.4989583333333334;85
6.5;0.4989583333333334;88
7.0;0.4989583333333334;91
7.5;0.9989583333333325;95
8.5;2.4989583333333325;86
11.0;0.4989583333333325;98
11.5;0.4989583333333325;97
12.0;0.4989583333333325;98
12.5;0.4989583333333325;95
13.0;0.4989583333333325;90
13.5;1.4989583333333325;97
