"Start";"Duration";"Pitch"
0.0;0.24895833333333334;81
0.25;0.24895833333333334;83
0.5;0.4989583333333333;85
1.0;0.2489583333333334;81
1.25;0.2489583333333334;83
1.5;0.2489583333333334;85
1.75;0.2489583333333334;83
2.0;0.2489583333333334;81
2.25;0.2489583333333334;80
2.5;0.2489583333333334;78
2.75;0.2489583333333334;80
3.0;0.2489583333333334;81
3.25;0.2489583333333334;83
3.5;0.2489583333333334;80
3.75;0.2489583333333334;76
