"Start";"Duration";"Pitch"
0.0;0.49895833333333334;67
0.5;0.24895833333333328;71
0.75;0.4989583333333334;69
1.25;0.2489583333333334;67
1.5;1.2489583333333334;72
2.75;0.4989583333333334;71
3.25;0.2489583333333334;68
3.5;0.2489583333333334;69
3.75;0.12395833333333339;61
3.875;0.12395833333333339;62
4.0;0.12395833333333339;63
4.125;0.12395833333333339;64
4.25;0.12395833333333339;65
4.375;0.12395833333333339;66
4.5;0.12395833333333339;67
