"Start";"Duration";"Pitch"
1.5;0.9989583333333334;81
2.5;0.4989583333333334;78
3.5;0.9989583333333334;74
4.5;0.4989583333333334;73
5.5;0.9989583333333334;81
6.5;0.4989583333333334;79
7.5;0.9989583333333325;76
8.5;0.4989583333333325;74
9.5;0.9989583333333325;86
10.5;0.4989583333333325;81
11.5;0.4989583333333325;78
