"Start";"Duration";"Pitch"
0.0;0.9989583333333333;81
1.0;0.9989583333333334;88
2.0;0.9989583333333334;87
3.0;0.2489583333333334;88
3.5;0.3739583333333334;84
3.875;0.12395833333333339;83
4.0;0.9989583333333334;81
5.0;0.9989583333333334;76
6.0;0.9989583333333334;72
7.0;0.2489583333333334;69
