"Start";"Duration";"Pitch"
0.0;0.49895833333333334;78
0.5;0.03020833333333328;83
0.53125;0.03020833333333328;81
0.5625;0.18645833333333328;79
0.875;0.12395833333333328;78
1.0;0.4989583333333334;79
1.5;0.4989583333333334;83
2.0;0.9989583333333334;81
3.0;0.4989583333333334;86
3.5;0.2489583333333334;85
3.875;0.12395833333333339;83
4.0;0.4989583333333334;81
4.5;0.4989583333333334;91
5.0;0.2489583333333334;90
5.375;0.12395833333333339;88
5.5;0.4989583333333334;86
