"Start";"Duration";"Pitch"
0.0;0.49895833333333334;86
0.5;0.4989583333333333;84
1.0;0.4989583333333334;82
1.5;0.4989583333333334;81
2.0;0.030208333333333393;84
2.03125;0.4677083333333334;82
2.5;0.4989583333333334;81
3.0;1.4989583333333334;79
4.5;0.4989583333333334;81
5.0;0.4989583333333334;82
5.5;0.4989583333333334;83
6.0;0.4989583333333334;84
