"Start";"Duration";"Pitch"
0.0;0.49895833333333334;90
0.5;0.9989583333333334;90
1.5;0.4989583333333334;88
2.0;0.9989583333333334;88
3.0;0.4989583333333334;86
3.5;0.9989583333333334;86
4.5;0.4989583333333334;81
5.0;0.9989583333333334;81
6.5;1.4989583333333334;85
8.0;1.4989583333333325;88
9.5;0.4989583333333325;85
10.0;0.4989583333333325;86
10.5;0.4989583333333325;88
11.0;0.4989583333333325;90
