"Start";"Duration";"Pitch"
0.5;0.4989583333333333;79
1.0;0.4989583333333334;78
1.5;0.4989583333333334;77
2.0;0.030208333333333393;81
2.03125;0.7177083333333334;93
2.75;0.2489583333333334;91
3.0;0.2489583333333334;89
3.25;0.2489583333333334;88
3.5;0.2489583333333334;87
3.75;0.2489583333333334;84
4.0;0.2489583333333334;79
4.25;0.2489583333333334;81
4.5;0.2489583333333334;84
4.75;0.2489583333333334;82
