"Start";"Duration";"Pitch"
0.0;0.24895833333333334;64
0.25;0.24895833333333334;63
0.5;0.24895833333333328;61
0.75;0.24895833333333328;59
1.0;0.2489583333333334;57
1.25;0.2489583333333334;54
1.5;0.2489583333333334;52
