"Start";"Duration";"Pitch"
0.5;0.4989583333333333;90
1.0;0.4989583333333334;93
1.5;0.4989583333333334;91
2.0;0.4989583333333334;90
2.5;0.4989583333333334;85
3.0;0.4989583333333334;83
3.5;0.4989583333333334;85
4.0;0.4989583333333334;86
4.5;1.4989583333333334;81
6.0;2.9989583333333325;78
