"Start";"Duration";"Pitch"
0.0;0.49895833333333334;86
0.5;0.4989583333333333;91
1.0;0.6239583333333334;87
1.625;0.12395833333333339;86
1.75;0.12395833333333339;84
1.875;0.12395833333333339;82
2.0;0.4989583333333334;81
2.5;0.4989583333333334;86
3.0;0.12395833333333339;84
3.125;0.12395833333333339;82
3.25;0.12395833333333339;81
3.375;0.12395833333333339;82
3.5;0.4989583333333334;79
