"Start";"Duration";"Pitch"
0.0;0.12395833333333334;87
0.125;0.12395833333333334;88
0.25;0.4989583333333333;90
0.75;0.12395833333333328;85
0.875;0.12395833333333328;87
1.0;0.4989583333333334;88
1.5;0.12395833333333339;83
1.625;0.12395833333333339;85
1.75;0.4989583333333334;87
2.25;0.2489583333333334;85
2.5;0.4989583333333334;83
3.0;0.2489583333333334;82
3.25;0.2489583333333334;80
3.5;0.2489583333333334;85
3.75;0.2489583333333334;82
4.0;0.4989583333333334;83
