"Start";"Duration";"Pitch"
0.5;0.24895833333333328;84
0.75;0.24895833333333328;87
1.0;0.4989583333333334;86
1.5;0.4989583333333334;84
2.0;0.030208333333333393;84
2.03125;0.9677083333333334;83
3.0;0.030208333333333393;84
3.03125;0.9677083333333334;83
4.5;0.2489583333333334;84
4.75;0.2489583333333334;87
5.0;0.4989583333333334;86
5.5;0.4989583333333334;84
6.0;0.030208333333333393;88
6.03125;0.9677083333333334;89
7.0;0.030208333333333393;88
7.03125;0.9677083333333334;89
