"Start";"Duration";"Pitch"
0.0;0.37395833333333334;71
0.375;0.12395833333333334;75
0.5;1.4989583333333334;78
2.0;0.3739583333333334;83
2.375;0.12395833333333339;78
2.5;0.4989583333333334;78
3.0;0.3739583333333334;87
3.375;0.12395833333333339;78
3.5;0.4989583333333334;78
4.0;0.3739583333333334;90
4.375;0.12395833333333339;72
4.5;1.4989583333333334;72
