"Start";"Duration";"Pitch"
0.0;1.4989583333333334;87
1.5;0.9989583333333334;82
2.5;0.4989583333333334;79
3.0;0.4989583333333334;80
3.5;0.4989583333333334;84
4.0;0.2489583333333334;82
4.25;0.2489583333333334;79
4.5;0.4989583333333334;75
6.0;0.4989583333333334;75
6.5;0.4989583333333334;79
7.0;0.2489583333333334;75
7.25;0.2489583333333334;72
7.5;0.4989583333333334;79
8.0;0.4989583333333325;79
