"Start";"Duration";"Pitch"
0.0;0.24895833333333334;69
0.25;0.4989583333333333;74
0.75;0.24895833333333328;74
1.0;0.4989583333333334;74
1.5;0.2489583333333334;76
1.75;0.4989583333333334;77
2.25;0.2489583333333334;77
2.5;0.4989583333333334;77
3.0;0.2489583333333334;79
3.25;0.4989583333333334;81
3.75;0.2489583333333334;81
4.0;0.4989583333333334;86
4.5;0.2489583333333334;81
4.75;0.4989583333333334;81
5.25;0.2489583333333334;81
5.5;0.4989583333333334;86
6.0;0.2489583333333334;81
