"Start";"Duration";"Pitch"
0.0;0.49895833333333334;92
0.5;0.24895833333333328;91
0.75;0.24895833333333328;89
1.0;0.4989583333333334;89
1.5;0.2489583333333334;84
1.75;0.2489583333333334;84
2.0;0.4989583333333334;89
2.5;0.2489583333333334;85
2.75;0.2489583333333334;85
3.0;0.4989583333333334;89
3.5;0.2489583333333334;84
3.75;0.2489583333333334;84
