"Start";"Duration";"Pitch"
0.0;0.9989583333333333;76
1.0;0.9989583333333334;75
2.0;0.9989583333333334;76
3.0;0.9989583333333334;81
4.0;0.030208333333333393;83
4.03125;0.030208333333333393;85
4.0625;0.9364583333333334;86
5.0;0.4989583333333334;85
5.5;0.4989583333333334;83
6.0;0.9989583333333334;83
7.0;0.4989583333333334;85
