"Start";"Duration";"Pitch"
0.0;0.49895833333333334;94
0.5;0.4989583333333333;93
1.0;0.4989583333333334;94
1.5;0.4989583333333334;91
2.0;0.2489583333333334;93
2.25;0.2489583333333334;94
2.5;0.2489583333333334;96
2.75;0.2489583333333334;98
3.0;0.4989583333333334;94
3.5;0.2489583333333334;96
3.75;0.2489583333333334;94
4.0;0.2489583333333334;93
4.25;0.2489583333333334;91
4.5;0.4989583333333334;89
5.0;0.4989583333333334;89
5.5;0.4989583333333334;89
