"Start";"Duration";"Pitch"
0.0;0.24895833333333334;82
0.25;0.24895833333333334;81
0.5;0.24895833333333328;82
0.75;0.24895833333333328;91
1.5;0.2489583333333334;89
2.25;0.7489583333333334;87
3.0;0.030208333333333393;84
3.03125;0.2177083333333334;82
3.25;0.2489583333333334;80
3.5;0.2489583333333334;82
3.75;0.4989583333333334;84
4.5;0.030208333333333393;82
4.53125;0.2177083333333334;80
4.75;0.2489583333333334;79
5.0;0.2489583333333334;80
5.25;0.7489583333333334;87
