"Start";"Duration";"Pitch"
0.0;0.12395833333333334;76
0.125;0.030208333333333337;79
0.15625;0.21770833333333334;77
0.5;0.12395833333333328;76
0.625;0.4989583333333334;80
1.125;0.4989583333333334;81
1.625;0.4989583333333334;82
2.125;0.4989583333333334;83
2.625;0.4989583333333334;86
3.125;0.9989583333333334;84
4.125;0.9989583333333334;83
5.125;0.4989583333333334;81
