"Start";"Duration";"Pitch"
0.25;0.4989583333333333;91
0.75;0.24895833333333328;91
1.0;0.4989583333333334;93
1.75;0.4989583333333334;91
2.25;0.2489583333333334;91
2.5;0.4989583333333334;88
3.25;0.4989583333333334;89
3.75;0.2489583333333334;89
4.0;0.4989583333333334;91
4.75;0.4989583333333334;88
5.25;0.2489583333333334;88
5.5;0.4989583333333334;84
