"Start";"Duration";"Pitch"
0.0;0.49895833333333334;78
0.5;0.4989583333333333;86
1.0;0.2489583333333334;86
1.25;0.2489583333333334;86
1.5;0.2489583333333334;86
1.75;0.2489583333333334;86
2.0;0.4989583333333334;83
2.5;0.4989583333333334;83
3.0;0.4989583333333334;83
3.5;0.4989583333333334;85
4.0;0.2489583333333334;85
4.25;0.2489583333333334;85
4.5;0.2489583333333334;85
4.75;0.2489583333333334;85
5.0;1.4989583333333334;78
