"Start";"Duration";"Pitch"
0.0;0.24895833333333334;85
0.25;0.24895833333333334;87
0.5;0.24895833333333328;84
0.75;0.4989583333333334;85
1.25;0.2489583333333334;90
1.5;0.4989583333333334;90
2.0;0.2489583333333334;85
2.25;0.4989583333333334;85
3.0;0.2489583333333334;85
3.25;0.2489583333333334;87
3.5;0.2489583333333334;84
3.75;0.4989583333333334;85
4.25;0.2489583333333334;92
4.5;0.4989583333333334;92
5.0;0.2489583333333334;85
5.25;0.4989583333333334;85
