"Start";"Duration";"Pitch"
0.0;1.9989583333333334;82
2.0;0.9989583333333334;82
3.0;0.9989583333333334;82
4.0;1.9989583333333334;82
6.0;1.9989583333333334;78
8.0;1.9989583333333325;80
10.0;0.4989583333333325;78
10.5;0.4989583333333325;77
11.0;0.4989583333333325;75
11.5;0.4989583333333325;73
12.0;0.9989583333333325;78
13.0;0.9989583333333325;82
14.0;1.4989583333333325;80
