"Start";"Duration";"Pitch"
0.0;0.24895833333333334;93
0.25;0.24895833333333334;93
0.5;0.24895833333333328;87
0.75;0.24895833333333328;87
1.0;0.2489583333333334;90
1.25;0.7489583333333334;90
2.5;0.2489583333333334;88
2.75;0.2489583333333334;88
3.0;0.2489583333333334;87
3.25;0.2489583333333334;87
3.5;0.2489583333333334;84
3.75;0.2489583333333334;84
4.0;0.2489583333333334;83
4.25;0.7489583333333334;83
