"Start";"Duration";"Pitch"
0.0;0.24895833333333334;81
0.25;0.24895833333333334;81
0.5;0.9989583333333334;83
1.5;0.2489583333333334;81
1.75;0.2489583333333334;81
2.0;0.9989583333333334;83
3.0;0.2489583333333334;81
3.25;0.2489583333333334;81
3.5;0.4989583333333334;83
4.0;0.4989583333333334;84
4.5;0.4989583333333334;83
5.0;0.4989583333333334;84
5.5;0.9989583333333334;88
