"Start";"Duration";"Pitch"
0.0;0.24895833333333334;71
0.25;0.24895833333333334;76
0.5;0.4989583333333333;80
1.0;0.4989583333333334;83
1.5;0.4989583333333334;88
2.0;0.4989583333333334;92
3.0;0.4989583333333334;88
3.5;0.4989583333333334;92
