"Start";"Duration";"Pitch"
0.0;0.49895833333333334;81
0.5;1.9989583333333334;90
2.5;0.4989583333333334;88
3.0;0.4989583333333334;86
3.5;1.9989583333333334;88
5.5;0.4989583333333334;86
6.0;0.4989583333333334;85
6.5;1.9989583333333325;86
8.5;0.4989583333333325;90
9.0;0.4989583333333325;88
9.5;1.4989583333333325;86
11.0;0.4989583333333325;85
11.5;0.4989583333333325;88
12.0;0.4989583333333325;93
