"Start";"Duration";"Pitch"
0.0;0.49895833333333334;67
0.5;0.9989583333333334;72
1.5;0.4989583333333334;74
2.0;0.3739583333333334;75
2.375;0.12395833333333339;68
2.5;0.4989583333333334;70
3.0;0.4989583333333334;72
3.5;1.4989583333333334;75
5.0;1.4989583333333334;74
6.5;0.9989583333333334;73
