"Start";"Duration";"Pitch"
0.0;0.24895833333333334;75
0.25;0.24895833333333334;79
0.5;0.4989583333333333;82
1.0;0.4989583333333334;82
1.5;0.4989583333333334;82
2.0;0.4989583333333334;82
2.5;0.2489583333333334;84
2.75;0.2489583333333334;86
3.0;0.2489583333333334;87
3.25;0.2489583333333334;89
3.5;0.4989583333333334;91
4.0;0.4989583333333334;87
4.5;0.4989583333333334;84
5.0;0.9989583333333334;82
6.0;0.4989583333333334;87
