"Start";"Duration";"Pitch"
0.0;0.24895833333333334;69
0.25;0.24895833333333334;73
0.5;0.4989583333333333;76
1.5;0.2489583333333334;69
1.75;0.2489583333333334;73
2.0;0.4989583333333334;78
3.0;0.2489583333333334;75
3.25;0.2489583333333334;78
3.5;0.4989583333333334;83
4.5;0.4989583333333334;87
5.0;0.4989583333333334;88
