"Start";"Duration";"Pitch"
0.0;0.24895833333333334;82
0.25;0.24895833333333334;82
0.5;0.24895833333333328;82
0.75;0.24895833333333328;84
1.0;0.12395833333333339;82
1.125;0.12395833333333339;81
1.25;0.12395833333333339;79
1.375;0.12395833333333339;77
1.5;0.2489583333333334;79
1.75;0.2489583333333334;81
2.0;0.2489583333333334;82
2.25;0.2489583333333334;82
2.5;0.2489583333333334;84
2.75;0.2489583333333334;84
3.0;0.4989583333333334;86
3.5;0.2489583333333334;89
