"Start";"Duration";"Pitch"
0.0;0.24895833333333334;88
0.25;0.4989583333333333;80
0.75;0.24895833333333328;80
1.0;0.2489583333333334;80
1.25;0.2489583333333334;81
1.5;0.2489583333333334;83
1.75;0.4989583333333334;81
2.25;0.2489583333333334;81
2.5;0.4989583333333334;81
3.0;0.2489583333333334;88
3.25;0.4989583333333334;80
3.75;0.2489583333333334;80
4.0;0.2489583333333334;80
4.25;0.2489583333333334;81
4.5;0.2489583333333334;83
4.75;1.2489583333333334;81
