"Start";"Duration";"Pitch"
0.0;1.4989583333333334;90
1.5;0.7489583333333334;83
2.25;0.2489583333333334;82
2.5;0.2489583333333334;83
2.75;0.2489583333333334;85
3.0;1.4989583333333334;90
4.5;0.7489583333333334;83
5.25;0.2489583333333334;82
5.5;0.2489583333333334;83
5.75;0.2489583333333334;85
6.0;1.4989583333333334;86
7.5;0.4989583333333334;88
8.0;0.7489583333333325;89
8.75;0.2489583333333325;88
9.0;0.4989583333333325;86
9.5;0.9989583333333325;85
10.5;0.4989583333333325;86
