"Start";"Duration";"Pitch"
0.0;1.4989583333333334;91
1.5;0.4989583333333334;93
2.0;0.4989583333333334;91
2.5;0.4989583333333334;89
3.0;0.4989583333333334;88
3.5;0.4989583333333334;89
4.0;0.4989583333333334;91
4.5;1.4989583333333334;86
6.0;1.4989583333333334;91
7.5;0.4989583333333334;93
8.0;0.4989583333333325;91
8.5;0.4989583333333325;89
9.0;0.4989583333333325;88
9.5;0.4989583333333325;89
10.0;0.4989583333333325;91
10.5;0.4989583333333325;89
11.0;0.9989583333333325;84
