"Start";"Duration";"Pitch"
0.0;0.7489583333333333;77
0.75;1.4989583333333334;79
2.25;1.4989583333333334;72
3.75;2.2489583333333334;77
6.0;0.2489583333333334;77
6.25;0.2489583333333334;79
6.5;0.2489583333333334;81
6.75;1.4989583333333325;83
8.25;1.4989583333333325;84
9.75;2.2489583333333325;86
