"Start";"Duration";"Pitch"
0.0;1.9989583333333334;75
2.0;0.9989583333333334;79
3.0;0.4989583333333334;77
3.5;0.4989583333333334;79
4.0;2.4989583333333334;80
8.0;0.9989583333333325;80
9.0;0.4989583333333325;79
9.5;0.4989583333333325;77
10.0;2.4989583333333325;82
