"Start";"Duration";"Pitch"
0.0;0.49895833333333334;74
0.5;0.9989583333333334;79
1.5;0.4989583333333334;79
2.0;0.9989583333333334;77
3.0;0.4989583333333334;77
3.5;0.9989583333333334;76
4.5;0.4989583333333334;76
5.0;0.9989583333333334;75
6.0;0.4989583333333334;75
6.5;0.4989583333333334;74
7.0;0.4989583333333334;76
7.5;0.4989583333333334;79
8.0;0.4989583333333325;78
8.5;0.4989583333333325;76
9.0;0.4989583333333325;74
9.5;0.9989583333333325;76
10.5;0.4989583333333325;76
11.0;0.4989583333333325;78
