"Start";"Duration";"Pitch"
0.0;0.9989583333333333;87
1.0;0.4989583333333334;91
1.5;0.9989583333333334;89
2.5;0.4989583333333334;86
3.0;0.4989583333333334;87
3.5;0.4989583333333334;91
4.0;0.4989583333333334;94
4.5;0.9989583333333334;94
5.5;0.4989583333333334;89
6.0;0.9989583333333334;87
7.0;0.4989583333333334;91
7.5;0.9989583333333325;89
8.5;0.4989583333333325;86
9.0;0.2489583333333325;89
9.25;0.2489583333333325;87
9.5;0.4989583333333325;86
10.0;0.4989583333333325;84
