"Start";"Duration";"Pitch"
0.0;0.7489583333333333;72
0.75;0.24895833333333328;77
1.0;0.4989583333333334;81
1.5;0.4989583333333334;86
2.0;0.7489583333333334;84
2.75;0.2489583333333334;82
3.0;0.4989583333333334;79
3.5;0.4989583333333334;81
4.0;0.9989583333333334;77
5.0;0.9989583333333334;82
6.0;0.2489583333333334;81
