"Start";"Duration";"Pitch"
0.0;0.9989583333333333;93
1.0;0.4989583333333334;89
1.5;0.4989583333333334;91
2.0;0.7489583333333334;93
2.75;0.2489583333333334;93
3.0;0.9989583333333334;93
4.0;0.4989583333333334;77
4.5;0.4989583333333334;79
5.0;0.9989583333333334;81
6.0;0.9989583333333334;98
7.0;0.4989583333333334;94
7.5;0.4989583333333334;96
8.0;0.7489583333333325;98
8.75;0.2489583333333325;100
9.0;0.4989583333333325;101
