"Start";"Duration";"Pitch"
0.0;1.4989583333333334;88
1.5;0.4989583333333334;90
2.0;0.4989583333333334;91
2.5;0.4989583333333334;95
3.0;0.4989583333333334;93
3.5;0.4989583333333334;91
4.0;0.9989583333333334;90
5.0;4.9989583333333325;88
10.0;1.4989583333333325;93
11.5;0.4989583333333325;95
12.0;0.4989583333333325;96
12.5;0.4989583333333325;100
13.0;0.4989583333333325;98
13.5;0.4989583333333325;96
14.0;0.9989583333333325;95
15.0;0.9989583333333325;93
