"Start";"Duration";"Pitch"
0.0;0.9989583333333333;74
1.0;0.06145833333333339;75
1.0625;0.06145833333333339;77
1.125;0.06145833333333339;75
1.1875;0.06145833333333339;77
1.25;0.06145833333333339;75
1.3125;0.06145833333333339;77
1.375;0.06145833333333339;74
1.4375;0.06145833333333339;75
1.5;0.2489583333333334;77
2.0;0.2489583333333334;82
2.5;0.2489583333333334;79
3.0;0.2489583333333334;77
3.5;0.2489583333333334;82
4.0;0.2489583333333334;79
4.5;0.4989583333333334;77
