"Start";"Duration";"Pitch"
0.0;1.4989583333333334;93
1.5;0.4989583333333334;91
2.0;0.4989583333333334;89
2.5;0.4989583333333334;88
3.0;0.4989583333333334;86
3.5;0.4989583333333334;88
4.0;0.4989583333333334;89
4.5;0.4989583333333334;88
5.0;0.4989583333333334;86
5.5;0.4989583333333334;84
6.0;1.4989583333333334;88
7.5;0.9989583333333325;91
8.5;0.4989583333333325;91
9.0;2.9989583333333325;86
