"Start";"Duration";"Pitch"
0.5;0.9989583333333334;93
1.5;0.2489583333333334;96
2.5;0.4989583333333334;88
3.5;0.9989583333333334;91
4.5;0.2489583333333334;94
5.5;0.4989583333333334;93
6.5;0.9989583333333334;96
7.5;0.2489583333333334;100
8.5;0.4989583333333325;98
9.5;0.9989583333333325;96
10.5;0.2489583333333325;92
11.5;0.4989583333333325;93
