"Start";"Duration";"Pitch"
0.0;0.49895833333333334;62
0.5;0.9989583333333334;67
1.5;0.4989583333333334;69
2.0;0.9989583333333334;71
3.0;0.4989583333333334;74
3.5;0.9989583333333334;72
4.5;0.4989583333333334;71
5.0;0.9989583333333334;71
6.0;0.4989583333333334;74
6.5;0.9989583333333334;76
7.5;0.4989583333333334;74
8.0;0.9989583333333325;69
9.0;0.4989583333333325;74
9.5;0.9989583333333325;76
10.5;0.4989583333333325;74
11.0;0.9989583333333325;71
