"Start";"Duration";"Pitch"
0.0;0.7489583333333333;82
1.0;0.7489583333333334;87
2.0;0.7489583333333334;89
2.75;0.2489583333333334;91
3.0;0.7489583333333334;79
3.75;0.2489583333333334;80
4.0;0.9989583333333334;82
5.0;0.7489583333333334;87
5.75;0.2489583333333334;83
6.0;0.4989583333333334;86
7.0;0.9989583333333334;84
8.0;0.7489583333333325;80
8.75;0.2489583333333325;76
9.0;0.9989583333333325;79
10.0;0.9989583333333325;77
11.0;0.4989583333333325;79
11.5;0.4989583333333325;80
