"Start";"Duration";"Pitch"
0.0;0.24895833333333334;89
0.25;0.24895833333333334;91
0.5;0.24895833333333328;93
1.0;0.2489583333333334;84
1.5;0.2489583333333334;93
3.0;0.2489583333333334;91
3.25;0.2489583333333334;93
3.5;0.2489583333333334;94
4.0;0.2489583333333334;84
4.5;0.2489583333333334;94
6.0;0.4989583333333334;91
6.5;0.4989583333333334;93
7.0;0.4989583333333334;94
7.5;0.4989583333333334;101
8.0;0.4989583333333325;100
8.5;0.4989583333333325;98
9.0;0.4989583333333325;96
