"Start";"Duration";"Pitch"
0.5;0.9989583333333334;90
1.5;0.4989583333333334;88
2.0;1.4989583333333334;87
3.5;0.4989583333333334;85
4.0;1.4989583333333334;87
5.5;0.4989583333333334;85
6.0;0.9989583333333334;90
7.0;1.9989583333333325;83
9.0;0.4989583333333325;83
9.5;0.4989583333333325;82
10.0;0.9989583333333325;81
11.0;0.9989583333333325;85
12.0;0.9989583333333325;88
13.0;0.9989583333333325;97
14.0;1.9989583333333325;92
