"Start";"Duration";"Pitch"
0.0;0.24895833333333334;92
0.5;0.7489583333333334;91
1.25;0.2489583333333334;89
1.5;0.4989583333333334;87
2.0;1.4989583333333334;85
3.5;0.7489583333333334;84
4.25;0.2489583333333334;82
4.5;0.9989583333333334;82
5.5;0.9989583333333334;80
6.5;0.7489583333333334;82
7.25;0.2489583333333334;77
7.5;0.9989583333333325;80
8.5;0.9989583333333325;79
9.5;0.4989583333333325;80
10.0;0.4989583333333325;82
10.5;0.9989583333333325;83
11.5;0.4989583333333325;84
