"Start";"Duration";"Pitch"
0.0;0.24895833333333334;95
0.25;0.24895833333333334;98
0.5;0.4989583333333333;97
1.0;0.2489583333333334;92
1.25;0.2489583333333334;95
1.5;0.4989583333333334;93
2.0;0.4989583333333334;90
2.5;0.4989583333333334;88
3.0;0.4989583333333334;86
3.5;0.4989583333333334;85
4.0;0.9989583333333334;78
5.0;0.4989583333333334;80
5.5;0.9989583333333334;82
6.5;0.9989583333333334;77
