"Start";"Duration";"Pitch"
0.0;0.49895833333333334;91
0.5;0.4989583333333333;100
1.0;0.7489583333333334;96
1.75;0.2489583333333334;91
2.0;0.7489583333333334;91
2.75;0.2489583333333334;93
3.0;0.7489583333333334;91
3.75;0.2489583333333334;91
4.0;0.4989583333333334;91
4.5;0.7489583333333334;103
5.25;0.2489583333333334;100
5.5;0.2489583333333334;96
5.75;0.2489583333333334;93
6.0;0.7489583333333334;91
6.75;0.2489583333333334;98
7.0;0.7489583333333334;96
