"Start";"Duration";"Pitch"
0.0;0.49895833333333334;89
0.5;0.4989583333333333;91
1.0;0.4989583333333334;93
1.5;1.4989583333333334;94
3.0;0.4989583333333334;88
3.5;0.4989583333333334;89
4.0;0.4989583333333334;91
4.5;1.4989583333333334;93
6.0;0.4989583333333334;89
6.5;0.4989583333333334;91
7.0;0.4989583333333334;93
7.5;0.2489583333333334;96
8.5;0.9989583333333325;96
9.5;0.7489583333333325;94
10.25;0.2489583333333325;94
10.5;1.4989583333333325;93
