"Start";"Duration";"Pitch"
0.0;0.49895833333333334;79
0.5;0.9989583333333334;72
1.5;0.4989583333333334;79
2.0;0.9989583333333334;72
3.0;0.4989583333333334;79
3.5;0.4989583333333334;71
4.25;0.2489583333333334;83
4.5;1.4989583333333334;83
6.0;0.4989583333333334;79
6.5;0.9989583333333334;71
7.5;0.4989583333333334;79
8.0;0.9989583333333325;71
9.0;0.4989583333333325;79
9.5;0.4989583333333325;72
10.25;0.2489583333333325;84
10.5;1.4989583333333325;84
