"Start";"Duration";"Pitch"
0.0;0.9989583333333333;97
1.0;0.4989583333333334;92
1.5;0.2489583333333334;93
1.75;0.2489583333333334;92
2.0;0.7489583333333334;95
2.75;0.2489583333333334;95
3.0;1.4989583333333334;89
4.5;0.2489583333333334;88
4.75;0.2489583333333334;89
5.0;0.4989583333333334;90
5.5;0.4989583333333334;96
6.0;0.7489583333333334;91
6.75;0.2489583333333334;92
7.0;1.4989583333333325;93
