"Start";"Duration";"Pitch"
0.0;0.9989583333333333;95
1.0;0.2489583333333334;93
1.25;0.2489583333333334;92
1.5;2.9989583333333334;92
4.5;0.4989583333333334;88
5.0;0.4989583333333334;92
5.5;0.4989583333333334;95
6.0;0.9989583333333334;97
7.0;0.2489583333333334;99
7.25;0.2489583333333334;100
7.5;2.9989583333333325;100
10.5;1.4989583333333325;104
12.0;0.9989583333333325;97
13.0;0.2489583333333325;95
13.25;0.2489583333333325;93
13.5;1.4989583333333325;95
