"Start";"Duration";"Pitch"
0.0;0.9989583333333333;87
1.0;0.9989583333333334;92
2.0;0.9989583333333334;87
3.0;0.9989583333333334;89
4.0;1.9989583333333334;87
6.0;1.9989583333333334;84
8.0;0.9989583333333325;87
9.0;0.9989583333333325;80
10.0;0.9989583333333325;84
11.0;0.030208333333332504;87
11.03125;0.9677083333333325;85
12.0;3.9989583333333325;84
