"Start";"Duration";"Pitch"
0.0;1.4989583333333334;84
1.5;0.2489583333333334;85
1.75;0.2489583333333334;80
2.0;2.4989583333333334;76
4.5;0.2489583333333334;77
4.875;0.12395833333333339;78
5.0;1.4989583333333334;75
6.5;0.2489583333333334;75
6.875;0.12395833333333339;76
7.0;2.9989583333333325;73
