"Start";"Duration";"Pitch"
0.0;1.4989583333333334;77
1.5;1.4989583333333334;82
3.0;1.4989583333333334;81
4.5;1.4989583333333334;79
6.0;0.4989583333333334;81
6.5;0.4989583333333334;82
7.0;0.4989583333333334;84
7.5;1.4989583333333325;79
9.0;0.4989583333333325;81
9.5;0.4989583333333325;82
10.0;0.4989583333333325;84
10.5;1.4989583333333325;77
