"Start";"Duration";"Pitch"
0.5;0.4989583333333333;97
1.0;0.4989583333333334;97
1.5;0.4989583333333334;97
2.0;0.4989583333333334;97
2.5;0.2489583333333334;95
2.75;0.2489583333333334;93
3.0;1.4989583333333334;95
4.5;0.4989583333333334;100
5.0;0.4989583333333334;100
5.5;0.4989583333333334;100
6.0;0.4989583333333334;100
6.5;0.2489583333333334;98
6.75;0.2489583333333334;97
7.0;1.9989583333333325;98
9.0;0.9989583333333325;97
10.0;2.4989583333333325;97
