"Start";"Duration";"Pitch"
0.0;0.7489583333333333;78
0.75;0.24895833333333328;79
1.0;1.9989583333333334;88
3.0;0.7489583333333334;83
3.75;0.2489583333333334;84
4.0;1.9989583333333334;84
6.0;0.7489583333333334;83
6.75;0.2489583333333334;84
7.0;0.9989583333333334;79
8.0;0.2489583333333325;83
8.25;0.2489583333333325;84
8.5;0.9989583333333325;79
9.5;0.2489583333333325;83
9.75;0.2489583333333325;84
10.0;1.9989583333333325;77
