"Start";"Duration";"Pitch"
0.0;0.7489583333333333;93
0.75;0.24895833333333328;93
1.0;0.4989583333333334;93
2.0;0.9989583333333334;93
3.0;0.7489583333333334;93
3.75;0.2489583333333334;93
4.0;0.4989583333333334;93
5.0;0.9989583333333334;92
6.0;0.7489583333333334;92
6.75;0.2489583333333334;92
7.0;0.4989583333333334;92
8.0;0.9989583333333325;90
9.0;0.7489583333333325;90
9.75;0.2489583333333325;90
10.0;0.4989583333333325;90
11.0;0.4989583333333325;88
