"Start";"Duration";"Pitch"
0.0;1.9989583333333334;77
2.0;0.9989583333333334;75
3.0;0.9989583333333334;73
4.0;2.4989583333333334;72
6.5;0.4989583333333334;70
7.0;0.4989583333333334;72
7.5;0.4989583333333334;73
8.0;0.9989583333333325;72
9.0;0.4989583333333325;70
9.5;0.4989583333333325;68
10.0;0.9989583333333325;67
11.0;0.9989583333333325;67
12.0;3.7489583333333325;68
