"Start";"Duration";"Pitch"
0.0;0.9989583333333333;91
1.0;0.2489583333333334;90
1.25;0.2489583333333334;91
1.5;0.9989583333333334;100
3.0;0.9989583333333334;91
4.0;0.2489583333333334;90
4.25;0.2489583333333334;91
4.5;0.9989583333333334;101
6.0;0.9989583333333334;100
7.0;0.2489583333333334;98
7.25;0.2489583333333334;95
7.5;0.9989583333333325;89
9.0;0.9989583333333325;98
10.0;0.2489583333333325;96
10.25;0.2489583333333325;88
10.5;0.9989583333333325;91
