"Start";"Duration";"Pitch"
0.0;0.37395833333333334;101
0.375;0.12395833333333334;97
0.5;0.4989583333333333;100
1.0;0.4989583333333334;96
2.0;0.3739583333333334;101
2.375;0.12395833333333339;97
2.5;0.4989583333333334;100
3.0;0.4989583333333334;96
4.0;0.4989583333333334;96
4.5;1.4989583333333334;108
6.0;0.3739583333333334;106
6.375;0.12395833333333339;103
6.5;1.4989583333333334;105
8.0;0.3739583333333325;103
8.375;0.1239583333333325;100
8.5;0.4989583333333325;101
9.0;0.7489583333333325;98
