"Start";"Duration";"Pitch"
0.0;0.49895833333333334;86
0.5;0.4989583333333333;85
1.0;0.4989583333333334;88
1.5;1.4989583333333334;86
3.0;0.4989583333333334;86
3.5;0.4989583333333334;85
4.0;0.4989583333333334;88
4.5;1.4989583333333334;86
6.0;0.4989583333333334;86
6.5;0.4989583333333334;88
7.0;0.4989583333333334;90
7.5;0.9989583333333325;91
8.5;0.4989583333333325;95
9.0;0.4989583333333325;93
9.5;0.4989583333333325;95
10.0;0.4989583333333325;93
10.5;1.4989583333333325;86
