"Start";"Duration";"Pitch"
0.0;1.2489583333333334;74
1.25;0.4989583333333334;76
1.75;0.4989583333333334;74
2.25;0.9989583333333334;81
3.25;1.4989583333333334;74
4.75;0.4989583333333334;76
5.25;0.4989583333333334;74
5.75;1.2489583333333334;85
7.0;0.4989583333333334;86
