"Start";"Duration";"Pitch"
0.0;0.24895833333333334;69
0.25;0.24895833333333334;73
0.5;0.6239583333333334;74
1.5;0.6239583333333334;76
2.5;0.2489583333333334;78
2.75;0.3739583333333334;81
3.125;0.12395833333333339;78
3.25;0.12395833333333339;74
3.375;0.12395833333333339;73
3.5;0.7489583333333334;71
4.25;0.2489583333333334;71
4.5;0.12395833333333339;69
4.625;0.12395833333333339;71
4.75;0.12395833333333339;73
4.875;0.12395833333333339;74
5.0;0.4989583333333334;79
