"Start";"Duration";"Pitch"
0.0;0.49895833333333334;86
1.0;0.4989583333333334;84
1.5;0.9989583333333334;84
2.5;0.4989583333333334;77
3.0;0.4989583333333334;86
4.0;0.4989583333333334;84
4.5;0.9989583333333334;84
5.5;0.4989583333333334;76
6.0;0.4989583333333334;86
7.0;0.4989583333333334;84
7.5;1.4989583333333325;88
9.0;0.9989583333333325;91
10.0;0.4989583333333325;82
10.5;1.4989583333333325;81
