"Start";"Duration";"Pitch"
0.0;1.9989583333333334;74
2.0;1.2489583333333334;90
3.25;0.2489583333333334;88
3.5;0.2489583333333334;90
3.75;0.2489583333333334;91
4.0;0.7489583333333334;90
4.75;0.2489583333333334;88
5.0;0.2489583333333334;90
5.25;0.2489583333333334;91
5.5;0.12395833333333339;88
5.625;0.12395833333333339;90
5.75;0.12395833333333339;86
5.875;0.12395833333333339;88
6.0;0.9989583333333334;85
7.0;0.4989583333333334;83
7.5;1.4989583333333325;83
