"Start";"Duration";"Pitch"
0.0;0.49895833333333334;82
0.5;0.4989583333333333;80
1.0;0.12395833333333339;79
1.125;0.12395833333333339;82
1.25;0.12395833333333339;86
1.375;0.12395833333333339;87
1.5;0.4989583333333334;92
2.0;0.6239583333333334;91
3.5;0.4989583333333334;83
4.0;0.4989583333333334;77
4.5;0.12395833333333339;80
4.625;0.12395833333333339;92
4.75;0.2489583333333334;91
5.0;0.4989583333333334;90
5.5;0.12395833333333339;89
