"Start";"Duration";"Pitch"
0.0;0.9989583333333333;82
1.0;2.9989583333333334;94
4.0;0.9989583333333334;99
5.0;2.9989583333333334;89
8.0;0.9989583333333325;84
9.0;2.9989583333333325;96
12.0;0.9989583333333325;106
13.0;2.9989583333333325;103
