"Start";"Duration";"Pitch"
0.0;0.24895833333333334;86
0.5;0.16562500000000002;86
0.6666666666666666;0.16562500000000002;86
0.8333333333333334;0.1656249999999999;86
1.0;0.2489583333333334;88
1.5;0.2489583333333334;88
2.0;0.2489583333333334;90
2.5;0.2489583333333334;86
3.0;0.9989583333333334;88
