"Start";"Duration";"Pitch"
0.0;0.49895833333333334;76
0.5;0.16562500000000002;77
0.6666666666666666;0.16562500000000002;78
0.8333333333333334;0.1656249999999999;79
1.0;0.2489583333333334;84
1.25;0.2489583333333334;88
1.5;0.4989583333333334;91
2.0;1.9989583333333334;96
4.0;0.3739583333333334;88
4.375;0.12395833333333339;96
4.5;0.4989583333333334;98
5.0;1.4989583333333334;96
6.5;0.9989583333333334;91
