"Start";"Duration";"Pitch"
0.5;0.7489583333333334;73
1.25;0.2489583333333334;71
1.5;0.9989583333333334;74
2.5;0.4989583333333334;73
3.5;0.7489583333333334;73
4.25;0.2489583333333334;71
4.5;0.9989583333333334;74
5.5;0.4989583333333334;73
6.5;0.7489583333333334;71
7.25;0.2489583333333334;70
7.5;0.9989583333333325;73
8.5;0.4989583333333325;71
9.5;0.4989583333333325;70
10.0;0.4989583333333325;71
10.5;1.4989583333333325;76
