"Start";"Duration";"Pitch"
0.0;0.8739583333333333;72
0.875;0.12395833333333328;72
1.0;0.8739583333333334;75
1.875;0.06145833333333339;74
1.9375;0.06145833333333339;72
2.0;0.9989583333333334;80
3.0;0.4989583333333334;72
3.5;0.3739583333333334;70
3.875;0.12395833333333339;68
4.0;0.8739583333333334;75
4.875;0.12395833333333339;75
5.0;0.8739583333333334;77
5.875;0.06145833333333339;75
5.9375;0.06145833333333339;77
6.0;0.4989583333333334;79
