"Start";"Duration";"Pitch"
0.0;0.7489583333333333;78
0.75;0.08229166666666665;77
0.8333333333333334;0.08229166666666665;78
0.9166666666666666;0.08229166666666665;80
1.0;0.08229166666666665;78
1.0833333333333333;0.7489583333333334;87
1.8333333333333333;0.24895833333333317;82
2.0833333333333335;0.49895833333333295;85
2.5833333333333335;1.248958333333333;75
3.8333333333333335;0.24895833333333295;77
4.083333333333333;1.4989583333333334;78
