"Start";"Duration";"Pitch"
0.0;0.49895833333333334;91
0.5;0.4989583333333333;90
1.0;0.4989583333333334;88
1.5;0.4989583333333334;86
2.0;0.4989583333333334;88
2.5;0.4989583333333334;90
3.0;0.4989583333333334;91
3.5;0.4989583333333334;90
4.0;0.4989583333333334;88
4.5;0.4989583333333334;86
5.0;0.9989583333333334;84
