"Start";"Duration";"Pitch"
0.0;0.49895833333333334;81
0.5;0.4989583333333333;87
1.0;0.4989583333333334;81
1.5;0.4989583333333334;87
2.0;0.4989583333333334;81
2.5;0.4989583333333334;90
3.0;0.4989583333333334;89
3.5;0.4989583333333334;87
4.0;0.4989583333333334;81
4.5;0.4989583333333334;87
5.0;0.4989583333333334;81
5.5;0.4989583333333334;87
6.0;0.4989583333333334;81
6.5;0.4989583333333334;90
7.0;0.4989583333333334;89
7.5;0.4989583333333334;87
