"Start";"Duration";"Pitch"
0.0;0.9989583333333333;90
1.0;0.4989583333333334;85
1.5;0.9989583333333334;88
2.5;0.4989583333333334;83
3.0;0.9989583333333334;86
4.0;0.4989583333333334;79
4.5;0.09895833333333304;97
4.6;0.09895833333333393;98
4.7;0.09895833333333304;97
4.8;0.09895833333333304;98
4.9;0.09895833333333304;97
5.0;0.2489583333333334;96
5.5;0.2489583333333334;97
