"Start";"Duration";"Pitch"
0.0;0.030208333333333334;76
0.03125;0.9677083333333333;88
1.0;0.12395833333333339;86
1.125;0.12395833333333339;84
1.25;0.7489583333333334;83
2.0;0.12395833333333339;84
2.125;0.12395833333333339;83
2.25;0.2489583333333334;81
2.5;0.2489583333333334;81
2.75;0.2489583333333334;84
3.0;0.9989583333333334;83
