"Start";"Duration";"Pitch"
0.0;0.49895833333333334;83
0.5;0.12395833333333328;90
0.625;0.12395833333333328;90
0.75;0.24895833333333328;90
1.25;0.4989583333333334;83
1.75;0.2489583333333334;85
2.0;0.3739583333333334;86
2.375;0.12395833333333339;85
2.5;0.2489583333333334;83
3.0;0.2489583333333334;86
3.25;0.2489583333333334;85
3.5;0.2489583333333334;83
3.75;0.3739583333333334;86
4.125;0.12395833333333339;85
4.25;0.4989583333333334;83
