"Start";"Duration";"Pitch"
0.0;0.24895833333333334;56
0.25;0.24895833333333334;56
0.5;0.24895833333333328;56
0.75;0.24895833333333328;56
1.0;0.2489583333333334;61
1.25;0.2489583333333334;61
1.5;0.2489583333333334;65
1.75;0.2489583333333334;68
2.0;0.2489583333333334;73
2.25;0.9989583333333334;77
3.25;0.2489583333333334;75
3.5;0.2489583333333334;73
3.75;0.7489583333333334;72
4.5;0.2489583333333334;73
4.75;0.2489583333333334;75
5.0;0.2489583333333334;77
5.25;0.7489583333333334;78
